doc_id,hotel_name,hotel_url,street,city,state,country,zip,class,price,num_reviews,CLEANLINESS,ROOM,SERVICE,LOCATION,VALUE,COMFORT,overall_ratingsource
china_beijing_holiday_inn_central_plaza,holiday inn central plaza,http://www.tripadvisor.com/ShowUserReviews-g294212-d325490-r50542688-Holiday_Inn_Central_Plaza-Beijing.html,no.1 caiyuan street  xuanwu district,beijing,-1,China,100053,-1,-1,247,4.786407766990291,4.631067961165049,4.733009708737864,3.5533980582524274,4.699029126213592,0.0,4.480582524271844,
china_beijing_hilton_beijing_wangfujing,hilton beijing wangfujing,http://www.tripadvisor.com/ShowUserReviews-g294212-d1146087-r50273481-Hilton_Beijing_Wangfujing-Beijing.html,no.8 wangfujing east street   dongcheng,beijing,-1,China,100006,-1,-1,74,4.810344827586207,4.844827586206897,4.758620689655173,4.827586206896552,4.517241379310345,0.0,4.751724137931035,
china_beijing_hotel_g,hotel g,http://www.tripadvisor.com/ShowUserReviews-g294212-d1082334-r50531611-Hotel_G-Beijing.html,a7 worker's stadium  chaoyang district,beijing,-1,China,100020,-1,-1,110,4.769230769230769,4.75,4.576923076923077,4.375,4.653846153846154,0.0,4.625,
china_beijing_the_regent_beijing,the regent beijing,http://www.tripadvisor.com/ShowUserReviews-g294212-d635006-r50458177-The_Regent_Beijing-Beijing.html,no.99 jinbao street  dongcheng district,beijing,-1,China,100005,-1,-1,111,4.625,4.8125,4.4375,4.645833333333333,4.53125,0.0,4.610416666666667,
china_beijing_the_st_regis_beijing,the st regis beijing,http://www.tripadvisor.com/ShowUserReviews-g294212-d301770-r50348913-The_St_Regis_Beijing-Beijing.html,no.21jianguomenwai street  chaoyang district,beijing,-1,China,100020,-1,-1,89,4.846153846153846,4.6461538461538465,4.615384615384615,4.492307692307692,4.184615384615385,0.0,4.556923076923077,
china_beijing_park_plaza_beijing_wangfujing,park plaza beijing wangfujing,http://www.tripadvisor.com/ShowUserReviews-g294212-d595677-r50553853-Park_Plaza_Beijing_Wangfujing-Beijing.html,no.97 jinbao street  dongcheng district,beijing,-1,China,100005,-1,-1,280,4.796610169491525,4.6059322033898304,4.512711864406779,4.610169491525424,4.584745762711864,0.0,4.622033898305085,
china_beijing_the_ritz_carlton_huamao_center,the ritz carlton huamao center,http://www.tripadvisor.com/ShowUserReviews-g294212-d603514-r48805897-The_Ritz_Carlton_Huamao_Center-Beijing.html,no.83a jianguo road  chaoyang district,beijing,-1,China,100025,-1,-1,33,4.925925925925926,4.814814814814815,4.7407407407407405,3.962962962962963,4.555555555555555,0.0,4.6,
china_beijing_the_opposite_house,the opposite house,http://www.tripadvisor.com/ShowUserReviews-g294212-d1144145-r48761051-The_Opposite_House-Beijing.html,building 1  no.11 sanlitun road,beijing,-1,China,100027,-1,-1,32,4.966666666666667,4.866666666666666,4.8,4.7,4.366666666666666,0.0,4.739999999999999,
china_beijing_double_happiness_courtyard_hotel,double happiness courtyard hotel,http://www.tripadvisor.com/ShowUserReviews-g294212-d813642-r50556359-Double_Happiness_Courtyard_Hotel-Beijing.html,no.37 dongsi sitiao  dongcheng district,beijing,-1,China,100010,-1,-1,35,4.666666666666667,4.333333333333333,4.606060606060606,4.242424242424242,4.454545454545454,0.0,4.460606060606061,
china_beijing_intercontinental_financial_street_beijing,intercontinental financial street beijing,http://www.tripadvisor.com/ShowUserReviews-g294212-d573849-r47561902-InterContinental_Financial_Street_Beijing-Beijing.html,no.11 financial street  xicheng district,beijing,-1,China,100140,-1,-1,69,4.80327868852459,4.819672131147541,4.508196721311475,3.80327868852459,4.409836065573771,0.0,4.468852459016393,
china_beijing_michael_s_house_in_beijing,michael s house in beijing,http://www.tripadvisor.com/ShowUserReviews-g294212-d1201658-r50274125-Michael_s_House_In_Beijing-Beijing.html,s.yard no.1 zhiqiang north garden  haidian district,beijing,-1,China,100088,-1,-1,42,4.675,4.475,4.775,4.125,4.575,0.0,4.525,
china_beijing_spring_garden_courtyard_hotel,spring garden courtyard hotel,http://www.tripadvisor.com/ShowUserReviews-g294212-d634446-r50188021-Spring_Garden_Courtyard_Hotel-Beijing.html,no.11 xisi beiliutiao hutong  xisibei dajie  xi cheng dist.,beijing,-1,China,100034,-1,-1,20,4.611111111111111,4.388888888888889,4.777777777777778,4.388888888888889,4.444444444444445,0.0,4.522222222222222,
china_beijing_grand_hyatt_beijing,grand hyatt beijing,http://www.tripadvisor.com/ShowUserReviews-g294212-d305304-r50209402-Grand_Hyatt_Beijing-Beijing.html,no 1 chang'an avenue dongcheng district,beijing,-1,China,100738,-1,-1,201,4.675324675324675,4.383116883116883,4.318181818181818,4.824675324675325,4.103896103896104,0.0,4.461038961038961,
china_beijing_raffles_beijing_hotel,raffles beijing hotel,http://www.tripadvisor.com/ShowUserReviews-g294212-d630817-r50008013-Raffles_Beijing_Hotel-Beijing.html,no.33 east chang'an street,beijing,-1,China,100004,-1,-1,102,4.663043478260869,4.630434782608695,4.326086956521739,4.8478260869565215,4.217391304347826,0.0,4.53695652173913,
china_beijing_courtyard_7,courtyard 7,http://www.tripadvisor.com/ShowUserReviews-g294212-d1141369-r50482432-Courtyard_7-Beijing.html,no.7 qian gulouyuan lane  dongcheng district,beijing,-1,China,100009,-1,-1,14,4.8,4.4,4.8,4.6,4.6,0.0,4.64,
china_beijing_kellys_courtyard,kellys courtyard,http://www.tripadvisor.com/ShowUserReviews-g294212-d1202077-r48012316-Kellys_Courtyard-Beijing.html,no.25 xiaoyuan hutong of bingmasi hutong  xidan north street  xicheng district,beijing,-1,China,100034,-1,-1,8,4.875,4.5,5.0,4.375,4.875,0.0,4.725,
china_beijing_the_ritz_carlton_beijing_financial_street,the ritz carlton beijing financial street,http://www.tripadvisor.com/ShowUserReviews-g294212-d604488-r48265831-The_Ritz_Carlton_Beijing_Financial_Street-Beijing.html,no.1 east jinchengfang street  financial street  xicheng district,beijing,-1,China,100032,-1,-1,30,4.884615384615385,4.923076923076923,4.653846153846154,3.923076923076923,4.576923076923077,0.0,4.592307692307692,
china_beijing_templeside_deluxe_hutong_house_hotel,templeside deluxe hutong house hotel,http://www.tripadvisor.com/ShowUserReviews-g294212-d1174822-r48790101-Templeside_Deluxe_Hutong_House_Hotel-Beijing.html,no.2 baita alley  zhaodengyu road  xicheng district,beijing,-1,China,100034,-1,-1,8,4.75,4.75,5.0,4.75,4.5,0.0,4.75,
china_beijing_the_peninsula_beijing,the peninsula beijing,http://www.tripadvisor.com/ShowUserReviews-g294212-d302020-r50540350-The_Peninsula_Beijing-Beijing.html,no.8 jinyu alley  wangfujing  dongcheng district,beijing,-1,China,100006,-1,-1,216,4.701492537313433,4.335820895522388,4.462686567164179,4.656716417910448,4.067164179104478,0.0,4.444776119402985,
china_beijing_sofitel_wanda_beijing,sofitel wanda beijing,http://www.tripadvisor.com/ShowUserReviews-g294212-d658810-r49784134-Sofitel_Wanda_Beijing-Beijing.html,no.93 jianguo road  tower c wanda plaza  chaoyang district,beijing,-1,China,100022,-1,-1,48,4.6976744186046515,4.534883720930233,4.232558139534884,3.953488372093023,4.232558139534884,0.0,4.330232558139535,
china_beijing_china_world_hotel,china world hotel,http://www.tripadvisor.com/ShowUserReviews-g294212-d302139-r50484028-China_World_Hotel-Beijing.html,no.1 jianguomenwai main street  chaoyang district,beijing,-1,China,100004,-1,-1,79,4.490566037735849,4.452830188679245,4.09433962264151,4.150943396226415,3.8679245283018866,0.0,4.211320754716981,
china_beijing_legendale_hotel_beijing,legendale hotel beijing,http://www.tripadvisor.com/ShowUserReviews-g294212-d1200091-r42893679-Legendale_Hotel_Beijing-Beijing.html,no.90-92 jinbao street dongcheng district,beijing,-1,China,100005,-1,-1,2,5.0,5.0,4.0,5.0,5.0,0.0,4.8,
china_beijing_marriott_hotel_beijing_city_wall,marriott hotel beijing city wall,http://www.tripadvisor.com/ShowUserReviews-g294212-d1166502-r50126161-Marriott_Hotel_Beijing_City_Wall-Beijing.html,no.7 jianguomen south main street  dongcheng district,beijing,-1,China,100005,-1,-1,33,4.515151515151516,4.606060606060606,4.121212121212121,4.03030303030303,4.0606060606060606,0.0,4.2666666666666675,
china_beijing_intercontinental_beijing_beichen,intercontinental beijing beichen,http://www.tripadvisor.com/ShowUserReviews-g294212-d1113109-r47732079-InterContinental_Beijing_Beichen-Beijing.html,no.8 north sihuan middle road  chaoyang district,beijing,-1,China,100105,-1,-1,18,4.823529411764706,4.647058823529412,4.529411764705882,3.823529411764706,4.647058823529412,0.0,4.4941176470588236,
china_beijing_beijing_sihe_courtyard_hotel,beijing sihe courtyard hotel,http://www.tripadvisor.com/ShowUserReviews-g294212-d653138-r50476051-Beijing_Sihe_Courtyard_Hotel-Beijing.html,no.5 dengcao hutong dongsi south street  dongcheng district,beijing,-1,China,100010,-1,-1,75,4.432835820895522,4.208955223880597,4.462686567164179,4.3283582089552235,4.149253731343284,0.0,4.316417910447761,
china_beijing_kapok_hotel,kapok hotel,http://www.tripadvisor.com/ShowUserReviews-g294212-d793789-r49900023-Kapok_Hotel-Beijing.html,no.16 donghuamen street  dongcheng district,beijing,-1,China,100006,-1,-1,113,4.3428571428571425,4.3619047619047615,3.8190476190476192,4.685714285714286,4.352380952380952,0.0,4.312380952380952,
china_beijing_bamboo_garden_hotel,bamboo garden hotel,http://www.tripadvisor.com/ShowUserReviews-g294212-d302853-r46511714-Bamboo_Garden_Hotel-Beijing.html,no.24 xiaoshiqiao alley  jiugulou street xicheng district,beijing,-1,China,100009,-1,-1,54,4.564102564102564,4.333333333333333,4.384615384615385,4.102564102564102,4.410256410256411,0.0,4.3589743589743595,
china_beijing_hotel_new_otani_chang_fu_gong,hotel new otani chang fu gong,http://www.tripadvisor.com/ShowUserReviews-g294212-d301008-r50106054-Hotel_New_Otani_Chang_Fu_Gong-Beijing.html,no.26 jianguomenwai main street  chaoyang district,beijing,-1,China,100022,-1,-1,35,4.206896551724138,4.103448275862069,3.9655172413793105,4.275862068965517,3.9655172413793105,0.0,4.103448275862069,
china_beijing_pullman_beijing_west_wanda,pullman beijing west wanda,http://www.tripadvisor.com/ShowUserReviews-g294212-d1218787-r47910980-Pullman_Beijing_West_Wanda-Beijing.html,no.18 shijingshan road shijingshan district,beijing,-1,China,100040,-1,-1,10,4.777777777777778,5.0,4.777777777777778,3.7777777777777777,5.0,0.0,4.666666666666667,
china_beijing_renaissance_beijing_capital_hotel,renaissance beijing capital hotel,http://www.tripadvisor.com/ShowUserReviews-g294212-d1164295-r49224826-Renaissance_Beijing_Capital_Hotel-Beijing.html,no.61 dongsanhuan middle road  chaoyang district,beijing,-1,China,100022,-1,-1,20,4.85,4.7,4.7,4.1,4.4,0.0,4.55,
china_beijing_jw_marriott_hotel_beijing,jw marriott hotel beijing,http://www.tripadvisor.com/ShowUserReviews-g294212-d813649-r48313595-JW_Marriott_Hotel_Beijing-Beijing.html,no.83 jianguo road  chaoyang district  huamao center,beijing,-1,China,100025,-1,-1,47,4.6923076923076925,4.717948717948718,3.8974358974358974,4.0256410256410255,4.051282051282051,0.0,4.276923076923078,
china_beijing_shangri_la_hotel_beijing,shangri la hotel beijing,http://www.tripadvisor.com/ShowUserReviews-g294212-d302137-r43657507-Shangri_La_Hotel_Beijing-Beijing.html,no.29 zizhuyuan road  haidian district,beijing,-1,China,100089,-1,-1,50,4.457142857142857,4.314285714285714,4.257142857142857,2.657142857142857,3.8857142857142857,0.0,3.9142857142857137,
china_beijing_crowne_plaza_hotel_beijing,crowne plaza hotel beijing,http://www.tripadvisor.com/ShowUserReviews-g294212-d302934-r49524630-Crowne_Plaza_Hotel_Beijing-Beijing.html,no.48 wangfujing main street  dongcheng district,beijing,-1,China,100006,-1,-1,149,4.4672897196261685,4.299065420560748,4.158878504672897,4.663551401869159,4.11214953271028,0.0,4.34018691588785,
china_beijing_the_westin_beijing_financial_street,the westin beijing financial street,http://www.tripadvisor.com/ShowUserReviews-g294212-d615969-r50324071-The_Westin_Beijing_Financial_Street-Beijing.html,no.9b financial street  xicheng district,beijing,-1,China,100032,-1,-1,89,4.783132530120482,4.650602409638554,4.313253012048193,3.7228915662650603,4.132530120481928,0.0,4.320481927710844,
china_beijing_hilton_beijing,hilton beijing,http://www.tripadvisor.com/ShowUserReviews-g294212-d305313-r50141040-Hilton_Beijing-Beijing.html,no.1 dongfang road  dong sanhuan north road  chaoyang district,beijing,-1,China,100027,-1,-1,67,4.627450980392157,4.431372549019608,4.509803921568627,3.803921568627451,4.0588235294117645,0.0,4.286274509803922,
china_beijing_crowne_plaza_hotel_zhongguancun,crowne plaza hotel zhongguancun,http://www.tripadvisor.com/ShowUserReviews-g294212-d1145923-r50557627-Crowne_Plaza_Hotel_Zhongguancun-Beijing.html,no.106 zhichun road  haidian district,beijing,-1,China,100086,-1,-1,9,4.571428571428571,4.857142857142857,4.571428571428571,4.142857142857143,4.428571428571429,0.0,4.514285714285714,
china_beijing_the_emperor,the emperor,http://www.tripadvisor.com/ShowUserReviews-g294212-d1022232-r49757933-The_Emperor-Beijing.html,no.33 qihelou street  dongcheng district,beijing,-1,China,100006,-1,-1,17,4.428571428571429,4.428571428571429,4.0,4.642857142857143,3.857142857142857,0.0,4.271428571428572,
china_beijing_shangri_la_kerry_centre_hotel,shangri la kerry centre hotel,http://www.tripadvisor.com/ShowUserReviews-g294212-d302144-r48044290-Shangri_la_Kerry_Centre_Hotel-Beijing.html,no.1 guanghua road  chaoyang district,beijing,-1,China,100020,-1,-1,56,4.416666666666667,4.194444444444445,4.138888888888889,3.9166666666666665,3.7222222222222223,0.0,4.0777777777777775,
china_beijing_sunworld_hotel_beijing,sunworld hotel beijing,http://www.tripadvisor.com/ShowUserReviews-g294212-d317867-r48953271-Sunworld_Hotel_Beijing-Beijing.html,no.88 dengshikou main street  dongcheng district,beijing,-1,China,100006,-1,-1,32,4.333333333333333,4.166666666666667,4.333333333333333,4.444444444444445,4.444444444444445,0.0,4.344444444444445,
china_beijing_jade_garden_hotel,jade garden hotel,http://www.tripadvisor.com/ShowUserReviews-g294212-d505947-r49454399-Jade_Garden_Hotel-Beijing.html,no.1 nanheyan street  dongcheng district,beijing,-1,China,100006,-1,-1,14,4.416666666666667,3.9166666666666665,3.8333333333333335,4.75,3.8333333333333335,0.0,4.15,
china_beijing_grand_hotel_beijing,grand hotel beijing,http://www.tripadvisor.com/ShowUserReviews-g294212-d302012-r50204760-Grand_Hotel_Beijing-Beijing.html,no.35 east chang'an street  dongcheng district,beijing,-1,China,100006,-1,-1,38,4.428571428571429,4.035714285714286,4.214285714285714,4.821428571428571,4.0,0.0,4.3,
china_beijing_the_westin_beijing_chaoyang,the westin beijing chaoyang,http://www.tripadvisor.com/ShowUserReviews-g294212-d1021813-r48045120-The_Westin_Beijing_Chaoyang-Beijing.html,no.7 east third ring north road  chaoyang district,beijing,-1,China,100027,-1,-1,28,4.541666666666667,4.541666666666667,4.0,4.041666666666667,3.5833333333333335,0.0,4.1416666666666675,
china_beijing_orange_hotel_beijing_asia_games_village,orange hotel beijing asia games village,http://www.tripadvisor.com/ShowUserReviews-g294212-d1070305-r50544709-Orange_Hotel_Beijing_Asia_Games_Village-Beijing.html,no.200 beiyuan road  chaoyang district,beijing,-1,China,100029,-1,-1,5,4.5,4.75,4.0,4.0,4.5,0.0,4.35,
china_beijing_holiday_inn_express_beijing_temple_of_heaven,holiday inn express beijing temple of heaven,http://www.tripadvisor.com/ShowUserReviews-g294212-d1145964-r48668641-Holiday_Inn_Express_Beijing_Temple_Of_Heaven-Beijing.html,no.36 nanwei road  xuanwu district,beijing,-1,China,100050,-1,-1,32,4.37037037037037,4.2592592592592595,3.888888888888889,3.1481481481481484,4.518518518518518,0.0,4.037037037037036,
china_beijing_marco_polo_parkside_hotel,marco polo parkside hotel,http://www.tripadvisor.com/ShowUserReviews-g294212-d651193-r46486902-Marco_Polo_Parkside_Hotel-Beijing.html,no.78 anli road  chaoyang district (opening in 2007),beijing,-1,China,100101,-1,-1,15,4.642857142857143,4.642857142857143,4.285714285714286,3.857142857142857,4.357142857142857,0.0,4.357142857142857,
china_beijing_xinhai_jinjiang_hotel,xinhai jinjiang hotel,http://www.tripadvisor.com/ShowUserReviews-g294212-d579684-r29630236-Xinhai_Jinjiang_Hotel-Beijing.html,no.61 jinbao street  dongcheng district,beijing,-1,China,100006,-1,-1,16,4.5,4.428571428571429,4.071428571428571,4.0,4.142857142857143,0.0,4.2285714285714295,
china_beijing_aloft_beijing_haidian,aloft beijing haidian,http://www.tripadvisor.com/ShowUserReviews-g294212-d1142514-r46634421-Aloft_Beijing_Haidian-Beijing.html,tower 2 25 yuanda road  haidian district,beijing,-1,China,100097,-1,-1,7,4.666666666666667,4.333333333333333,3.6666666666666665,3.0,4.5,0.0,4.033333333333333,
china_beijing_hans_royal_garden_hotel,hans royal garden hotel,http://www.tripadvisor.com/ShowUserReviews-g294212-d1401075-r42235657-Hans_Royal_Garden_Hotel-Beijing.html,no.7 north bingmasi hutong  dongcheng district,beijing,-1,China,10009,-1,-1,3,5.0,4.666666666666667,4.666666666666667,4.0,4.0,0.0,4.466666666666667,
china_beijing_novotel_peace_hotel,novotel peace hotel,http://www.tripadvisor.com/ShowUserReviews-g294212-d300154-r50201168-Novotel_Peace_Hotel-Beijing.html,no.3 jinyu alley  wangfujing,beijing,-1,China,100006,-1,-1,143,3.9026548672566372,3.6106194690265485,3.7168141592920354,4.530973451327434,3.8672566371681416,0.0,3.9256637168141593,
china_beijing_the_aman_at_summer_palace,the aman at summer palace,http://www.tripadvisor.com/ShowUserReviews-g294212-d1176553-r35207458-The_Aman_at_Summer_Palace-Beijing.html,no.15 gongmenqian street  haidian district,beijing,-1,China,100091,-1,-1,5,5.0,5.0,4.8,4.6,4.2,0.0,4.720000000000001,
china_beijing_ascott_beijing,ascott beijing,http://www.tripadvisor.com/ShowUserReviews-g294212-d308420-r49406154-Ascott_Beijing-Beijing.html,no.108b jianguo road  chaoyang district,beijing,-1,China,100022,-1,-1,28,4.458333333333333,4.458333333333333,3.7083333333333335,3.875,4.375,0.0,4.175,
china_beijing_prime_hotel,prime hotel,http://www.tripadvisor.com/ShowUserReviews-g294212-d302931-r46043272-Prime_Hotel-Beijing.html,no.2 wangfujing main street  dongcheng district,beijing,-1,China,100006,-1,-1,76,4.257142857142857,4.285714285714286,4.057142857142857,4.428571428571429,3.942857142857143,0.0,4.194285714285714,
china_beijing_beijing_jade_international_youth_hostel,beijing jade international youth hostel,http://www.tripadvisor.com/ShowUserReviews-g294212-d589526-r46354873-Beijing_Jade_International_Youth_Hostel-Beijing.html,no.5 zhide north alley  beiheyan street  dongcheng district,beijing,-1,China,100006,-1,-1,15,4.384615384615385,3.923076923076923,4.076923076923077,4.615384615384615,4.615384615384615,0.0,4.323076923076923,
china_beijing_courtyard_by_marriott_beijing_northeast,courtyard by marriott beijing northeast,http://www.tripadvisor.com/ShowUserReviews-g294212-d1100800-r48465362-Courtyard_by_Marriott_Beijing_Northeast-Beijing.html,no.101 jingshun road  chaoyang district,beijing,-1,China,100102,-1,-1,12,4.444444444444445,4.222222222222222,4.444444444444445,3.888888888888889,4.333333333333333,0.0,4.2666666666666675,
china_beijing_beijing_huang_yuan_hotel,beijing huang yuan hotel,http://www.tripadvisor.com/ShowUserReviews-g294212-d582733-r11258964-Beijing_Huang_Yuan_Hotel-Beijing.html,no.19 changwa xiaoqu  xisanhuan bei lu  haidianqu,beijing,-1,China,100089,-1,-1,1,4.0,4.0,3.0,2.0,4.0,0.0,3.4,
china_beijing_bohao_radegast_hotel_beijing,bohao radegast hotel beijing,http://www.tripadvisor.com/ShowUserReviews-g294212-d1141294-r47671902-Bohao_Radegast_Hotel_Beijing-Beijing.html,no.15 guanghua road  chaoyang district,beijing,-1,China,100026,-1,-1,11,4.909090909090909,4.454545454545454,4.2727272727272725,4.0,4.636363636363637,0.0,4.454545454545455,
china_beijing_grand_mercure_hotel_xidan,grand mercure hotel xidan,http://www.tripadvisor.com/ShowUserReviews-g294212-d649871-r49171781-Grand_Mercure_Hotel_Xidan-Beijing.html,no.6 xuanwumen nei main street  xicheng district,beijing,-1,China,100031,-1,-1,99,3.9206349206349205,3.619047619047619,3.761904761904762,4.095238095238095,3.9047619047619047,0.0,3.86031746031746,
china_beijing_empark_grand_hotel,empark grand hotel,http://www.tripadvisor.com/ShowUserReviews-g294212-d305287-r37606585-Empark_Grand_Hotel-Beijing.html,no.69 banjing road  haidian district,beijing,-1,China,100097,-1,-1,5,5.0,4.5,4.5,3.75,4.5,0.0,4.45,
china_beijing_days_inn_forbidden_city_beijing,days inn forbidden city beijing,http://www.tripadvisor.com/ShowUserReviews-g294212-d672600-r50559743-Days_Inn_Forbidden_City_Beijing-Beijing.html,no.1 nanwanzi alley  dongcheng district,beijing,-1,China,010006,-1,-1,113,4.01,3.72,3.88,4.69,4.15,0.0,4.090000000000001,
china_beijing_jianguo_hotel_qianmen_beijing,jianguo hotel qianmen beijing,http://www.tripadvisor.com/ShowUserReviews-g294212-d305328-r48516411-Jianguo_Hotel_Qianmen_Beijing-Beijing.html,no.175 yong'an road  xuanwu district,beijing,-1,China,100050,-1,-1,27,4.368421052631579,3.9473684210526314,3.736842105263158,3.6842105263157894,3.8947368421052633,0.0,3.9263157894736844,
china_beijing_crowne_plaza_park_view_wuzhou,crowne plaza park view wuzhou,http://www.tripadvisor.com/ShowUserReviews-g294212-d305293-r49456685-Crowne_Plaza_Park_View_Wuzhou-Beijing.html,no.8 north sihuanzhong road  chaoyang district,beijing,-1,China,100101,-1,-1,28,4.380952380952381,4.380952380952381,3.761904761904762,3.238095238095238,3.9523809523809526,0.0,3.942857142857143,
china_beijing_beijing_hotel,beijing hotel,http://www.tripadvisor.com/ShowUserReviews-g294212-d659210-r46322597-Beijing_Hotel-Beijing.html,no.33 east chang'an avenue  dongcheng district,beijing,-1,China,100004,-1,-1,33,3.0476190476190474,3.0,2.619047619047619,4.809523809523809,2.761904761904762,0.0,3.2476190476190476,
china_beijing_doubletree_by_hilton_beijing,doubletree by hilton beijing,http://www.tripadvisor.com/ShowUserReviews-g294212-d1075056-r50261611-Doubletree_by_Hilton_Beijing-Beijing.html,no.168 guang'anmen wai main street  xuanwu district,beijing,-1,China,100055,-1,-1,27,4.923076923076923,4.6923076923076925,4.653846153846154,3.423076923076923,4.461538461538462,0.0,4.430769230769231,
china_beijing_kempinski_hotel_beijing_lufthansa_center,kempinski hotel beijing lufthansa center,http://www.tripadvisor.com/ShowUserReviews-g294212-d302481-r47668700-Kempinski_Hotel_Beijing_Lufthansa_Center-Beijing.html,no.50 liangmaqiao road  chaoyang district,beijing,-1,China,100125,-1,-1,28,4.083333333333333,3.7083333333333335,4.0,3.7916666666666665,3.7916666666666665,0.0,3.875,
china_beijing_capital_hotel_beijing,capital hotel beijing,http://www.tripadvisor.com/ShowUserReviews-g294212-d300859-r49515816-Capital_Hotel_Beijing-Beijing.html,no.3 qianmen east street  dongcheng district,beijing,-1,China,100006,-1,-1,81,4.036363636363636,3.8363636363636364,3.6363636363636362,4.3090909090909095,3.8181818181818183,0.0,3.9272727272727272,
china_beijing_junzhan_hotel,junzhan hotel,http://www.tripadvisor.com/ShowUserReviews-g294212-d1425750-r50328558-Junzhan_Hotel-Beijing.html,building 15 liupukang  andeli north street  dongcheng district,beijing,-1,China,100011,-1,-1,-1,0.0,0.0,0.0,0.0,0.0,0.0,-1.0,
china_beijing_hutong_inn_beijing_culture_hotel,hutong inn beijing culture hotel,http://www.tripadvisor.com/ShowUserReviews-g294212-d1431957-r50247325-Hutong_Inn_Beijing_Culture_Hotel-Beijing.html,no.17 beixiawazi alley  dongcheng district,beijing,-1,China,100009,-1,-1,1,5.0,5.0,5.0,5.0,5.0,0.0,5.0,
china_beijing_holiday_inn_temple_of_heaven,holiday inn temple of heaven,http://www.tripadvisor.com/ShowUserReviews-g294212-d325491-r50023858-Holiday_Inn_Temple_of_Heaven-Beijing.html,no.1 ding'an east li  fengtai district,beijing,-1,China,100075,-1,-1,35,4.518518518518518,4.185185185185185,4.074074074074074,3.259259259259259,4.074074074074074,0.0,4.022222222222222,
china_beijing_jian_guo_hotel,jian guo hotel,http://www.tripadvisor.com/ShowUserReviews-g294212-d1159881-r50386413-Jian_Guo_Hotel-Beijing.html,no.5 jianguo menwai main street  chaoyang district,beijing,-1,China,100021,-1,-1,29,4.2631578947368425,4.2105263157894735,4.105263157894737,4.526315789473684,4.2631578947368425,0.0,4.273684210526316,
china_beijing_hotel_cote_cour_beijing,hotel cote cour beijing,http://www.tripadvisor.com/ShowUserReviews-g294212-d653600-r47327649-Hotel_Cote_Cour_Beijing-Beijing.html,no.70 yanyue alley  dongcheng district,beijing,-1,China,100010,-1,-1,31,4.814814814814815,4.555555555555555,4.814814814814815,4.481481481481482,4.2592592592592595,0.0,4.585185185185185,
china_beijing_renaissance_beijing_hotel,renaissance beijing hotel,http://www.tripadvisor.com/ShowUserReviews-g294212-d299735-r48369063-Renaissance_Beijing_Hotel-Beijing.html,no.36 xiaoyun road  chaoyang district,beijing,-1,China,100027,-1,-1,32,4.6,4.4,4.45,3.7,4.35,0.0,4.3,
china_beijing_jingmingyuan_hotel,jingmingyuan hotel,http://www.tripadvisor.com/ShowUserReviews-g294212-d1029136-r39819424-Jingmingyuan_Hotel-Beijing.html,no.52 zhengbaiqi  xiangshan  haidian district,beijing,-1,China,100093,-1,-1,-1,0.0,0.0,0.0,0.0,0.0,0.0,-1.0,
china_beijing_yi_hai_business_hotel,yi hai business hotel,http://www.tripadvisor.com/ShowUserReviews-g294212-d661732-r8025814-Yi_Hai_Business_Hotel-Beijing.html,no.33 xueyuan south road   haidian district,beijing,-1,China,100081,-1,-1,1,5.0,5.0,4.0,3.0,5.0,0.0,4.4,
china_beijing_the_quomolangma_hotel_beijing_china,the quomolangma hotel beijing china,http://www.tripadvisor.com/ShowUserReviews-g294212-d1036044-r39819213-The_Quomolangma_Hotel_Beijing_China-Beijing.html,149 west gulou street  dongcheng district,beijing,-1,China,100009,-1,-1,-1,0.0,0.0,0.0,0.0,0.0,0.0,-1.0,
china_beijing_hejia_inn_beijing_anwai,hejia inn beijing anwai,http://www.tripadvisor.com/ShowUserReviews-g294212-d1459644-r50258191-Hejia_Inn_Beijing_Anwai-Beijing.html,no.1 waiguanxie steet  chaoyang district,beijing,-1,China,100011,-1,-1,-1,0.0,0.0,0.0,0.0,0.0,0.0,-1.0,
china_beijing_marriott_executive_apartments_sandalwood,marriott executive apartments sandalwood,http://www.tripadvisor.com/ShowUserReviews-g294212-d1218853-r48098092-Marriott_Executive_Apartments_Sandalwood-Beijing.html,no.23 jianguo road  chaoyang district,beijing,-1,China,100123,-1,-1,2,5.0,5.0,4.5,3.5,5.0,0.0,4.6,
china_beijing_swissotel_beijing,swissotel beijing,http://www.tripadvisor.com/ShowUserReviews-g294212-d301590-r47222564-Swissotel_Beijing-Beijing.html,no.2 chaoyangmen beidajie,beijing,-1,China,100027,-1,-1,48,4.1891891891891895,3.7027027027027026,3.864864864864865,3.972972972972973,3.6486486486486487,0.0,3.8756756756756756,
china_beijing_traders_upper_east_hotel,traders upper east hotel,http://www.tripadvisor.com/ShowUserReviews-g294212-d1141611-r50105832-Traders_Upper_East_Hotel-Beijing.html,no.2 dongsihuan north road  chaoyang district,beijing,-1,China,100016,-1,-1,4,4.5,4.25,4.5,4.5,4.5,0.0,4.45,
china_beijing_harmony_hotel,harmony hotel,http://www.tripadvisor.com/ShowUserReviews-g294212-d1177289-r50123973-Harmony_Hotel-Beijing.html,no.9 youtong street  dongcheng district,beijing,-1,China,100005,-1,-1,70,3.888888888888889,3.574074074074074,3.5555555555555554,4.2407407407407405,3.925925925925926,0.0,3.8370370370370366,
china_beijing_citytel_inn,citytel inn,http://www.tripadvisor.com/ShowUserReviews-g294212-d1236939-r47306603-Citytel_Inn-Beijing.html,building c/d  nanheyan street,beijing,-1,China,100006,-1,-1,-1,0.0,0.0,0.0,0.0,0.0,0.0,-1.0,
china_beijing_mercure_wanshang_beijing,mercure wanshang beijing,http://www.tripadvisor.com/ShowUserReviews-g294212-d1027803-r49151516-Mercure_Wanshang_Beijing-Beijing.html,no.1 yinhe street  shijingshan district,beijing,-1,China,100043,-1,-1,13,4.846153846153846,4.384615384615385,4.384615384615385,3.5384615384615383,4.230769230769231,0.0,4.276923076923078,
china_beijing_shatan_hotel,shatan hotel,http://www.tripadvisor.com/ShowUserReviews-g294212-d581873-r49179244-Shatan_Hotel-Beijing.html,no.28 shatanhou street  dongcheng district,beijing,-1,China,100009,-1,-1,76,3.9375,3.78125,3.84375,4.21875,4.140625,0.0,3.984375,
china_beijing_yoyo_hotel,yoyo hotel,http://www.tripadvisor.com/ShowUserReviews-g294212-d1421500-r39877285-Yoyo_Hotel-Beijing.html,middle building 10  east sanlitun  chaoyang district,beijing,-1,China,100027,-1,-1,2,5.0,5.0,4.5,3.5,5.0,0.0,4.6,
china_beijing_hotel_kunlun,hotel kunlun,http://www.tripadvisor.com/ShowUserReviews-g294212-d305324-r41260048-Hotel_Kunlun-Beijing.html,no.2 xinyuan south road  chaoyang district,beijing,-1,China,100004,-1,-1,18,4.153846153846154,4.153846153846154,3.923076923076923,3.4615384615384617,3.5384615384615383,0.0,3.8461538461538467,
china_beijing_howard_johnson_paragon,howard johnson paragon,http://www.tripadvisor.com/ShowUserReviews-g294212-d301028-r50121201-Howard_Johnson_Paragon-Beijing.html,no.18a jianguomennei street  chongwen district,beijing,-1,China,100005,-1,-1,47,3.7837837837837838,3.8378378378378377,3.324324324324324,4.324324324324325,3.945945945945946,0.0,3.8432432432432435,
china_beijing_ao_xiang_ge_hotel,ao xiang ge hotel,http://www.tripadvisor.com/ShowUserReviews-g294212-d1178360-r48124368-Ao_Xiang_Ge_Hotel-Beijing.html,no.26b zhanlanguan road  xicheng district,beijing,-1,China,100037,-1,-1,1,4.0,3.0,5.0,4.0,4.0,0.0,4.0,
china_beijing_happy_dragon_hostel,happy dragon hostel,http://www.tripadvisor.com/ShowUserReviews-g294212-d1500524-r48378374-Happy_Dragon_Hostel-Beijing.html,no.29 renmin square west road  dongcheng district,beijing,-1,China,100010,-1,-1,4,4.0,3.75,4.75,3.75,4.25,0.0,4.1,
china_beijing_7_days_inn_beijing_gucheng,7 days inn beijing gucheng,http://www.tripadvisor.com/ShowUserReviews-g294212-d1446970-r46355115-7_Days_Inn_Beijing_Gucheng-Beijing.html,gucheng south li  shijingshan district,beijing,-1,China,100043,-1,-1,-1,0.0,0.0,0.0,0.0,0.0,0.0,-1.0,
china_beijing_luxury_serviced_residence,luxury serviced residence,http://www.tripadvisor.com/ShowUserReviews-g294212-d633576-r40931987-Luxury_Serviced_Residence-Beijing.html,no.17 jianhua south road  jianguomenwai street  chaoyang district,beijing,-1,China,100022,-1,-1,12,4.181818181818182,4.545454545454546,4.454545454545454,4.363636363636363,4.545454545454546,0.0,4.418181818181819,
china_beijing_beijing_guangming_hotel,beijing guangming hotel,http://www.tripadvisor.com/ShowUserReviews-g294212-d1035968-r22384528-Beijing_Guangming_Hotel-Beijing.html,no.42 liangmaqiao road  chaoyang district,beijing,-1,China,100016,-1,-1,2,5.0,4.5,4.0,4.5,5.0,0.0,4.6,
china_beijing_jinjiang_inn_beijing_yuquan_road,jinjiang inn beijing yuquan road,http://www.tripadvisor.com/ShowUserReviews-g294212-d644527-r48478629-Jinjiang_Inn_Beijing_Yuquan_Road-Beijing.html,no.10 xiaotun road  fengtai district,beijing,-1,China,100039,-1,-1,-1,0.0,0.0,0.0,0.0,0.0,0.0,-1.0,
china_beijing_beijing_century_towers,beijing century towers,http://www.tripadvisor.com/ShowUserReviews-g294212-d610228-r11935998-Beijing_Century_Towers-Beijing.html,no.18 guangqumenwai avenue,beijing,-1,China,100022,-1,-1,2,4.5,4.5,4.5,4.5,5.0,0.0,4.6,
china_beijing_autumn_garden_courtyard_hotel,autumn garden courtyard hotel,http://www.tripadvisor.com/ShowUserReviews-g294212-d923213-r50256617-Autumn_Garden_Courtyard_Hotel-Beijing.html,no.23 sanjing hutong  xuanwu district,beijing,-1,China,100051,-1,-1,7,4.4,4.2,4.4,4.2,4.4,0.0,4.32,
china_beijing_xixi_friendship_hotel,xixi friendship hotel,http://www.tripadvisor.com/ShowUserReviews-g294212-d603666-r19308143-Xixi_Friendship_Hotel-Beijing.html,no.109 xidan north street  xicheng district,beijing,-1,China,100032,-1,-1,7,4.4,4.0,4.2,4.2,3.8,0.0,4.12,
china_beijing_the_apartment_on_financial_street,the apartment on financial street,http://www.tripadvisor.com/ShowUserReviews-g294212-d1035761-r43823605-The_Apartment_On_Financial_Street-Beijing.html,no.1 jinchengfang street  xicheng district,beijing,-1,China,100032,-1,-1,-1,0.0,0.0,0.0,0.0,0.0,0.0,-1.0,
china_beijing_lee_garden_service_apartment_beijing,lee garden service apartment beijing,http://www.tripadvisor.com/ShowUserReviews-g294212-d589551-r49470029-Lee_Garden_Service_Apartment_Beijing-Beijing.html,no.18 jinyu alley  wangfujing  dongcheng district,beijing,-1,China,100006,-1,-1,13,4.0,4.1,4.3,4.9,4.2,0.0,4.3,
china_beijing_fengshan_hotspring,fengshan hotspring,http://www.tripadvisor.com/ShowUserReviews-g294212-d1028313-r38035030-Fengshan_Hotspring-Beijing.html,east of shuiku road  changping town  changping district,beijing,-1,China,102200,-1,-1,-1,0.0,0.0,0.0,0.0,0.0,0.0,-1.0,
china_beijing_hwa_apartment_hotel,hwa apartment hotel,http://www.tripadvisor.com/ShowUserReviews-g294212-d588502-r28480873-HWA_Apartment_Hotel-Beijing.html,no.130 xidan north main street  xicheng district,beijing,-1,China,100032,-1,-1,20,3.8666666666666667,4.066666666666666,3.7333333333333334,4.2,4.466666666666667,0.0,4.066666666666666,
china_beijing_yunheyuan_hotel,yunheyuan hotel,http://www.tripadvisor.com/ShowUserReviews-g294212-d1027932-r38232547-Yunheyuan_Hotel-Beijing.html,no.172 yunhe west main street  tongzhou district,beijing,-1,China,101101,-1,-1,-1,0.0,0.0,0.0,0.0,0.0,0.0,-1.0,
china_beijing_hanting_hotel_beijing_dongdan,hanting hotel beijing dongdan,http://www.tripadvisor.com/ShowUserReviews-g294212-d1110259-r39819001-Hanting_Hotel_Beijing_Dongdan-Beijing.html,no.32 beijige santiao  dongcheng district,beijing,-1,China,100005,-1,-1,-1,0.0,0.0,0.0,0.0,0.0,0.0,-1.0,
china_beijing_marriott_beijing_hotel_west,marriott beijing hotel west,http://www.tripadvisor.com/ShowUserReviews-g294212-d299733-r49426907-Marriott_Beijing_Hotel_West-Beijing.html,no.98 xisanhuan north road,beijing,-1,China,100037,-1,-1,24,4.294117647058823,4.470588235294118,4.352941176470588,2.764705882352941,3.9411764705882355,0.0,3.9647058823529404,
china_beijing_soluxe_sunshine_courtyard_hotel,soluxe sunshine courtyard hotel,http://www.tripadvisor.com/ShowUserReviews-g294212-d1147352-r50000409-Soluxe_Sunshine_Courtyard_Hotel-Beijing.html,no.2 xitao hutong  jiugulou street  xicheng district,beijing,-1,China,100009,-1,-1,4,4.25,4.0,4.25,4.25,4.25,0.0,4.2,
china_beijing_palm_springs_beijing_marriott_executive_apartments,palm springs beijing marriott executive apartments,http://www.tripadvisor.com/ShowUserReviews-g294212-d575939-r50149377-Palm_Springs_Beijing_Marriott_Executive_Apartments-Beijing.html,no.8 chaoyang park south road  chaoyang district,beijing,-1,China,100026,-1,-1,25,4.368421052631579,4.421052631578948,3.6842105263157894,3.3684210526315788,4.157894736842105,0.0,4.0,
china_beijing_shindom_inn_beijing_taoranting,shindom inn beijing taoranting,http://www.tripadvisor.com/ShowUserReviews-g294212-d610134-r45887098-Shindom_Inn_Beijing_Taoranting-Beijing.html,no.18 heiyaochang street  xuanwu district,beijing,-1,China,100052,-1,-1,1,5.0,5.0,4.0,5.0,5.0,0.0,4.8,
china_beijing_home_inn_beijing_xuanwumen,home inn beijing xuanwumen,http://www.tripadvisor.com/ShowUserReviews-g294212-d1029031-r50547611-Home_Inn_Beijing_Xuanwumen-Beijing.html,no.71 dongheyan alley  xuanwu district,beijing,-1,China,100052,-1,-1,-1,0.0,0.0,0.0,0.0,0.0,0.0,-1.0,
china_beijing_auspicious_business_hotel,auspicious business hotel,http://www.tripadvisor.com/ShowUserReviews-g294212-d778531-r21422403-Auspicious_Business_Hotel-Beijing.html,no.23 fuxue road  changping district,beijing,-1,China,102200,-1,-1,1,4.0,4.0,4.0,3.0,4.0,0.0,3.8,
china_beijing_somerset_zhongguancun,somerset zhongguancun,http://www.tripadvisor.com/ShowUserReviews-g294212-d607459-r46988069-Somerset_Zhongguancun-Beijing.html,no.15 haidian middle street  haidian district,beijing,-1,China,100080,-1,-1,4,3.25,3.25,3.75,3.0,3.5,0.0,3.35,
china_beijing_jinjiang_inn_beijing_west_railway_station,jinjiang inn beijing west railway station,http://www.tripadvisor.com/ShowUserReviews-g294212-d635261-r48798149-Jinjiang_Inn_Beijing_West_Railway_Station-Beijing.html,no.1 maliandao north road  xuanwu district,beijing,-1,China,100038,-1,-1,-1,0.0,0.0,0.0,0.0,0.0,0.0,-1.0,
china_beijing_loong_palace_hotel_resort,loong palace hotel resort,http://www.tripadvisor.com/ShowUserReviews-g294212-d305294-r47924104-Loong_Palace_Hotel_Resort-Beijing.html,huilongguan  changping district  (formerly crowne plaza hotel north beijing),beijing,-1,China,102208,-1,-1,26,4.666666666666667,4.666666666666667,4.166666666666667,2.8333333333333335,4.555555555555555,0.0,4.177777777777778,
china_beijing_guangzhou_hotel,guangzhou hotel,http://www.tripadvisor.com/ShowUserReviews-g294212-d325511-r49963896-Guangzhou_Hotel-Beijing.html,a3 xidan heng er tiao xi cheng district,beijing,-1,China,100031,-1,-1,12,2.6,2.8,2.6,3.6,2.8,0.0,2.88,
china_beijing_zhonggong_plaza,zhonggong plaza,http://www.tripadvisor.com/ShowUserReviews-g294212-d620558-r38035035-Zhonggong_Plaza-Beijing.html,45 zengguang road  haidian district,beijing,-1,China,100037,-1,-1,-1,0.0,0.0,0.0,0.0,0.0,0.0,-1.0,
china_beijing_commune_by_the_great_wall_kempinski,commune by the great wall kempinski,http://www.tripadvisor.com/ShowUserReviews-g294212-d305290-r48765138-Commune_By_The_Great_Wall_Kempinski-Beijing.html,exit shuiguan  badaling highway  great wall,beijing,-1,China,100020,-1,-1,43,4.216216216216216,3.810810810810811,3.3513513513513513,4.54054054054054,3.324324324324324,0.0,3.8486486486486484,
china_beijing_yinxing_hotel,yinxing hotel,http://www.tripadvisor.com/ShowUserReviews-g294212-d1435958-r30920451-Yinxing_Hotel-Beijing.html,no.53-1 gucheng main street   shijingshan district,beijing,-1,China,100043,-1,-1,-1,0.0,0.0,0.0,0.0,0.0,0.0,-1.0,
china_beijing_park_hyatt_beijing,park hyatt beijing,http://www.tripadvisor.com/ShowUserReviews-g294212-d1021811-r50457990-Park_Hyatt_Beijing-Beijing.html,no.2 jianguomenwai main street  chaoyang district,beijing,-1,China,100022,-1,-1,19,4.611111111111111,4.611111111111111,4.333333333333333,3.8333333333333335,3.8333333333333335,0.0,4.2444444444444445,
china_beijing_beijing_tailong_plaza_hotel,beijing tailong plaza hotel,http://www.tripadvisor.com/ShowUserReviews-g294212-d1159259-r44649399-Beijing_Tailong_Plaza_Hotel-Beijing.html,no.19 zhushikou east avenue chongwen district,beijing,-1,China,100050,-1,-1,-1,0.0,0.0,0.0,0.0,0.0,0.0,-1.0,
china_beijing_ocean_hotel,ocean hotel,http://www.tripadvisor.com/ShowUserReviews-g294212-d325536-r23000035-Ocean_Hotel-Beijing.html,no.189 dongsi south main street  dongcheng district,beijing,-1,China,100005,-1,-1,2,4.5,4.0,3.0,5.0,3.5,0.0,4.0,
china_beijing_jinjiang_inn_beijing_madianqiao,jinjiang inn beijing madianqiao,http://www.tripadvisor.com/ShowUserReviews-g294212-d1310502-r48793912-Jinjiang_Inn_Beijing_Madianqiao-Beijing.html,building 7  no.a23 huangsi street  xicheng district,beijing,-1,China,100011,-1,-1,-1,0.0,0.0,0.0,0.0,0.0,0.0,-1.0,
china_beijing_tianlun_dynasty_hotel,tianlun dynasty hotel,http://www.tripadvisor.com/ShowUserReviews-g294212-d305370-r49595616-Tianlun_Dynasty_Hotel-Beijing.html,no.50 wangfujing avenue  dongcheng district,beijing,-1,China,100006,-1,-1,38,4.466666666666667,4.133333333333334,4.133333333333334,4.8,3.933333333333333,0.0,4.293333333333334,
china_beijing_nikko_new_century_beijing_hotel,nikko new century beijing hotel,http://www.tripadvisor.com/ShowUserReviews-g294212-d302835-r21139236-Nikko_New_Century_Beijing_Hotel-Beijing.html,no.6 southern road capital gym  (formerly new century hotel beijing),beijing,-1,China,100044,-1,-1,40,3.5517241379310347,3.5517241379310347,3.6551724137931036,2.9655172413793105,3.413793103448276,0.0,3.4275862068965517,
china_beijing_xiang_da_international_hotel,xiang da international hotel,http://www.tripadvisor.com/ShowUserReviews-g294212-d1164309-r30923464-Xiang_Da_International_Hotel-Beijing.html,no.169 guang'anmennei main street  xuanwu district,beijing,-1,China,100053,-1,-1,-1,0.0,0.0,0.0,0.0,0.0,0.0,-1.0,
china_beijing_super_8_beijingtongzhou_xinhua_street,super 8 beijingtongzhou xinhua street,http://www.tripadvisor.com/ShowUserReviews-g294212-d1456538-r49476383-Super_8_BeijingTongzhou_Xinhua_Street-Beijing.html,no.81 xinhua street  tongzhou district,beijing,-1,China,101100,-1,-1,-1,0.0,0.0,0.0,0.0,0.0,0.0,-1.0,
china_beijing_ruicheng_hotel,ruicheng hotel,http://www.tripadvisor.com/ShowUserReviews-g294212-d503463-r39819233-Ruicheng_Hotel-Beijing.html,no.9 xicui road  haidian district,beijing,-1,China,100036,-1,-1,-1,0.0,0.0,0.0,0.0,0.0,0.0,-1.0,
china_beijing_vienna_hotel_beijing_huayuan,vienna hotel beijing huayuan,http://www.tripadvisor.com/ShowUserReviews-g294212-d1194047-r38615971-Vienna_Hotel_Beijing_Huayuan-Beijing.html,no.17 huayuan road,beijing,-1,China,-1,-1,-1,-1,0.0,0.0,0.0,0.0,0.0,0.0,-1.0,
china_beijing_yuyang_hotel,yuyang hotel,http://www.tripadvisor.com/ShowUserReviews-g294212-d624378-r37334482-Yuyang_Hotel-Beijing.html,no.18 xinyuan xili middle street  chaoyang district,beijing,-1,China,100027,-1,-1,1,4.0,4.0,4.0,2.0,4.0,0.0,3.6,
china_beijing_home_inn_beijing_beiwei_road,home inn beijing beiwei road,http://www.tripadvisor.com/ShowUserReviews-g294212-d614700-r49171789-Home_Inn_Beijing_Beiwei_Road-Beijing.html,no.11 xijing road  xuanwu district,beijing,-1,China,100050,-1,-1,1,5.0,2.0,5.0,2.0,5.0,0.0,3.8,
china_beijing_hua_thai_hotel,hua thai hotel,http://www.tripadvisor.com/ShowUserReviews-g294212-d674183-r39742724-Hua_Thai_Hotel-Beijing.html,jinsong dong kou  chaoyang district,beijing,-1,China,100021,-1,-1,-1,0.0,0.0,0.0,0.0,0.0,0.0,-1.0,
china_beijing_crowne_plaza_sun_palace_beijing,crowne plaza sun palace beijing,http://www.tripadvisor.com/ShowUserReviews-g294212-d1079838-r50312526-Crowne_Plaza_Sun_Palace_Beijing-Beijing.html,no.12 qisheng middle street  north east third ring road  yunnan dasha  chaoyang district,beijing,-1,China,100028,-1,-1,16,4.857142857142857,4.714285714285714,4.5,2.9285714285714284,4.357142857142857,0.0,4.271428571428571,
china_beijing_gehua_new_century_hotel,gehua new century hotel,http://www.tripadvisor.com/ShowUserReviews-g294212-d1175214-r48551115-Gehua_New_Century_Hotel-Beijing.html,no.19 gulouwaidajie  chaoyang district,beijing,-1,China,100011,-1,-1,3,5.0,5.0,4.333333333333333,3.6666666666666665,4.0,0.0,4.4,
china_beijing_ruyi_business_hotel_beijing,ruyi business hotel beijing,http://www.tripadvisor.com/ShowUserReviews-g294212-d1174892-r30922366-Ruyi_Business_Hotel_Beijing-Beijing.html,no.17 beiwa road haidian district,beijing,-1,China,100089,-1,-1,-1,0.0,0.0,0.0,0.0,0.0,0.0,-1.0,
china_beijing_beijing_kuntai_hotel,beijing kuntai hotel,http://www.tripadvisor.com/ShowUserReviews-g294212-d1027636-r48966955-Beijing_Kuntai_Hotel-Beijing.html,200m east. to huilongguan farm  changping district,beijing,-1,China,102208,-1,-1,1,4.0,4.0,4.0,3.0,3.0,0.0,3.6,
china_beijing_beijing_friendship_hotel_grand_building,beijing friendship hotel grand building,http://www.tripadvisor.com/ShowUserReviews-g294212-d302919-r45993484-Beijing_Friendship_Hotel_Grand_Building-Beijing.html,no.1 zhongguancun south street  haidian district,beijing,-1,China,100873,-1,-1,40,3.925925925925926,3.814814814814815,3.814814814814815,3.185185185185185,3.814814814814815,0.0,3.7111111111111112,
china_beijing_oakwood_residence_beijing,oakwood residence beijing,http://www.tripadvisor.com/ShowUserReviews-g294212-d817635-r48659706-Oakwood_Residence_Beijing-Beijing.html,no.55 east 3rd ring north road  chaoyang district,beijing,-1,China,100020,-1,-1,7,4.571428571428571,4.428571428571429,4.428571428571429,3.7142857142857144,4.428571428571429,0.0,4.314285714285714,
china_beijing_holiday_inn_beijing_lido,holiday inn beijing lido,http://www.tripadvisor.com/ShowUserReviews-g294212-d305317-r49028263-Holiday_Inn_Beijing_Lido-Beijing.html,no.6 jiangtai road,beijing,-1,China,100004,-1,-1,32,4.208333333333333,3.5416666666666665,3.8333333333333335,3.5833333333333335,3.2916666666666665,0.0,3.6916666666666664,
china_beijing_7_days_inn_beijing_olympic_village_second,7 days inn beijing olympic village second,http://www.tripadvisor.com/ShowUserReviews-g294212-d1230350-r49627709-7_Days_Inn_Beijing_Olympic_Village_Second-Beijing.html,no.8 xiaoying road  chaoyang district,beijing,-1,China,-1,-1,-1,-1,0.0,0.0,0.0,0.0,0.0,0.0,-1.0,
china_beijing_grand_view_garden_hotel,grand view garden hotel,http://www.tripadvisor.com/ShowUserReviews-g294212-d308433-r27338229-Grand_View_Garden_Hotel-Beijing.html,no.88 south caiyuan street  xuanwu district,beijing,-1,China,100054,-1,-1,27,3.1875,3.1875,3.0,2.5625,3.0625,0.0,3.0,
china_beijing_shindom_inn_beijing_guangming_bridge,shindom inn beijing guangming bridge,http://www.tripadvisor.com/ShowUserReviews-g294212-d1409575-r46445572-Shindom_Inn_Beijing_Guangming_Bridge-Beijing.html,no.831 jinsong eight district  chaoyang district,beijing,-1,China,100021,-1,-1,-1,0.0,0.0,0.0,0.0,0.0,0.0,-1.0,
china_beijing_jinjiang_inn_beijing_xizhimen,jinjiang inn beijing xizhimen,http://www.tripadvisor.com/ShowUserReviews-g294212-d1431920-r48228120-Jinjiang_Inn_Beijing_Xizhimen-Beijing.html,no.132 xizhimen nei main street  xicheng district,beijing,-1,China,100032,-1,-1,-1,0.0,0.0,0.0,0.0,0.0,0.0,-1.0,
china_beijing_xi_jiao_hotel_beijing,xi jiao hotel beijing,http://www.tripadvisor.com/ShowUserReviews-g294212-d590353-r46862271-Xi_Jiao_Hotel_Beijing-Beijing.html,no.18 wangzhuang road  haidian district,beijing,-1,China,100083,-1,-1,8,3.857142857142857,3.7142857142857144,3.857142857142857,2.7142857142857144,3.4285714285714284,0.0,3.5142857142857147,
china_beijing_xiyuan_hotel,xiyuan hotel,http://www.tripadvisor.com/ShowUserReviews-g294212-d325547-r38927233-Xiyuan_Hotel-Beijing.html,no.1 sanlihe road,beijing,-1,China,100044,-1,-1,18,3.5833333333333335,3.3333333333333335,3.0833333333333335,3.0833333333333335,3.4166666666666665,0.0,3.3,
china_beijing_jing_an_shengtang_hotel_beijing_huangchenggen,jing an shengtang hotel beijing huangchenggen,http://www.tripadvisor.com/ShowUserReviews-g294212-d1414160-r30922948-Jing_an_Shengtang_Hotel_Beijing_Huangchenggen-Beijing.html,jia no.1  west huangchenggen north street  xicheng district,beijing,-1,China,100034,-1,-1,-1,0.0,0.0,0.0,0.0,0.0,0.0,-1.0,
china_beijing_huadu_hotel,huadu hotel,http://www.tripadvisor.com/ShowUserReviews-g294212-d325514-r30481232-Huadu_Hotel-Beijing.html,no.8 xinyuan south road  chaoyang district,beijing,-1,China,100027,-1,-1,9,3.8,4.0,3.6,4.4,4.2,0.0,4.000000000000001,
china_beijing_holiday_inn_express_beijing_minzuyuan,holiday inn express beijing minzuyuan,http://www.tripadvisor.com/ShowUserReviews-g294212-d1185192-r49386650-Holiday_Inn_Express_Beijing_Minzuyuan-Beijing.html,building1  no.1 minzuyuan road  chaoyang district,beijing,-1,China,100101,-1,-1,12,4.5,4.333333333333333,3.4166666666666665,3.4166666666666665,4.666666666666667,0.0,4.066666666666667,
china_beijing_hotel_ibis_beijing_sanyuan,hotel ibis beijing sanyuan,http://www.tripadvisor.com/ShowUserReviews-g294212-d1139863-r35332228-Hotel_Ibis_Beijing_Sanyuan-Beijing.html,hotel tower b phoenix  chaoyang district,beijing,-1,China,100028,-1,-1,10,4.111111111111111,3.3333333333333335,3.4444444444444446,3.3333333333333335,4.111111111111111,0.0,3.666666666666667,
china_beijing_hollyear_hotel_beijing,hollyear hotel beijing,http://www.tripadvisor.com/ShowUserReviews-g294212-d1218702-r36827497-Hollyear_Hotel_Beijing-Beijing.html,no.66 guangqu road guangqu lu,beijing,-1,China,100021,-1,-1,2,3.5,4.0,2.5,2.5,4.0,0.0,3.3,
china_beijing_home_inn_beijing_liuliqiao,home inn beijing liuliqiao,http://www.tripadvisor.com/ShowUserReviews-g294212-d1029009-r48686369-Home_Inn_Beijing_Liuliqiao-Beijing.html,no.14 south road  west loop 3  fengtai district,beijing,-1,China,100073,-1,-1,-1,0.0,0.0,0.0,0.0,0.0,0.0,-1.0,
china_beijing_orange_hotel_beijing_tianningsi,orange hotel beijing tianningsi,http://www.tripadvisor.com/ShowUserReviews-g294212-d1343532-r38232592-Orange_Hotel_Beijing_Tianningsi-Beijing.html,no.2 lianhuachi east road  xuanwu district,beijing,-1,China,100055,-1,-1,-1,0.0,0.0,0.0,0.0,0.0,0.0,-1.0,
china_beijing_jinqiao_international_apartment_hotel,jinqiao international apartment hotel,http://www.tripadvisor.com/ShowUserReviews-g294212-d585395-r15513903-Jinqiao_International_Apartment_Hotel-Beijing.html,no.55 guangqumen beili  chongwen district,beijing,-1,China,100026,-1,-1,2,4.5,4.5,3.5,3.5,4.0,0.0,4.0,
china_beijing_joy_inn_beijing_hongmiao,joy inn beijing hongmiao,http://www.tripadvisor.com/ShowUserReviews-g294212-d1030654-r38433400-Joy_Inn_Beijing_Hongmiao-Beijing.html,no.5 chaijiawan  chaoyang district,beijing,-1,China,100025,-1,-1,-1,0.0,0.0,0.0,0.0,0.0,0.0,-1.0,
china_beijing_beijing_fragrant_hill_villa,beijing fragrant hill villa,http://www.tripadvisor.com/ShowUserReviews-g294212-d1048219-r38232638-Beijing_Fragrant_Hill_Villa-Beijing.html,fragrant hills park  haidian district,beijing,-1,China,100093,-1,-1,-1,0.0,0.0,0.0,0.0,0.0,0.0,-1.0,
china_beijing_tiantan_hotel,tiantan hotel,http://www.tripadvisor.com/ShowUserReviews-g294212-d1164341-r17155236-Tiantan_Hotel-Beijing.html,no.1 tiyuguan road  chongwen district,beijing,-1,China,100061,-1,-1,5,4.666666666666667,4.0,3.3333333333333335,2.6666666666666665,3.6666666666666665,0.0,3.6666666666666665,
china_beijing_jinjiang_inn_beijing_jiuxianqiao,jinjiang inn beijing jiuxianqiao,http://www.tripadvisor.com/ShowUserReviews-g294212-d1403623-r48793914-Jinjiang_Inn_Beijing_Jiuxianqiao-Beijing.html,no.10 jiuxianqiao road  chaoyang district,beijing,-1,China,100016,-1,-1,-1,0.0,0.0,0.0,0.0,0.0,0.0,-1.0,
china_beijing_hanting_express_beijing_wukesong,hanting express beijing wukesong,http://www.tripadvisor.com/ShowUserReviews-g294212-d1185776-r38433448-Hanting_Express_Beijing_Wukesong-Beijing.html,no.3 dacheng road  fengtai district,beijing,-1,China,100039,-1,-1,-1,0.0,0.0,0.0,0.0,0.0,0.0,-1.0,
china_beijing_shindom_inn_beijing_chongwenmen,shindom inn beijing chongwenmen,http://www.tripadvisor.com/ShowUserReviews-g294212-d1409561-r38337297-Shindom_Inn_Beijing_Chongwenmen-Beijing.html,no.24 chuanban hutong chongnei men streer  dongcheng district,beijing,-1,China,100005,-1,-1,-1,0.0,0.0,0.0,0.0,0.0,0.0,-1.0,
china_beijing_oriental_bay_international_hotel,oriental bay international hotel,http://www.tripadvisor.com/ShowUserReviews-g294212-d620552-r47933977-Oriental_Bay_International_Hotel-Beijing.html,no.9 dixingju ande street  dongcheng district,beijing,-1,China,100011,-1,-1,16,4.0,4.142857142857143,4.0,3.7142857142857144,4.0,0.0,3.9714285714285715,
china_beijing_jili_plaza,jili plaza,http://www.tripadvisor.com/ShowUserReviews-g294212-d1417809-r30922170-Jili_Plaza-Beijing.html,jia no.5 yabaolu street  chaoyang district,beijing,-1,China,100020,-1,-1,-1,0.0,0.0,0.0,0.0,0.0,0.0,-1.0,
china_beijing_hanting_express_beijing_changhongqiao,hanting express beijing changhongqiao,http://www.tripadvisor.com/ShowUserReviews-g294212-d1238603-r45717910-Hanting_Express_Beijing_Changhongqiao-Beijing.html,building 5  no.12 nongzhang nanli  chaoyang district,beijing,-1,China,100026,-1,-1,-1,0.0,0.0,0.0,0.0,0.0,0.0,-1.0,
china_beijing_beijing_dabao_hotel,beijing dabao hotel,http://www.tripadvisor.com/ShowUserReviews-g294212-d613682-r46445602-Beijing_Dabao_Hotel-Beijing.html,4 north longtan lane chongwen district,beijing,-1,China,100061,-1,-1,-1,0.0,0.0,0.0,0.0,0.0,0.0,-1.0,
china_beijing_hejia_hotel_beijing_baiyun_bridge,hejia hotel beijing baiyun bridge,http://www.tripadvisor.com/ShowUserReviews-g294212-d1464441-r39078506-Hejia_Hotel_Beijing_Baiyun_Bridge-Beijing.html,no.1 xiaomachang west alley  xuanwu district,beijing,-1,China,100054,-1,-1,-1,0.0,0.0,0.0,0.0,0.0,0.0,-1.0,
china_beijing_motel_268_beijing_wangfujing,motel 268 beijing wangfujing,http://www.tripadvisor.com/ShowUserReviews-g294212-d1031935-r48213377-Motel_268_Beijing_Wangfujing-Beijing.html,no.19 jinyu alley  dongcheng district,beijing,-1,China,100006,-1,-1,7,3.8,3.8,3.8,5.0,4.4,0.0,4.16,
china_beijing_jingguang_center_apartment_hotel,jingguang center apartment hotel,http://www.tripadvisor.com/ShowUserReviews-g294212-d1218536-r43553259-Jingguang_Center_Apartment_Hotel-Beijing.html,hujialou  chaoyang district,beijing,-1,China,100020,-1,-1,-1,0.0,0.0,0.0,0.0,0.0,0.0,-1.0,
china_beijing_orange_hotel_beijing_wangjing,orange hotel beijing wangjing,http://www.tripadvisor.com/ShowUserReviews-g294212-d1315816-r26973865-Orange_Hotel_Beijing_Wangjing-Beijing.html,no.8 huguang zhong street chaoyang district,beijing,-1,China,100102,-1,-1,1,5.0,5.0,5.0,4.0,5.0,0.0,4.8,
china_beijing_a_house_apartment_hotel_bird_s_nest,a house apartment hotel bird s nest,http://www.tripadvisor.com/ShowUserReviews-g294212-d1202233-r36789895-A_House_Apartment_Hotel_Bird_s_Nest-Beijing.html,no.1 fengbaoheng building  minzuyuan road  chaoyang district,beijing,-1,China,100029,-1,-1,-1,0.0,0.0,0.0,0.0,0.0,0.0,-1.0,
china_beijing_green_tree_inn_beijing_chaoyang_north_road,green tree inn beijing chaoyang north road,http://www.tripadvisor.com/ShowUserReviews-g294212-d1107304-r50477864-Green_Tree_Inn_Beijing_Chaoyang_North_Road-Beijing.html,no.26 south lane balizhuang  chaoyang north road  chaoyang district,beijing,-1,China,100025,-1,-1,-1,0.0,0.0,0.0,0.0,0.0,0.0,-1.0,
china_beijing_yuanchenxin_international_hotel,yuanchenxin international hotel,http://www.tripadvisor.com/ShowUserReviews-g294212-d1145575-r38513775-Yuanchenxin_International_Hotel-Beijing.html,no.12 yumin road  chaoyang district,beijing,-1,China,100029,-1,-1,-1,0.0,0.0,0.0,0.0,0.0,0.0,-1.0,
china_beijing_xinyuan_inn,xinyuan inn,http://www.tripadvisor.com/ShowUserReviews-g294212-d1203397-r39672631-Xinyuan_Inn-Beijing.html,no.131 lanman alley  xuanwu district,beijing,-1,China,100053,-1,-1,2,4.0,3.5,3.5,5.0,4.5,0.0,4.1,
china_beijing_holiday_inn_downtown_beijing,holiday inn downtown beijing,http://www.tripadvisor.com/ShowUserReviews-g294212-d1159023-r46131615-Holiday_Inn_Downtown_Beijing-Beijing.html,no.98 beilishi road  xicheng distrct,beijing,-1,China,100037,-1,-1,34,3.88,3.64,3.64,3.6,3.72,0.0,3.696,
china_beijing_365_inn_beijing_qianmen,365 inn beijing qianmen,http://www.tripadvisor.com/ShowUserReviews-g294212-d1158584-r39611514-365_Inn_Beijing_Qianmen-Beijing.html,no.55 dazhalan west street  xuanwu district,beijing,-1,China,100051,-1,-1,1,4.0,3.0,5.0,5.0,5.0,0.0,4.4,
china_beijing_shindom_inn_headquarter,shindom inn headquarter,http://www.tripadvisor.com/ShowUserReviews-g294212-d447372-r30922501-Shindom_Inn_Headquarter-Beijing.html,no.44 xinjiekou south street  xicheng district,beijing,-1,China,100035,-1,-1,-1,0.0,0.0,0.0,0.0,0.0,0.0,-1.0,
china_beijing_jiang_shan_yi_yuan_hotel,jiang shan yi yuan hotel,http://www.tripadvisor.com/ShowUserReviews-g294212-d1411448-r45626029-Jiang_Shan_Yi_Yuan_Hotel-Beijing.html,building 1  no.331 xitieying  youanmen wai  fengtai district,beijing,-1,China,100069,-1,-1,1,5.0,5.0,5.0,3.0,5.0,0.0,4.6,
china_beijing_jingmeng_plaza,jingmeng plaza,http://www.tripadvisor.com/ShowUserReviews-g294212-d1417819-r30920831-Jingmeng_Plaza-Beijing.html,no.188 luotuowan  gaolou village  lize road  fengtai district,beijing,-1,China,100073,-1,-1,-1,0.0,0.0,0.0,0.0,0.0,0.0,-1.0,
china_beijing_oriental_culture_hotel,oriental culture hotel,http://www.tripadvisor.com/ShowUserReviews-g294212-d305051-r34888184-Oriental_Culture_Hotel-Beijing.html,no.101 jiaodaokou east main street  dongcheng district,beijing,-1,China,100007,-1,-1,13,4.090909090909091,3.8181818181818183,3.3636363636363638,4.090909090909091,4.090909090909091,0.0,3.8909090909090907,
china_beijing_beijing_longdinghua_hotel,beijing longdinghua hotel,http://www.tripadvisor.com/ShowUserReviews-g294212-d813709-r38615969-Beijing_Longdinghua_Hotel-Beijing.html,no.18 dongli  panjiayuan   chaoyang district,beijing,-1,China,100021,-1,-1,-1,0.0,0.0,0.0,0.0,0.0,0.0,-1.0,
china_beijing_7_days_inn_beijing_liujiayao,7 days inn beijing liujiayao,http://www.tripadvisor.com/ShowUserReviews-g294212-d1230908-r45784707-7_Days_Inn_Beijing_Liujiayao-Beijing.html,no.29 nansanhuan east road  fengtai district,beijing,-1,China,100078,-1,-1,-1,0.0,0.0,0.0,0.0,0.0,0.0,-1.0,
china_beijing_golden_inn_beijing_jingsong,golden inn beijing jingsong,http://www.tripadvisor.com/ShowUserReviews-g294212-d1045427-r39438915-Golden_Inn_Beijing_Jingsong-Beijing.html,no.9 ertiao  guanghe nanli  chaoyang district,beijing,-1,China,100021,-1,-1,-1,0.0,0.0,0.0,0.0,0.0,0.0,-1.0,
china_beijing_traders_hotel,traders hotel,http://www.tripadvisor.com/ShowUserReviews-g294212-d302141-r49125619-Traders_Hotel-Beijing.html,no.1 jianguomen wai main street  chaoyang district,beijing,-1,China,100004,-1,-1,39,4.041666666666667,3.375,3.9166666666666665,3.9583333333333335,3.75,0.0,3.8083333333333336,
china_beijing_wangfujing_grand_hotel,wangfujing grand hotel,http://www.tripadvisor.com/ShowUserReviews-g294212-d305372-r50496129-Wangfujing_Grand_Hotel-Beijing.html,no.57 wangfujing avenue,beijing,-1,China,100006,-1,-1,61,3.5833333333333335,3.4166666666666665,3.5,4.354166666666667,3.4583333333333335,0.0,3.6625,
china_beijing_tianxin_education_hotel,tianxin education hotel,http://www.tripadvisor.com/ShowUserReviews-g294212-d1414266-r30922444-Tianxin_Education_Hotel-Beijing.html,no.203 xuanwumen wai main street  xuanwu district,beijing,-1,China,100052,-1,-1,-1,0.0,0.0,0.0,0.0,0.0,0.0,-1.0,
china_beijing_huanghe_jingdu_hotel,huanghe jingdu hotel,http://www.tripadvisor.com/ShowUserReviews-g294212-d1048225-r42827508-Huanghe_Jingdu_Hotel-Beijing.html,29 middle xizhaosi street  chongwen district,beijing,-1,China,100061,-1,-1,-1,0.0,0.0,0.0,0.0,0.0,0.0,-1.0,
china_beijing_class_fotel_hotel,class fotel hotel,http://www.tripadvisor.com/ShowUserReviews-g294212-d1421582-r49172787-Class_Fotel_Hotel-Beijing.html,no.19 xinyuanli west  chaoyang district,beijing,-1,China,100027,-1,-1,-1,0.0,0.0,0.0,0.0,0.0,0.0,-1.0,
china_beijing_tianrui_beijing,tianrui beijing,http://www.tripadvisor.com/ShowUserReviews-g294212-d300984-r49266147-Tianrui_Beijing-Beijing.html,no.15 bai shu hutong dong cheng,beijing,-1,China,100006,-1,-1,7,4.5,4.25,4.75,4.75,4.5,0.0,4.55,
china_beijing_home_inn_beijing_guomao,home inn beijing guomao,http://www.tripadvisor.com/ShowUserReviews-g294212-d610135-r48478686-Home_Inn_Beijing_Guomao-Beijing.html,no.20 baiziwan road  chaoyang district,beijing,-1,China,100022,-1,-1,-1,0.0,0.0,0.0,0.0,0.0,0.0,-1.0,
china_beijing_gloria_plaza_hotel_beijing,gloria plaza hotel beijing,http://www.tripadvisor.com/ShowUserReviews-g294212-d305303-r45269391-Gloria_Plaza_Hotel_Beijing-Beijing.html,no.2 jianguomennan avenue,beijing,-1,China,100022,-1,-1,30,3.263157894736842,3.210526315789474,3.3684210526315788,4.105263157894737,3.3684210526315788,0.0,3.4631578947368427,
china_beijing_guomen_business_hotel,guomen business hotel,http://www.tripadvisor.com/ShowUserReviews-g294212-d1036847-r26191301-Guomen_Business_Hotel-Beijing.html,no.1 tianzhu east road  shunyi district,beijing,-1,China,101312,-1,-1,1,5.0,5.0,5.0,5.0,5.0,0.0,5.0,
china_beijing_hanting_hotel_beijing_xuanwumen,hanting hotel beijing xuanwumen,http://www.tripadvisor.com/ShowUserReviews-g294212-d1028595-r46518866-Hanting_Hotel_Beijing_XuanWuMen-Beijing.html,no.92 waidajie  xuanwumen  xuanwu district,beijing,-1,China,100052,-1,-1,-1,0.0,0.0,0.0,0.0,0.0,0.0,-1.0,
china_beijing_qianyuan_international_business_hotel,qianyuan international business hotel,http://www.tripadvisor.com/ShowUserReviews-g294212-d652611-r32795608-Qianyuan_International_Business_Hotel-Beijing.html,no.19 dongzhimennei main street  dongcheng district,beijing,-1,China,100007,-1,-1,6,3.8,3.8,3.6,3.8,4.0,0.0,3.8,
china_beijing_yong_an_hotel,yong an hotel,http://www.tripadvisor.com/ShowUserReviews-g294212-d447376-r10020205-Yong_An_Hotel-Beijing.html,no.5a national agricultural exhibition hall north road,beijing,-1,China,100125,-1,-1,2,4.0,3.5,3.5,3.0,4.0,0.0,3.6,
china_beijing_beijing_far_east_international_youth_hostel,beijing far east international youth hostel,http://www.tripadvisor.com/ShowUserReviews-g294212-d324486-r49551609-Beijing_Far_East_International_Youth_Hostel-Beijing.html,no.90 tieshuxie street  xuanwu district,beijing,-1,China,100050,-1,-1,33,3.6206896551724137,3.3793103448275863,3.413793103448276,4.0344827586206895,3.9310344827586206,0.0,3.6758620689655173,
china_beijing_orange_hotel_beijing_zhongguancun,orange hotel beijing zhongguancun,http://www.tripadvisor.com/ShowUserReviews-g294212-d1027475-r49172750-Orange_Hotel_Beijing_Zhongguancun-Beijing.html,no. a7 zaojun temple  haidian district,beijing,-1,China,010083,-1,-1,-1,0.0,0.0,0.0,0.0,0.0,0.0,-1.0,
china_beijing_hanting_hotel_beijing_dongzhimen,hanting hotel beijing dongzhimen,http://www.tripadvisor.com/ShowUserReviews-g294212-d1238614-r42827389-Hanting_Hotel_Beijing_Dongzhimen-Beijing.html,dongzhimen waixie street  dongcheng district,beijing,-1,China,100027,-1,-1,-1,0.0,0.0,0.0,0.0,0.0,0.0,-1.0,
china_beijing_dahua_jinwan_hotel,dahua jinwan hotel,http://www.tripadvisor.com/ShowUserReviews-g294212-d1218347-r38615905-Dahua_Jinwan_Hotel-Beijing.html,renmin university south road  zhongguancun avenue  haidian district,beijing,-1,China,100086,-1,-1,-1,0.0,0.0,0.0,0.0,0.0,0.0,-1.0,
china_beijing_crab_island_natural_resort,crab island natural resort,http://www.tripadvisor.com/ShowUserReviews-g294212-d1417815-r43268879-Crab_Island_Natural_Resort-Beijing.html,no.1 xiedao road  chaoyang district,beijing,-1,China,100018,-1,-1,-1,0.0,0.0,0.0,0.0,0.0,0.0,-1.0,
china_beijing_new_world_hotel_jing_guang,new world hotel jing guang,http://www.tripadvisor.com/ShowUserReviews-g294212-d302922-r50520787-New_World_Hotel_Jing_Guang-Beijing.html,hujialou  chaoyang district,beijing,-1,China,100020,-1,-1,26,3.3,3.3,3.3,3.3,3.4,0.0,3.3200000000000003,
china_beijing_colour_inn_beijing_jinsheng_hongda_trading,colour inn beijing jinsheng hongda trading,http://www.tripadvisor.com/ShowUserReviews-g294212-d1368292-r48966840-Colour_Inn_Beijing_Jinsheng_Hongda_Trading-Beijing.html,building 10  area 15  heping street  caoyang district,beijing,-1,China,100013,-1,-1,-1,0.0,0.0,0.0,0.0,0.0,0.0,-1.0,
china_beijing_zhong_an_inn_zhong_an_hotel,zhong an inn zhong an hotel,http://www.tripadvisor.com/ShowUserReviews-g294212-d739096-r50052747-Zhong_An_Inn_Zhong_An_Hotel-Beijing.html,no.6 kuijiachang alley  beijingzhan east street  dongcheng district,beijing,-1,China,100005,-1,-1,40,3.7058823529411766,3.3529411764705883,3.5588235294117645,3.6176470588235294,3.911764705882353,0.0,3.629411764705883,
china_beijing_kuntai_royal_hotel,kuntai royal hotel,http://www.tripadvisor.com/ShowUserReviews-g294212-d589897-r26209628-Kuntai_Royal_Hotel-Beijing.html,no.12b chaoyangmenwai street  chaoyang district,beijing,-1,China,100020,-1,-1,15,4.666666666666667,4.166666666666667,4.166666666666667,4.333333333333333,3.8333333333333335,0.0,4.233333333333333,
china_beijing_plaza_hotel_beijing,plaza hotel beijing,http://www.tripadvisor.com/ShowUserReviews-g294212-d308191-r42511065-Plaza_Hotel_Beijing-Beijing.html,no.100 dongsanhuan south road  chaoyang district,beijing,-1,China,100021,-1,-1,17,4.384615384615385,4.076923076923077,3.8461538461538463,3.0,3.769230769230769,0.0,3.815384615384615,
china_beijing_home_inn_beijing_guang_anmen,home inn beijing guang anmen,http://www.tripadvisor.com/ShowUserReviews-g294212-d1239050-r39078542-Home_Inn_Beijing_Guang_anmen-Beijing.html,no.71 shoupakou south street  xuanwu district,beijing,-1,China,100055,-1,-1,-1,0.0,0.0,0.0,0.0,0.0,0.0,-1.0,
china_beijing_7_days_inn_beijing_huawei,7 days inn beijing huawei,http://www.tripadvisor.com/ShowUserReviews-g294212-d1409595-r48888409-7_Days_Inn_Beijing_Huawei-Beijing.html,no.36 songyu south road  chaoyang district,beijing,-1,China,100021,-1,-1,-1,0.0,0.0,0.0,0.0,0.0,0.0,-1.0,
china_beijing_courtyard_by_marriott,courtyard by marriott,http://www.tripadvisor.com/ShowUserReviews-g294212-d523998-r50450920-Courtyard_by_Marriott-Beijing.html,no.3-18 chongwenmen wai street  chongwen district,beijing,-1,China,100062,-1,-1,92,3.4444444444444446,3.3492063492063493,3.3015873015873014,4.174603174603175,3.4603174603174605,0.0,3.5460317460317454,
china_beijing_crowne_plaza_international_airport_hotel_beijing,crowne plaza international airport hotel beijing,http://www.tripadvisor.com/ShowUserReviews-g294212-d1110861-r50416318-Crowne_Plaza_International_Airport_Hotel_Beijing-Beijing.html,no.60 fuqian 1 street  tianzhu  shunyi district,beijing,-1,China,101312,-1,-1,21,4.65,4.25,3.35,3.1,3.9,0.0,3.85,
china_beijing_b_b_inn_beijing_shaoyaoju,b b inn beijing shaoyaoju,http://www.tripadvisor.com/ShowUserReviews-g294212-d1160203-r34378043-B_B_Inn_Beijing_Shaoyaoju-Beijing.html,no.3  a3 building shaoyaoju  chaoyang district,beijing,-1,China,100029,-1,-1,-1,0.0,0.0,0.0,0.0,0.0,0.0,-1.0,
china_beijing_peixin_hotel_beijing,peixin hotel beijing,http://www.tripadvisor.com/ShowUserReviews-g294212-d325537-r37288605-Peixin_Hotel_Beijing-Beijing.html,no. a5 peixin street  chongwen district,beijing,-1,China,100061,-1,-1,6,4.2,4.4,4.6,3.4,4.4,0.0,4.2,
china_beijing_home_inn_beijing_international_exhibition_center_san_yuan_bridge,home inn beijing international exhibition center san yuan bridge,http://www.tripadvisor.com/ShowUserReviews-g294212-d1491350-r48309665-Home_Inn_Beijing_International_Exhibition_Center_San_Yuan_Bridge-Beijing.html,no.36 xibahe east li  chaoyang district,beijing,-1,China,100028,-1,-1,-1,0.0,0.0,0.0,0.0,0.0,0.0,-1.0,
china_beijing_china_people_s_palace,china people s palace,http://www.tripadvisor.com/ShowUserReviews-g294212-d325503-r50245949-China_People_s_Palace-Beijing.html,no.1 zhenwumiao road  xicheng district,beijing,-1,China,100045,-1,-1,2,4.5,4.5,4.0,4.5,5.0,0.0,4.5,
china_beijing_beijing_dong_fang_hotel,beijing dong fang hotel,http://www.tripadvisor.com/ShowUserReviews-g294212-d788456-r48483014-Beijing_Dong_Fang_Hotel-Beijing.html,no.11 wanming road  xuanwu district,beijing,-1,China,100050,-1,-1,20,3.642857142857143,3.642857142857143,3.5714285714285716,3.2857142857142856,3.4285714285714284,0.0,3.514285714285714,
china_beijing_hanting_express_beijing_bird_s_nest_olympic_stadium,hanting express beijing bird s nest olympic stadium,http://www.tripadvisor.com/ShowUserReviews-g294212-d1407767-r38232617-Hanting_Express_Beijing_Bird_s_Nest_Olympic_Stadium-Beijing.html,19-20 building anhui east li  beisihuan east road  north sihuandong road chaoyang district,beijing,-1,China,100101,-1,-1,-1,0.0,0.0,0.0,0.0,0.0,0.0,-1.0,
china_beijing_liangma_tianyang_hotel,liangma tianyang hotel,http://www.tripadvisor.com/ShowUserReviews-g294212-d1411462-r30922300-Liangma_Tianyang_Hotel-Beijing.html,no.184 xiheyan street  qianmen  xuanwu district,beijing,-1,China,100054,-1,-1,-1,0.0,0.0,0.0,0.0,0.0,0.0,-1.0,
china_beijing_joy_city_hotel,joy city hotel,http://www.tripadvisor.com/ShowUserReviews-g294212-d1034310-r49796047-Joy_City_Hotel-Beijing.html,no.131 xidan north main street  xicheng district,beijing,-1,China,100032,-1,-1,17,3.2857142857142856,3.7142857142857144,3.142857142857143,4.428571428571429,3.642857142857143,0.0,3.6428571428571432,
china_beijing_green_tree_inn_beijing_national_stadium,green tree inn beijing national stadium,http://www.tripadvisor.com/ShowUserReviews-g294212-d1176867-r42366134-Green_Tree_Inn_Beijing_National_Stadium-Beijing.html,no.17 anzhenxili  no.2 community,beijing,-1,China,100029,-1,-1,-1,0.0,0.0,0.0,0.0,0.0,0.0,-1.0,
china_beijing_kaide_hotel,kaide hotel,http://www.tripadvisor.com/ShowUserReviews-g294212-d1441267-r30923124-Kaide_Hotel-Beijing.html,no.4 zhengda south road  haidian district,beijing,-1,China,100039,-1,-1,-1,0.0,0.0,0.0,0.0,0.0,0.0,-1.0,
china_beijing_beijing_international_shipping_hotel,beijing international shipping hotel,http://www.tripadvisor.com/ShowUserReviews-g294212-d1315879-r44098379-Beijing_International_Shipping_Hotel-Beijing.html,no.a2 yuetan beixiaojie  xicheng district,beijing,-1,China,100037,-1,-1,-1,0.0,0.0,0.0,0.0,0.0,0.0,-1.0,
china_beijing_7_days_inn_beijing_dongsi,7 days inn beijing dongsi,http://www.tripadvisor.com/ShowUserReviews-g294212-d1041947-r37046257-7_Days_Inn_Beijing_Dongsi-Beijing.html,no.45 liutiao  dongsi  dongcheng district,beijing,-1,China,-1,-1,-1,-1,0.0,0.0,0.0,0.0,0.0,0.0,-1.0,
china_beijing_tianzhao_hotel,tianzhao hotel,http://www.tripadvisor.com/ShowUserReviews-g294212-d1217294-r30917639-Tianzhao_Hotel-Beijing.html,no.18 gongtidong road  chaoyang district,beijing,-1,China,100020,-1,-1,-1,0.0,0.0,0.0,0.0,0.0,0.0,-1.0,
china_beijing_7_days_inn_beijing_sihui,7 days inn beijing sihui,http://www.tripadvisor.com/ShowUserReviews-g294212-d1230262-r47070139-7_Days_Inn_Beijing_Sihui-Beijing.html,no.2 shimencun road  baiziwan  chaoyang district,beijing,-1,China,100022,-1,-1,-1,0.0,0.0,0.0,0.0,0.0,0.0,-1.0,
china_beijing_joy_inn_beijing_xizhimen,joy inn beijing xizhimen,http://www.tripadvisor.com/ShowUserReviews-g294212-d1030676-r38433396-Joy_Inn_Beijing_Xizhimen-Beijing.html,no.126 xizhimen'nei street  haidian district,beijing,-1,China,100035,-1,-1,-1,0.0,0.0,0.0,0.0,0.0,0.0,-1.0,
china_beijing_qianmen_hotel,qianmen hotel,http://www.tripadvisor.com/ShowUserReviews-g294212-d1431873-r44389467-Qianmen_Hotel-Beijing.html,no.241 east damechang street  qianmen  chongwen district,beijing,-1,China,100061,-1,-1,-1,0.0,0.0,0.0,0.0,0.0,0.0,-1.0,
china_beijing_oriental_garden_hotel,oriental garden hotel,http://www.tripadvisor.com/ShowUserReviews-g294212-d319227-r31765444-Oriental_Garden_Hotel-Beijing.html,no.6 dongzhimen south main street  dongcheng district,beijing,-1,China,100027,-1,-1,8,4.0,3.7142857142857144,3.5714285714285716,3.4285714285714284,3.4285714285714284,0.0,3.628571428571429,
china_beijing_novotel_xinqiao_beijing,novotel xinqiao beijing,http://www.tripadvisor.com/ShowUserReviews-g294212-d299851-r49888740-Novotel_Xinqiao_Beijing-Beijing.html,no.2 dong jiao min xiang,beijing,-1,China,100005,-1,-1,133,3.8173076923076925,3.4326923076923075,3.2596153846153846,4.144230769230769,3.6153846153846154,0.0,3.653846153846154,
china_beijing_huanyu_jinghang_airport_hotel,huanyu jinghang airport hotel,http://www.tripadvisor.com/ShowUserReviews-g294212-d1146272-r44178359-Huanyu_Jinghang_Airport_Hotel-Beijing.html,no.32 fuqianyi street  shunyi district,beijing,-1,China,101312,-1,-1,1,1.0,1.0,1.0,1.0,1.0,0.0,1.0,
china_beijing_hebei_hotel_beijing,hebei hotel beijing,http://www.tripadvisor.com/ShowUserReviews-g294212-d624904-r8753325-Hebei_Hotel_Beijing-Beijing.html,a11 cheniandian  andingmennei,beijing,-1,China,100009,-1,-1,4,2.75,2.5,3.5,4.25,2.75,0.0,3.15,
china_beijing_beijing_coto_modern_hotel_hepingli,beijing coto modern hotel hepingli,http://www.tripadvisor.com/ShowUserReviews-g294212-d1027511-r30920791-Beijing_COTO_Modern_Hotel_Hepingli-Beijing.html,no.13 heping road  apt.1  chaoyang district,beijing,-1,China,100013,-1,-1,-1,0.0,0.0,0.0,0.0,0.0,0.0,-1.0,
china_beijing_city_hotel_beijing,city hotel beijing,http://www.tripadvisor.com/ShowUserReviews-g294212-d308428-r46352101-City_Hotel_Beijing-Beijing.html,no.4 east gongti road  chaoyang district,beijing,-1,China,100027,-1,-1,5,2.8,2.8,2.2,3.8,3.0,0.0,2.9200000000000004,
china_beijing_jinghai_building,jinghai building,http://www.tripadvisor.com/ShowUserReviews-g294212-d1029135-r30918596-Jinghai_Building-Beijing.html,no.19 cuiwei road  haidian district,beijing,-1,China,100036,-1,-1,-1,0.0,0.0,0.0,0.0,0.0,0.0,-1.0,
china_beijing_cinderella_apartments,cinderella apartments,http://www.tripadvisor.com/ShowUserReviews-g294212-d1076196-r46118701-Cinderella_Apartments-Beijing.html,no.30 anning zhuang east road  haidian district,beijing,-1,China,100085,-1,-1,4,3.75,3.75,3.75,2.75,3.5,0.0,3.5,
china_beijing_jinheng_hotel,jinheng hotel,http://www.tripadvisor.com/ShowUserReviews-g294212-d1435925-r30922244-Jinheng_Hotel-Beijing.html,gucheng main street  shijingshan district,beijing,-1,China,100043,-1,-1,-1,0.0,0.0,0.0,0.0,0.0,0.0,-1.0,
china_beijing_wendu_shortcut_business_affairs_hotel,wendu shortcut business affairs hotel,http://www.tripadvisor.com/ShowUserReviews-g294212-d1315708-r30921056-Wendu_Shortcut_Business_Affairs_Hotel-Beijing.html,no.2 xiju south road  fengtai district,beijing,-1,China,100073,-1,-1,-1,0.0,0.0,0.0,0.0,0.0,0.0,-1.0,
china_beijing_7_days_inn_beijing_madianqiao,7 days inn beijing madianqiao,http://www.tripadvisor.com/ShowUserReviews-g294212-d1230347-r39078630-7_Days_Inn_Beijing_Madianqiao-Beijing.html,no.2 deshengmenwai street  xicheng district,beijing,-1,China,-1,-1,-1,-1,0.0,0.0,0.0,0.0,0.0,0.0,-1.0,
china_beijing_days_inn_joiest_beijing,days inn joiest beijing,http://www.tripadvisor.com/ShowUserReviews-g294212-d608011-r46608690-Days_Inn_Joiest_Beijing-Beijing.html,no.14 east avenue zhushikou  chongwen district,beijing,-1,China,100050,-1,-1,13,3.5,3.2,3.0,3.4,3.0,0.0,3.22,
china_beijing_beijing_international_hotel,beijing international hotel,http://www.tripadvisor.com/ShowUserReviews-g294212-d302918-r49867234-Beijing_International_Hotel-Beijing.html,no.9 jiangguo mennei street  dongcheng district,beijing,-1,China,100005,-1,-1,49,3.4054054054054053,3.4054054054054053,3.4054054054054053,4.027027027027027,3.4054054054054053,0.0,3.529729729729729,
china_beijing_super_8_beijing_fang_zhuang_shun_xiang,super 8 beijing fang zhuang shun xiang,http://www.tripadvisor.com/ShowUserReviews-g294212-d1156900-r37907275-Super_8_Beijing_Fang_Zhuang_Shun_Xiang-Beijing.html,no.69 fangzhuan bridge  fengtai district,beijing,-1,China,100078,-1,-1,-1,0.0,0.0,0.0,0.0,0.0,0.0,-1.0,
china_beijing_comfort_suites_beijing_yayuncun,comfort suites beijing yayuncun,http://www.tripadvisor.com/ShowUserReviews-g294212-d1159254-r48544822-Comfort_Suites_Beijing_Yayuncun-Beijing.html,no.302 huizhong bei li  chaoyang district,beijing,-1,China,100012,-1,-1,2,5.0,5.0,4.5,3.5,4.0,0.0,4.4,
china_beijing_jinjiang_inn_beijing_tiantan_park,jinjiang inn beijing tiantan park,http://www.tripadvisor.com/ShowUserReviews-g294212-d1029140-r38941354-Jinjiang_Inn_Beijing_Tiantan_Park-Beijing.html,no.1 fahua nanli  chongwen district,beijing,-1,China,100061,-1,-1,1,3.0,2.0,2.0,4.0,2.0,0.0,2.6,
china_beijing_jingcheng_138_business_hotel,jingcheng 138 business hotel,http://www.tripadvisor.com/ShowUserReviews-g294212-d1421499-r45718018-Jingcheng_138_Business_Hotel-Beijing.html,no.9 dongshanhuan south road  chaoyang district,beijing,-1,China,100021,-1,-1,-1,0.0,0.0,0.0,0.0,0.0,0.0,-1.0,
china_beijing_grand_millennium_beijing,grand millennium beijing,http://www.tripadvisor.com/ShowUserReviews-g294212-d1079831-r47137191-Grand_Millennium_Beijing-Beijing.html,fortune plaza  no.7 dongsanhuan middle road  chaoyang district,beijing,-1,China,100020,-1,-1,14,4.285714285714286,4.357142857142857,3.5,4.0,3.5714285714285716,0.0,3.942857142857142,
china_beijing_super_8_beijing_bird_s_nest,super 8 beijing bird s nest,http://www.tripadvisor.com/ShowUserReviews-g294212-d677090-r38134274-Super_8_Beijing_Bird_s_Nest-Beijing.html,building 8  anhui north block  chaoyang district,beijing,-1,China,100101,-1,-1,-1,0.0,0.0,0.0,0.0,0.0,0.0,-1.0,
china_beijing_dingsheng_garden_hotel,dingsheng garden hotel,http://www.tripadvisor.com/ShowUserReviews-g294212-d1435988-r30920845-Dingsheng_Garden_Hotel-Beijing.html,no.38 donghuochang road  east main street  fengtai district,beijing,-1,China,100071,-1,-1,-1,0.0,0.0,0.0,0.0,0.0,0.0,-1.0,
china_beijing_fujian_hotel,fujian hotel,http://www.tripadvisor.com/ShowUserReviews-g294212-d308430-r18626583-Fujian_Hotel-Beijing.html,building 11  block 3  anzhen xili  chaoyang district,beijing,-1,China,100029,-1,-1,5,4.5,4.0,4.5,4.25,5.0,0.0,4.45,
china_beijing_green_tree_inn_beijing_tangren_street_one_liuli_bridge,green tree inn beijing tangren street one liuli bridge,http://www.tripadvisor.com/ShowUserReviews-g294212-d1407814-r37344805-Green_Tree_Inn_Beijing_Tangren_Street_One_Liuli_Bridge-Beijing.html,no.9 jia huayuanyi li  fengtai district,beijing,-1,China,100073,-1,-1,-1,0.0,0.0,0.0,0.0,0.0,0.0,-1.0,
china_beijing_home_inn_beijing_anzhen,home inn beijing anzhen,http://www.tripadvisor.com/ShowUserReviews-g294212-d1029002-r30924583-Home_Inn_Beijing_Anzhen-Beijing.html,no.12 dongli  xiaoguan  chaoyang district,beijing,-1,China,100029,-1,-1,-1,0.0,0.0,0.0,0.0,0.0,0.0,-1.0,
china_beijing_golden_inn_beijing_sijiqing,golden inn beijing sijiqing,http://www.tripadvisor.com/ShowUserReviews-g294212-d1178384-r38134553-Golden_Inn_Beijing_Sijiqing-Beijing.html,inside of golden harbor hotel  no.136 xisihuan north road  haidian district,beijing,-1,China,100089,-1,-1,-1,0.0,0.0,0.0,0.0,0.0,0.0,-1.0,
china_beijing_holiday_inn_express_beijing_wangjing,holiday inn express beijing wangjing,http://www.tripadvisor.com/ShowUserReviews-g294212-d1142465-r36103806-Holiday_Inn_Express_Beijing_Wangjing-Beijing.html,building 6  no.6 wangjing futong east road  chaoyang district,beijing,-1,China,100102,-1,-1,5,4.2,4.0,3.8,3.0,4.0,0.0,3.8,
china_beijing_beijing_broadcasting_tower_hotel,beijing broadcasting tower hotel,http://www.tripadvisor.com/ShowUserReviews-g294212-d1556464-r50061133-BeiJing_Broadcasting_Tower_Hotel-Beijing.html,no.14a jianwai main street  chaoyang district,beijing,-1,China,100022,-1,-1,-1,0.0,0.0,0.0,0.0,0.0,0.0,-1.0,
china_beijing_xisi_hotel,xisi hotel,http://www.tripadvisor.com/ShowUserReviews-g294212-d1414282-r49738876-Xisi_Hotel-Beijing.html,no.158 xisi north main street  xicheng district,beijing,-1,China,100034,-1,-1,-1,0.0,0.0,0.0,0.0,0.0,0.0,-1.0,
china_beijing_lovetown_travel_hotel_beijing_guomao,lovetown travel hotel beijing guomao,http://www.tripadvisor.com/ShowUserReviews-g294212-d1026773-r46912938-Lovetown_Travel_Hotel_Beijing_Guomao-Beijing.html,no.12 guanghua road  chaoyang district,beijing,-1,China,100020,-1,-1,-1,0.0,0.0,0.0,0.0,0.0,0.0,-1.0,
china_beijing_green_tree_inn_beijing_shijin_moutain,green tree inn beijing shijin moutain,http://www.tripadvisor.com/ShowUserReviews-g294212-d1407813-r39129535-Green_Tree_Inn_Beijing_Shijin_Moutain-Beijing.html,no.25 gucheng west street  xicheng district,beijing,-1,China,100031,-1,-1,-1,0.0,0.0,0.0,0.0,0.0,0.0,-1.0,
china_beijing_tiantian_holiday_hotel,tiantian holiday hotel,http://www.tripadvisor.com/ShowUserReviews-g294212-d614678-r42366073-Tiantian_Holiday_Hotel-Beijing.html,17 wanshou road  haidian district,beijing,-1,China,100036,-1,-1,-1,0.0,0.0,0.0,0.0,0.0,0.0,-1.0,
china_beijing_7_days_inn_beijing_jingsong,7 days inn beijing jingsong,http://www.tripadvisor.com/ShowUserReviews-g294212-d1045461-r30920922-7_Days_Inn_Beijing_Jingsong-Beijing.html,no.5 jingsong south road  chaoyang district,beijing,-1,China,100021,-1,-1,1,3.0,2.0,5.0,3.0,5.0,0.0,3.6,
china_beijing_jialihua_guest_house_beijing_dingfuzhuang,jialihua guest house beijing dingfuzhuang,http://www.tripadvisor.com/ShowUserReviews-g294212-d1440474-r42126271-Jialihua_Guest_House_Beijing_Dingfuzhuang-Beijing.html,no.1 dingfuzhuang west street  chaoyang district,beijing,-1,China,100024,-1,-1,-1,0.0,0.0,0.0,0.0,0.0,0.0,-1.0,
china_beijing_super_8_beijing_ao_yun_cun,super 8 beijing ao yun cun,http://www.tripadvisor.com/ShowUserReviews-g294212-d1176306-r46073459-Super_8_Beijing_Ao_Yun_Cun-Beijing.html,no.3 yumin road  chaoyang district,beijing,-1,China,100029,-1,-1,-1,0.0,0.0,0.0,0.0,0.0,0.0,-1.0,
china_beijing_harat_austraders_hotel,harat austraders hotel,http://www.tripadvisor.com/ShowUserReviews-g294212-d1026738-r38433451-Harat_Austraders_Hotel-Beijing.html,no.1a nanshatan  chaoyang district,beijing,-1,China,100101,-1,-1,-1,0.0,0.0,0.0,0.0,0.0,0.0,-1.0,
china_beijing_hanting_hotel_beijing_wangfujing,hanting hotel beijing wangfujing,http://www.tripadvisor.com/ShowUserReviews-g294212-d1107867-r37006788-Hanting_Hotel_Beijing_Wangfujing-Beijing.html,no.20 wangfujing road  dongcheng district,beijing,-1,China,100006,-1,-1,2,5.0,3.5,5.0,4.5,4.5,0.0,4.5,
china_beijing_kandanhong_hotel,kandanhong hotel,http://www.tripadvisor.com/ShowUserReviews-g294212-d1431925-r30920303-Kandanhong_Hotel-Beijing.html,no.113 zaojia village  fengtai east road  fengtai district,beijing,-1,China,100071,-1,-1,-1,0.0,0.0,0.0,0.0,0.0,0.0,-1.0,
china_beijing_holiday_inn_chang_an_west,holiday inn chang an west,http://www.tripadvisor.com/ShowUserReviews-g294212-d305319-r46830809-Holiday_Inn_Chang_An_West-Beijing.html,no.66 yongding road  haidian district,beijing,-1,China,100039,-1,-1,13,4.818181818181818,4.7272727272727275,4.454545454545454,3.3636363636363638,4.454545454545454,0.0,4.363636363636364,
china_beijing_jinbaili_hotel,jinbaili hotel,http://www.tripadvisor.com/ShowUserReviews-g294212-d1229900-r38232884-Jinbaili_Hotel-Beijing.html,no.8 taipingqiao cun yi  fengtai district,beijing,-1,China,100073,-1,-1,-1,0.0,0.0,0.0,0.0,0.0,0.0,-1.0,
china_beijing_home_inn_beijing_yozhuang_tianhua_west_road,home inn beijing yozhuang tianhua west road,http://www.tripadvisor.com/ShowUserReviews-g294212-d1403746-r45784795-Home_Inn_Beijing_Yozhuang_Tianhua_West_Road-Beijing.html,building 5  1st block  tianhuayuan yili  tianhua west road,beijing,-1,China,100176,-1,-1,-1,0.0,0.0,0.0,0.0,0.0,0.0,-1.0,
china_beijing_zhonguanyuan_global_village_pku,zhonguanyuan global village pku,http://www.tripadvisor.com/ShowUserReviews-g294212-d1438003-r46471371-Zhonguanyuan_Global_Village_PKU-Beijing.html,no.126 zhongguancun north main street  haidian district,beijing,-1,China,100089,-1,-1,-1,0.0,0.0,0.0,0.0,0.0,0.0,-1.0,
china_beijing_hanting_express_beijing_zhongguancun_south,hanting express beijing zhongguancun south,http://www.tripadvisor.com/ShowUserReviews-g294212-d1028598-r41523362-Hanting_Express_Beijing_Zhongguancun_South-Beijing.html,no.17 daliushu road-a  haidian district,beijing,-1,China,100081,-1,-1,-1,0.0,0.0,0.0,0.0,0.0,0.0,-1.0,
china_beijing_guoren_hotel,guoren hotel,http://www.tripadvisor.com/ShowUserReviews-g294212-d1027625-r30922123-Guoren_Hotel-Beijing.html,no.a 2 qianmen east street  chongwen district,beijing,-1,China,100051,-1,-1,-1,0.0,0.0,0.0,0.0,0.0,0.0,-1.0,
china_beijing_home_inn_beijing_cai_shi_kou,home inn beijing cai shi kou,http://www.tripadvisor.com/ShowUserReviews-g294212-d614702-r30918167-Home_Inn_Beijing_Cai_Shi_Kou-Beijing.html,no.38 south main street  caishikou  xuanwu district,beijing,-1,China,100045,-1,-1,-1,0.0,0.0,0.0,0.0,0.0,0.0,-1.0,
china_beijing_baolinxuan_international_hotel,baolinxuan international hotel,http://www.tripadvisor.com/ShowUserReviews-g294212-d1235578-r30918225-Baolinxuan_International_Hotel-Beijing.html,no.80 south xizhan road (xizhan nan lu),beijing,-1,China,100055,-1,-1,-1,0.0,0.0,0.0,0.0,0.0,0.0,-1.0,
