doc_id,hotel_name,hotel_url,street,city,state,country,zip,class,price,num_reviews,CLEANLINESS,ROOM,SERVICE,LOCATION,VALUE,COMFORT,overall_ratingsource
usa_illinois_chicago_the_talbott_hotel,the talbott hotel,http://www.tripadvisor.com/ShowUserReviews-g35805-d87654-r50522433-The_Talbott_Hotel-Chicago_Illinois.html,-1,chicago,il,usa,60611,-1,-1,212,4.729508196721311,4.655737704918033,4.647540983606557,4.844262295081967,4.483606557377049,0.0,4.672131147540984,
usa_illinois_chicago_sofitel_chicago_water_tower,sofitel chicago water tower,http://www.tripadvisor.com/ShowUserReviews-g35805-d236299-r49653922-Sofitel_Chicago_Water_Tower-Chicago_Illinois.html,-1,chicago,il,usa,60611,-1,-1,346,4.760797342192691,4.558139534883721,4.604651162790698,4.794019933554817,4.289036544850498,0.0,4.601328903654485,
usa_illinois_chicago_trump_international_hotel_tower_chicago,trump international hotel tower chicago,http://www.tripadvisor.com/ShowUserReviews-g35805-d674283-r50244054-Trump_International_Hotel_Tower_Chicago-Chicago_Illinois.html,-1,chicago,il,usa,60611,-1,-1,128,4.888888888888889,4.842592592592593,4.574074074074074,4.861111111111111,4.314814814814815,0.0,4.696296296296296,
usa_illinois_chicago_hampton_inn_majestic_chicago,hampton inn majestic chicago,http://www.tripadvisor.com/ShowUserReviews-g35805-d619615-r50442333-Hampton_Inn_Majestic_Chicago-Chicago_Illinois.html,-1,chicago,il,usa,60603,-1,-1,141,4.757575757575758,4.590909090909091,4.492424242424242,4.742424242424242,4.393939393939394,0.0,4.595454545454546,
usa_illinois_chicago_residence_inn_chicago_downtown_river_north,residence inn chicago downtown river north,http://www.tripadvisor.com/ShowUserReviews-g35805-d674288-r50423330-Residence_Inn_Chicago_Downtown_River_North-Chicago_Illinois.html,-1,chicago,il,usa,60610,-1,-1,82,4.7875,4.6,4.65,4.725,4.4625,0.0,4.6450000000000005,
usa_illinois_chicago_hotel_monaco_chicago_a_kimpton_hotel,hotel monaco chicago a kimpton hotel,http://www.tripadvisor.com/ShowUserReviews-g35805-d111492-r50307828-Hotel_Monaco_Chicago_a_Kimpton_Hotel-Chicago_Illinois.html,-1,chicago,il,usa,60601,-1,-1,347,4.601941747572815,4.466019417475728,4.533980582524272,4.713592233009709,4.271844660194175,0.0,4.51747572815534,
usa_illinois_chicago_park_hyatt_chicago,park hyatt chicago,http://www.tripadvisor.com/ShowUserReviews-g35805-d87632-r49535165-Park_Hyatt_Chicago-Chicago_Illinois.html,-1,chicago,il,usa,60611,-1,-1,152,4.795180722891566,4.734939759036145,4.493975903614458,4.927710843373494,4.265060240963855,0.0,4.643373493975903,
usa_illinois_chicago_springhill_suites_chicago_downtown_river_north,springhill suites chicago downtown river north,http://www.tripadvisor.com/ShowUserReviews-g35805-d1045286-r50244304-SpringHill_Suites_Chicago_Downtown_River_North-Chicago_Illinois.html,-1,chicago,il,usa,60610,-1,-1,79,4.648648648648648,4.486486486486487,4.513513513513513,4.675675675675675,4.472972972972973,0.0,4.559459459459459,
usa_illinois_chicago_homewood_suites_by_hilton_chicago_downtown,homewood suites by hilton chicago downtown,http://www.tripadvisor.com/ShowUserReviews-g35805-d90959-r50423720-Homewood_Suites_by_Hilton_Chicago_Downtown-Chicago_Illinois.html,-1,chicago,il,usa,60611,-1,-1,293,4.523148148148148,4.421296296296297,4.523148148148148,4.819444444444445,4.513888888888889,0.0,4.560185185185185,
usa_illinois_chicago_affinia_chicago,affinia chicago,http://www.tripadvisor.com/ShowUserReviews-g35805-d114595-r50520554-Affinia_Chicago-Chicago_Illinois.html,-1,chicago,il,usa,60611,-1,-1,413,4.695817490494297,4.577946768060836,4.574144486692015,4.836501901140684,4.437262357414449,0.0,4.624334600760457,
usa_illinois_chicago_dana_hotel_spa,dana hotel spa,http://www.tripadvisor.com/ShowUserReviews-g35805-d1027237-r50419515-Dana_Hotel_Spa-Chicago_Illinois.html,-1,chicago,il,usa,60654,-1,-1,115,4.685714285714286,4.3619047619047615,4.314285714285714,4.704761904761905,4.20952380952381,0.0,4.455238095238096,
usa_illinois_chicago_the_peninsula_chicago,the peninsula chicago,http://www.tripadvisor.com/ShowUserReviews-g35805-d225105-r46199230-The_Peninsula_Chicago-Chicago_Illinois.html,-1,chicago,il,usa,60611,-1,-1,148,4.632911392405063,4.506329113924051,4.506329113924051,4.772151898734177,3.9873417721518987,0.0,4.481012658227848,
usa_illinois_chicago_the_blackstone_a_renaissance_hotel,the blackstone a renaissance hotel,http://www.tripadvisor.com/ShowUserReviews-g35805-d841981-r50363491-The_Blackstone_A_Renaissance_Hotel-Chicago_Illinois.html,-1,chicago,il,usa,60605,-1,-1,112,4.705882352941177,4.53921568627451,4.3431372549019605,4.5,4.245098039215686,0.0,4.466666666666667,
usa_illinois_chicago_james_chicago,james chicago,http://www.tripadvisor.com/ShowUserReviews-g35805-d609738-r50426838-James_Chicago-Chicago_Illinois.html,-1,chicago,il,usa,60611,-1,-1,262,4.622222222222222,4.333333333333333,4.391111111111111,4.764444444444444,4.142222222222222,0.0,4.450666666666666,
usa_illinois_chicago_amalfi_hotel_chicago,amalfi hotel chicago,http://www.tripadvisor.com/ShowUserReviews-g35805-d293203-r50531967-Amalfi_Hotel_Chicago-Chicago_Illinois.html,-1,chicago,il,usa,60610,-1,-1,320,4.60427807486631,4.39572192513369,4.374331550802139,4.518716577540107,4.3689839572192515,0.0,4.452406417112299,
usa_illinois_chicago_four_seasons_hotel_chicago,four seasons hotel chicago,http://www.tripadvisor.com/ShowUserReviews-g35805-d114591-r49833351-Four_Seasons_Hotel_Chicago-Chicago_Illinois.html,-1,chicago,il,usa,60611,-1,-1,102,4.672413793103448,4.568965517241379,4.517241379310345,4.879310344827586,4.189655172413793,0.0,4.56551724137931,
usa_illinois_chicago_hotel_burnham_a_kimpton_hotel,hotel burnham a kimpton hotel,http://www.tripadvisor.com/ShowUserReviews-g35805-d111490-r50516552-Hotel_Burnham_a_Kimpton_Hotel-Chicago_Illinois.html,-1,chicago,il,usa,60602,-1,-1,304,4.699346405228758,4.398692810457517,4.562091503267974,4.718954248366013,4.294117647058823,0.0,4.534640522875817,
usa_illinois_chicago_conrad_chicago,conrad chicago,http://www.tripadvisor.com/ShowUserReviews-g35805-d217498-r50490154-Conrad_Chicago-Chicago_Illinois.html,-1,chicago,il,usa,60611,-1,-1,295,4.649484536082475,4.530927835051546,4.371134020618556,4.757731958762887,4.092783505154639,0.0,4.480412371134021,
usa_illinois_chicago_thewit_hotel,thewit hotel,http://www.tripadvisor.com/ShowUserReviews-g35805-d1235890-r50361896-TheWit_Hotel-Chicago_Illinois.html,-1,chicago,il,usa,60601,-1,-1,63,4.781818181818182,4.218181818181818,4.290909090909091,4.763636363636364,4.109090909090909,0.0,4.432727272727273,
usa_illinois_chicago_renaissance_chicago_hotel,renaissance chicago hotel,http://www.tripadvisor.com/ShowUserReviews-g35805-d87637-r49014929-Renaissance_Chicago_Hotel-Chicago_Illinois.html,-1,chicago,il,usa,60601,-1,-1,190,4.603603603603603,4.405405405405405,4.36036036036036,4.756756756756757,4.072072072072072,0.0,4.439639639639639,
usa_illinois_chicago_the_sutton_place_hotel,the sutton place hotel,http://www.tripadvisor.com/ShowUserReviews-g35805-d111509-r50180484-The_Sutton_Place_Hotel-Chicago_Illinois.html,-1,chicago,il,usa,60611,-1,-1,127,4.626373626373627,4.362637362637362,4.351648351648351,4.813186813186813,4.164835164835165,0.0,4.463736263736264,
usa_illinois_chicago_the_westin_chicago_river_north,the westin chicago river north,http://www.tripadvisor.com/ShowUserReviews-g35805-d87659-r50290528-The_Westin_Chicago_River_North-Chicago_Illinois.html,-1,chicago,il,usa,60610,-1,-1,190,4.54954954954955,4.5225225225225225,4.171171171171171,4.5675675675675675,3.981981981981982,0.0,4.358558558558558,
usa_illinois_chicago_holiday_inn_chicago_midway_airport,holiday inn chicago midway airport,http://www.tripadvisor.com/ShowUserReviews-g35805-d1140049-r36129720-Holiday_Inn_Chicago_Midway_Airport-Chicago_Illinois.html,-1,chicago,il,usa,60638,-1,-1,8,4.625,4.75,4.75,4.5,4.625,0.0,4.65,
usa_illinois_chicago_carlton_inn_midway,carlton inn midway,http://www.tripadvisor.com/ShowUserReviews-g35805-d304277-r46645117-Carlton_Inn_Midway-Chicago_Illinois.html,-1,chicago,il,usa,60632,-1,-1,28,4.826086956521739,4.391304347826087,4.869565217391305,4.086956521739131,4.608695652173913,0.0,4.556521739130435,
usa_illinois_chicago_omni_chicago_hotel,omni chicago hotel,http://www.tripadvisor.com/ShowUserReviews-g35805-d111500-r49985924-Omni_Chicago_Hotel-Chicago_Illinois.html,-1,chicago,il,usa,60611,-1,-1,282,4.575129533678757,4.383419689119171,4.471502590673575,4.896373056994818,4.248704663212435,0.0,4.515025906735751,
usa_illinois_chicago_residence_inn_chicago_downtown,residence inn chicago downtown,http://www.tripadvisor.com/ShowUserReviews-g35805-d90955-r47731712-Residence_Inn_Chicago_Downtown-Chicago_Illinois.html,-1,chicago,il,usa,60611,-1,-1,85,4.5423728813559325,4.322033898305085,4.288135593220339,4.593220338983051,4.271186440677966,0.0,4.403389830508475,
usa_illinois_chicago_fairfield_inn_suites_chicago_downtown,fairfield inn suites chicago downtown,http://www.tripadvisor.com/ShowUserReviews-g35805-d224036-r48531445-Fairfield_Inn_Suites_Chicago_Downtown-Chicago_Illinois.html,-1,chicago,il,usa,60611,-1,-1,126,4.544303797468355,4.0886075949367084,4.367088607594937,4.69620253164557,4.139240506329114,0.0,4.367088607594936,
usa_illinois_chicago_millennium_knickerbocker_hotel_chicago,millennium knickerbocker hotel chicago,http://www.tripadvisor.com/ShowUserReviews-g35805-d87648-r50366544-Millennium_Knickerbocker_Hotel_Chicago-Chicago_Illinois.html,-1,chicago,il,usa,60611-1527,-1,-1,350,4.030769230769231,3.707692307692308,4.174358974358975,4.707692307692308,3.871794871794872,0.0,4.098461538461539,
usa_illinois_chicago_the_ritz_carlton_chicago_a_four_seasons_hotel,the ritz carlton chicago a four seasons hotel,http://www.tripadvisor.com/ShowUserReviews-g35805-d111507-r49085808-The_Ritz_Carlton_Chicago_A_Four_Seasons_Hotel-Chicago_Illinois.html,-1,chicago,il,usa,60611-2124,-1,-1,114,4.641025641025641,4.1923076923076925,4.32051282051282,4.8076923076923075,3.858974358974359,0.0,4.364102564102565,
usa_illinois_chicago_four_points_by_sheraton_chicago_downtown_magnificent_mile,four points by sheraton chicago downtown magnificent mile,http://www.tripadvisor.com/ShowUserReviews-g35805-d490891-r49338385-Four_Points_by_Sheraton_Chicago_Downtown_Magnificent_Mile-Chicago_Illinois.html,-1,chicago,il,usa,60611,-1,-1,163,4.480392156862745,4.137254901960785,4.264705882352941,4.764705882352941,4.176470588235294,0.0,4.364705882352942,
usa_illinois_chicago_comfort_suites,comfort suites,http://www.tripadvisor.com/ShowUserReviews-g35805-d505788-r50245260-Comfort_Suites-Chicago_Illinois.html,-1,chicago,il,usa,60601,-1,-1,47,4.595238095238095,4.571428571428571,3.9047619047619047,4.833333333333333,4.5,0.0,4.480952380952381,
usa_illinois_chicago_courtyard_by_marriott_chicago_downtown_magnificent_mile,courtyard by marriott chicago downtown magnificent mile,http://www.tripadvisor.com/ShowUserReviews-g35805-d286793-r48584577-Courtyard_by_Marriott_Chicago_Downtown_Magnificent_Mile-Chicago_Illinois.html,-1,chicago,il,usa,60611,-1,-1,140,4.4,4.105882352941176,4.270588235294118,4.823529411764706,4.1647058823529415,0.0,4.352941176470589,
usa_illinois_chicago_la_quinta_inn_suites_chicago_downtown,la quinta inn suites chicago downtown,http://www.tripadvisor.com/ShowUserReviews-g35805-d1389502-r50191247-La_Quinta_Inn_Suites_Chicago_Downtown-Chicago_Illinois.html,-1,chicago,il,usa,60606,-1,-1,24,4.636363636363637,4.318181818181818,4.181818181818182,4.5,4.2272727272727275,0.0,4.372727272727273,
usa_illinois_chicago_renaissance_chicago_o_hare_suites_hotel,renaissance chicago o hare suites hotel,http://www.tripadvisor.com/ShowUserReviews-g35805-d262831-r50277319-Renaissance_Chicago_O_Hare_Suites_Hotel-Chicago_Illinois.html,-1,chicago,il,usa,60631,-1,-1,129,4.571428571428571,4.464285714285714,4.380952380952381,4.380952380952381,4.440476190476191,0.0,4.447619047619048,
usa_illinois_chicago_intercontinental_chicago,intercontinental chicago,http://www.tripadvisor.com/ShowUserReviews-g35805-d87620-r50249077-InterContinental_Chicago-Chicago_Illinois.html,-1,chicago,il,usa,60611,-1,-1,335,4.355481727574751,4.059800664451827,4.069767441860465,4.803986710963455,4.0,0.0,4.2578073089701,
usa_illinois_chicago_swissotel_chicago,swissotel chicago,http://www.tripadvisor.com/ShowUserReviews-g35805-d114581-r50228794-Swissotel_Chicago-Chicago_Illinois.html,-1,chicago,il,usa,60601,-1,-1,404,4.426778242677824,4.200836820083682,3.8702928870292888,4.401673640167364,3.9414225941422596,0.0,4.168200836820083,
usa_illinois_chicago_fairmont_chicago_millennium_park,fairmont chicago millennium park,http://www.tripadvisor.com/ShowUserReviews-g35805-d114577-r50514571-Fairmont_Chicago_Millennium_Park-Chicago_Illinois.html,-1,chicago,il,usa,60601,-1,-1,252,4.439024390243903,4.140243902439025,4.25,4.378048780487805,3.8292682926829267,0.0,4.207317073170732,
usa_illinois_chicago_hotel_blake,hotel blake,http://www.tripadvisor.com/ShowUserReviews-g35805-d114578-r50453380-Hotel_Blake-Chicago_Illinois.html,-1,chicago,il,usa,60605,-1,-1,194,4.32520325203252,4.308943089430894,4.016260162601626,4.2682926829268295,4.024390243902439,0.0,4.188617886178862,
usa_illinois_chicago_belden_stratford_hotel,belden stratford hotel,http://www.tripadvisor.com/ShowUserReviews-g35805-d90928-r46937301-Belden_Stratford_Hotel-Chicago_Illinois.html,-1,chicago,il,usa,60614,-1,-1,61,4.388888888888889,4.194444444444445,3.9722222222222223,4.472222222222222,4.25,0.0,4.2555555555555555,
usa_illinois_chicago_avenue_hotel_chicago,avenue hotel chicago,http://www.tripadvisor.com/ShowUserReviews-g35805-d1052716-r50353304-Avenue_Hotel_Chicago-Chicago_Illinois.html,-1,chicago,il,usa,60611,-1,-1,129,4.479674796747967,4.186991869918699,4.040650406504065,4.764227642276423,4.073170731707317,0.0,4.308943089430895,
usa_illinois_chicago_embassy_suites_hotel_chicago_downtown,embassy suites hotel chicago downtown,http://www.tripadvisor.com/ShowUserReviews-g35805-d87602-r49255663-Embassy_Suites_Hotel_Chicago_Downtown-Chicago_Illinois.html,-1,chicago,il,usa,60654,-1,-1,159,4.25,4.125,4.258928571428571,4.580357142857143,4.0,0.0,4.242857142857143,
usa_illinois_chicago_hotel_allegro_chicago_a_kimpton_hotel,hotel allegro chicago a kimpton hotel,http://www.tripadvisor.com/ShowUserReviews-g35805-d90985-r50347588-Hotel_Allegro_Chicago_a_Kimpton_Hotel-Chicago_Illinois.html,-1,chicago,il,usa,60601,-1,-1,334,4.159509202453988,3.5705521472392636,3.957055214723926,4.300613496932515,3.773006134969325,0.0,3.952147239263803,
usa_illinois_chicago_doubletree_hotel_chicago_magnificent_mile,doubletree hotel chicago magnificent mile,http://www.tripadvisor.com/ShowUserReviews-g35805-d91042-r50524079-Doubletree_Hotel_Chicago_Magnificent_Mile-Chicago_Illinois.html,-1,chicago,il,usa,60611,-1,-1,100,4.351063829787234,4.23404255319149,4.25531914893617,4.51063829787234,4.095744680851064,0.0,4.2893617021276595,
usa_illinois_chicago_hotel_71,hotel 71,http://www.tripadvisor.com/ShowUserReviews-g35805-d87603-r49263823-Hotel_71-Chicago_Illinois.html,-1,chicago,il,usa,60601,-1,-1,63,4.068965517241379,4.0,3.793103448275862,4.689655172413793,3.9482758620689653,0.0,4.1,
usa_illinois_chicago_union_league_club,union league club,http://www.tripadvisor.com/ShowUserReviews-g35805-d591177-r47926140-Union_League_club-Chicago_Illinois.html,-1,chicago,il,usa,60604,-1,-1,18,4.428571428571429,3.9285714285714284,4.357142857142857,4.5,3.7857142857142856,0.0,4.2,
usa_illinois_chicago_days_inn_chicago,days inn chicago,http://www.tripadvisor.com/ShowUserReviews-g35805-d87571-r49507458-Days_Inn_Chicago-Chicago_Illinois.html,-1,chicago,il,usa,60614,-1,-1,119,4.3896103896103895,3.8051948051948052,4.220779220779221,4.402597402597403,4.233766233766234,0.0,4.21038961038961,
usa_illinois_chicago_majestic_hotel,majestic hotel,http://www.tripadvisor.com/ShowUserReviews-g35805-d90916-r36096184-Majestic_Hotel-Chicago_Illinois.html,-1,chicago,il,usa,60657-1828,-1,-1,57,4.606060606060606,3.9393939393939394,4.212121212121212,4.212121212121212,4.121212121212121,0.0,4.218181818181818,
usa_illinois_chicago_residence_inn_chicago_midway,residence inn chicago midway,http://www.tripadvisor.com/ShowUserReviews-g35805-d1100003-r37859414-Residence_Inn_Chicago_Midway-Chicago_Illinois.html,-1,chicago,il,usa,60638,-1,-1,4,5.0,5.0,5.0,5.0,5.0,0.0,5.0,
usa_illinois_chicago_comfort_inn_suites_downtown,comfort inn suites downtown,http://www.tripadvisor.com/ShowUserReviews-g35805-d247154-r49937978-Comfort_Inn_Suites_Downtown-Chicago_Illinois.html,-1,chicago,il,usa,60611,-1,-1,144,4.3,3.8,3.9375,4.7125,4.0125,0.0,4.1525,
usa_illinois_chicago_hotel_sax_chicago,hotel sax chicago,http://www.tripadvisor.com/ShowUserReviews-g35805-d90957-r50235857-Hotel_Sax_Chicago-Chicago_Illinois.html,-1,chicago,il,usa,60610,-1,-1,143,4.321428571428571,4.035714285714286,3.9642857142857144,4.607142857142857,3.8125,0.0,4.148214285714286,
usa_illinois_chicago_wyndham_chicago,wyndham chicago,http://www.tripadvisor.com/ShowUserReviews-g35805-d90952-r50236055-Wyndham_Chicago-Chicago_Illinois.html,-1,chicago,il,usa,60611,-1,-1,276,4.434782608695652,4.094202898550725,4.231884057971015,4.601449275362318,4.007246376811594,0.0,4.273913043478261,
usa_illinois_chicago_ambassador_east_hotel,ambassador east hotel,http://www.tripadvisor.com/ShowUserReviews-g35805-d87629-r50499558-Ambassador_East_Hotel-Chicago_Illinois.html,-1,chicago,il,usa,60610,-1,-1,268,3.945,3.585,4.26,4.59,4.01,0.0,4.078,
usa_illinois_chicago_hampton_inn_and_suites_chicago_downtown,hampton inn and suites chicago downtown,http://www.tripadvisor.com/ShowUserReviews-g35805-d111486-r49285528-Hampton_Inn_and_Suites_Chicago_Downtown-Chicago_Illinois.html,-1,chicago,il,usa,60610,-1,-1,174,4.355140186915888,4.158878504672897,4.317757009345795,4.4953271028037385,4.102803738317757,0.0,4.285981308411214,
usa_illinois_chicago_seneca_hotel,seneca hotel,http://www.tripadvisor.com/ShowUserReviews-g35805-d90966-r48728631-Seneca_Hotel-Chicago_Illinois.html,-1,chicago,il,usa,60611,-1,-1,270,3.863905325443787,3.5857988165680474,3.769230769230769,4.686390532544379,4.076923076923077,0.0,3.9964497041420124,
usa_illinois_chicago_ruby_room,ruby room,http://www.tripadvisor.com/ShowUserReviews-g35805-d650708-r48567271-Ruby_Room-Chicago_Illinois.html,-1,chicago,il,usa,60622,-1,-1,15,4.615384615384615,4.230769230769231,3.4615384615384617,4.230769230769231,4.0,0.0,4.107692307692308,
usa_illinois_chicago_embassy_suites_hotel_chicago_downtown_lakefront,embassy suites hotel chicago downtown lakefront,http://www.tripadvisor.com/ShowUserReviews-g35805-d223061-r50378539-Embassy_Suites_Hotel_Chicago_Downtown_Lakefront-Chicago_Illinois.html,-1,chicago,il,usa,60611,-1,-1,214,4.056,3.92,3.808,4.488,3.768,0.0,4.008,
usa_illinois_chicago_hotel_indigo_chicago_downtown_gold_coast,hotel indigo chicago downtown gold coast,http://www.tripadvisor.com/ShowUserReviews-g35805-d90963-r50129854-Hotel_Indigo_Chicago_Downtown_Gold_Coast-Chicago_Illinois.html,-1,chicago,il,usa,60610,-1,-1,136,4.231578947368421,4.105263157894737,4.010526315789473,4.484210526315789,4.052631578947368,0.0,4.176842105263158,
usa_illinois_chicago_hilton_garden_inn_chicago_downtown_magnificent_mile,hilton garden inn chicago downtown magnificent mile,http://www.tripadvisor.com/ShowUserReviews-g35805-d111487-r50191671-Hilton_Garden_Inn_Chicago_Downtown_Magnificent_Mile-Chicago_Illinois.html,-1,chicago,il,usa,60611,-1,-1,230,4.428571428571429,4.06015037593985,4.142857142857143,4.69172932330827,3.969924812030075,0.0,4.258646616541354,
usa_illinois_chicago_hard_rock_hotel_chicago,hard rock hotel chicago,http://www.tripadvisor.com/ShowUserReviews-g35805-d287568-r50072968-Hard_Rock_Hotel_Chicago-Chicago_Illinois.html,-1,chicago,il,usa,60601,-1,-1,321,4.151658767772512,3.786729857819905,3.9668246445497632,4.559241706161138,3.6445497630331753,0.0,4.021800947867298,
usa_illinois_chicago_springhill_suites_chicago_o_hare,springhill suites chicago o hare,http://www.tripadvisor.com/ShowUserReviews-g35805-d223062-r48361897-SpringHill_Suites_Chicago_O_Hare-Chicago_Illinois.html,-1,chicago,il,usa,60631,-1,-1,67,4.377777777777778,4.2,4.088888888888889,3.466666666666667,4.2,0.0,4.066666666666666,
usa_illinois_chicago_the_raffaello_hotel,the raffaello hotel,http://www.tripadvisor.com/ShowUserReviews-g35805-d87635-r50292047-The_Raffaello_Hotel-Chicago_Illinois.html,-1,chicago,il,usa,60611,-1,-1,154,4.418803418803419,4.153846153846154,3.8034188034188032,4.760683760683761,3.905982905982906,0.0,4.20854700854701,
usa_illinois_chicago_marriott_chicago_midway,marriott chicago midway,http://www.tripadvisor.com/ShowUserReviews-g35805-d90762-r47246847-Marriott_Chicago_Midway-Chicago_Illinois.html,-1,chicago,il,usa,60638,-1,-1,14,4.7272727272727275,4.7272727272727275,4.545454545454546,4.090909090909091,4.2727272727272725,0.0,4.472727272727273,
usa_illinois_chicago_club_quarters_chicago_central_loop,club quarters chicago central loop,http://www.tripadvisor.com/ShowUserReviews-g35805-d217510-r50179711-Club_Quarters_Chicago_Central_Loop-Chicago_Illinois.html,-1,chicago,il,usa,60603,-1,-1,223,4.127118644067797,3.635593220338983,3.7796610169491527,4.389830508474576,3.9915254237288136,0.0,3.9847457627118645,
usa_illinois_chicago_best_western_hawthorne_terrace,best western hawthorne terrace,http://www.tripadvisor.com/ShowUserReviews-g35805-d79228-r50125629-Best_Western_Hawthorne_Terrace-Chicago_Illinois.html,-1,chicago,il,usa,60657,-1,-1,52,4.269230769230769,4.076923076923077,4.038461538461538,4.653846153846154,3.769230769230769,0.0,4.161538461538461,
usa_illinois_chicago_hilton_suites_chicago_magnificent_mile,hilton suites chicago magnificent mile,http://www.tripadvisor.com/ShowUserReviews-g35805-d90986-r49287108-Hilton_Suites_Chicago_Magnificent_Mile-Chicago_Illinois.html,-1,chicago,il,usa,60611,-1,-1,122,4.242424242424242,4.015151515151516,3.772727272727273,4.575757575757576,3.8181818181818183,0.0,4.084848484848485,
usa_illinois_chicago_courtyard_by_marriott_chicago_downtown,courtyard by marriott chicago downtown,http://www.tripadvisor.com/ShowUserReviews-g35805-d90976-r49772343-Courtyard_by_Marriott_Chicago_Downtown-Chicago_Illinois.html,-1,chicago,il,usa,60611,-1,-1,91,4.350877192982456,4.105263157894737,4.280701754385965,4.701754385964913,4.052631578947368,0.0,4.298245614035087,
usa_illinois_chicago_the_silversmith_hotel_suites,the silversmith hotel suites,http://www.tripadvisor.com/ShowUserReviews-g35805-d90975-r48454305-The_Silversmith_Hotel_Suites-Chicago_Illinois.html,-1,chicago,il,usa,60603,-1,-1,216,4.302521008403361,4.067226890756302,3.8739495798319328,4.260504201680672,3.9411764705882355,0.0,4.0890756302521005,
usa_illinois_chicago_the_drake,the drake,http://www.tripadvisor.com/ShowUserReviews-g35805-d87645-r50169237-The_Drake-Chicago_Illinois.html,-1,chicago,il,usa,60611,-1,-1,304,4.2628571428571425,3.942857142857143,4.0285714285714285,4.731428571428571,3.76,0.0,4.145142857142857,
usa_illinois_chicago_the_willows,the willows,http://www.tripadvisor.com/ShowUserReviews-g35805-d87640-r50525612-The_Willows-Chicago_Illinois.html,-1,chicago,il,usa,60657-6020,-1,-1,45,4.5,4.033333333333333,4.133333333333334,4.633333333333334,4.133333333333334,0.0,4.286666666666667,
usa_illinois_chicago_holiday_inn_chicago_mart_plaza,holiday inn chicago mart plaza,http://www.tripadvisor.com/ShowUserReviews-g35805-d87608-r49863307-Holiday_Inn_Chicago_Mart_Plaza-Chicago_Illinois.html,-1,chicago,il,usa,60654,-1,-1,147,3.9148936170212765,3.5531914893617023,3.8085106382978724,4.1063829787234045,3.6914893617021276,0.0,3.8148936170212764,
usa_illinois_chicago_hotel_felix,hotel felix,http://www.tripadvisor.com/ShowUserReviews-g35805-d1149495-r50365666-Hotel_Felix-Chicago_Illinois.html,-1,chicago,il,usa,60654,-1,-1,78,4.647887323943662,3.563380281690141,4.211267605633803,4.309859154929577,3.704225352112676,0.0,4.087323943661971,
usa_illinois_chicago_the_whitehall_hotel,the whitehall hotel,http://www.tripadvisor.com/ShowUserReviews-g35805-d114600-r50164815-The_Whitehall_Hotel-Chicago_Illinois.html,-1,chicago,il,usa,60611,-1,-1,178,3.909090909090909,3.6262626262626263,3.8686868686868685,4.737373737373737,3.727272727272727,0.0,3.973737373737374,
usa_illinois_chicago_chicago_south_loop_hotel,chicago south loop hotel,http://www.tripadvisor.com/ShowUserReviews-g35805-d1075753-r50299262-Chicago_South_Loop_Hotel-Chicago_Illinois.html,-1,chicago,il,usa,60616,-1,-1,45,4.116279069767442,3.9069767441860463,3.9069767441860463,3.3255813953488373,4.186046511627907,0.0,3.8883720930232557,
usa_illinois_chicago_hotel_cass_holiday_inn_express,hotel cass holiday inn express,http://www.tripadvisor.com/ShowUserReviews-g35805-d114608-r48501472-Hotel_Cass_Holiday_Inn_Express-Chicago_Illinois.html,-1,chicago,il,usa,60611,-1,-1,148,4.015873015873016,3.142857142857143,3.9047619047619047,4.666666666666667,3.7777777777777777,0.0,3.901587301587301,
usa_illinois_chicago_city_suites_hotel,city suites hotel,http://www.tripadvisor.com/ShowUserReviews-g35805-d235385-r49214586-City_Suites_Hotel-Chicago_Illinois.html,-1,chicago,il,usa,60657,-1,-1,55,4.37037037037037,3.8518518518518516,4.222222222222222,4.37037037037037,3.7777777777777777,0.0,4.118518518518519,
usa_illinois_chicago_the_palmer_house_hilton,the palmer house hilton,http://www.tripadvisor.com/ShowUserReviews-g35805-d111501-r50482309-The_Palmer_House_Hilton-Chicago_Illinois.html,-1,chicago,il,usa,60603,-1,-1,342,4.1827242524916945,3.475083056478405,3.6877076411960132,4.4916943521594686,3.511627906976744,0.0,3.869767441860465,
usa_illinois_chicago_marriott_chicago_downtown_magnificent_mile,marriott chicago downtown magnificent mile,http://www.tripadvisor.com/ShowUserReviews-g35805-d87592-r49767577-Marriott_Chicago_Downtown_Magnificent_Mile-Chicago_Illinois.html,-1,chicago,il,usa,60611,-1,-1,250,4.086956521739131,3.515527950310559,3.869565217391304,4.801242236024844,3.4782608695652173,0.0,3.950310559006211,
usa_illinois_chicago_holiday_inn_chicago_o_hare,holiday inn chicago o hare,http://www.tripadvisor.com/ShowUserReviews-g35805-d142296-r50124842-Holiday_Inn_Chicago_O_Hare-Chicago_Illinois.html,-1,chicago,il,usa,60631,-1,-1,42,4.225,4.075,3.975,4.1,4.05,0.0,4.085000000000001,
usa_illinois_chicago_sheraton_chicago_hotel_and_towers,sheraton chicago hotel and towers,http://www.tripadvisor.com/ShowUserReviews-g35805-d87638-r50443315-Sheraton_Chicago_Hotel_and_Towers-Chicago_Illinois.html,-1,chicago,il,usa,60611,-1,-1,389,3.8240343347639487,3.5622317596566524,3.7682403433476397,4.562231759656652,3.532188841201717,0.0,3.8497854077253217,
usa_illinois_chicago_holiday_inn_hotel_suites_downtown,holiday inn hotel suites downtown,http://www.tripadvisor.com/ShowUserReviews-g35805-d90969-r48663545-Holiday_Inn_Hotel_Suites_Downtown-Chicago_Illinois.html,-1,chicago,il,usa,60607,-1,-1,31,3.888888888888889,3.5,4.222222222222222,3.611111111111111,3.4444444444444446,0.0,3.7333333333333334,
usa_illinois_chicago_hyatt_regency_mccormick_place,hyatt regency mccormick place,http://www.tripadvisor.com/ShowUserReviews-g35805-d87618-r49152277-Hyatt_Regency_McCormick_Place-Chicago_Illinois.html,-1,chicago,il,usa,60616,-1,-1,135,3.9642857142857144,3.7976190476190474,3.7976190476190474,3.0238095238095237,3.2976190476190474,0.0,3.576190476190476,
usa_illinois_chicago_extended_stay_america_chicago_lisle,extended stay america chicago lisle,http://www.tripadvisor.com/ShowUserReviews-g35805-d1147784-r32627518-Extended_Stay_America_Chicago_Lisle-Chicago_Illinois.html,-1,chicago,il,usa,60532,-1,-1,2,5.0,5.0,5.0,4.5,5.0,0.0,4.9,
usa_illinois_chicago_fairfield_inn_chicago_midway_airport,fairfield inn chicago midway airport,http://www.tripadvisor.com/ShowUserReviews-g35805-d281340-r47523931-Fairfield_Inn_Chicago_Midway_Airport-Chicago_Illinois.html,-1,chicago,il,usa,60638,-1,-1,13,4.1,3.8,4.2,3.9,3.3,0.0,3.8600000000000003,
usa_illinois_chicago_hyatt_regency_chicago,hyatt regency chicago,http://www.tripadvisor.com/ShowUserReviews-g35805-d87617-r50503698-Hyatt_Regency_Chicago-Chicago_Illinois.html,-1,chicago,il,usa,60601,-1,-1,346,3.9435215946843853,3.5614617940199333,3.79734219269103,4.538205980066445,3.46843853820598,0.0,3.861794019933555,
usa_illinois_chicago_the_westin_michigan_avenue_chicago,the westin michigan avenue chicago,http://www.tripadvisor.com/ShowUserReviews-g35805-d87657-r48869831-The_Westin_Michigan_Avenue_Chicago-Chicago_Illinois.html,-1,chicago,il,usa,60611,-1,-1,289,3.9877300613496933,3.6932515337423313,3.6932515337423313,4.730061349693251,3.6134969325153374,0.0,3.9435582822085893,
usa_illinois_chicago_hilton_chicago,hilton chicago,http://www.tripadvisor.com/ShowUserReviews-g35805-d87590-r50291048-Hilton_Chicago-Chicago_Illinois.html,-1,chicago,il,usa,60605,-1,-1,383,4.049107142857143,3.6875,3.6830357142857144,3.90625,3.455357142857143,0.0,3.75625,
usa_illinois_chicago_river_hotel,river hotel,http://www.tripadvisor.com/ShowUserReviews-g35805-d250023-r48822305-River_Hotel-Chicago_Illinois.html,-1,chicago,il,usa,60601,-1,-1,128,4.0625,3.34375,3.671875,4.609375,3.796875,0.0,3.896875,
usa_illinois_chicago_crowne_plaza_chicago_the_metro,crowne plaza chicago the metro,http://www.tripadvisor.com/ShowUserReviews-g35805-d273262-r50169849-Crowne_Plaza_Chicago_The_Metro-Chicago_Illinois.html,-1,chicago,il,usa,60661,-1,-1,110,4.406976744186046,4.186046511627907,4.023255813953488,3.8372093023255816,3.813953488372093,0.0,4.053488372093023,
usa_illinois_chicago_westin_chicago_northwest,westin chicago northwest,http://www.tripadvisor.com/ShowUserReviews-g35805-d87813-r49220220-Westin_Chicago_Northwest-Chicago_Illinois.html,-1,chicago,il,usa,60143,-1,-1,35,4.304347826086956,4.0,4.086956521739131,3.4782608695652173,3.8260869565217392,0.0,3.9391304347826086,
usa_illinois_chicago_buckingham_athletic_club,buckingham athletic club,http://www.tripadvisor.com/ShowUserReviews-g35805-d498305-r47565844-Buckingham_Athletic_Club-Chicago_Illinois.html,-1,chicago,il,usa,60605,-1,-1,20,4.181818181818182,4.2727272727272725,3.5454545454545454,4.181818181818182,4.2727272727272725,0.0,4.090909090909091,
usa_illinois_chicago_oakwood_apartments,oakwood apartments,http://www.tripadvisor.com/ShowUserReviews-g35805-d225102-r41444525-Oakwood_Apartments-Chicago_Illinois.html,-1,chicago,il,usa,60610-3884,-1,-1,6,4.2,4.6,4.4,5.0,4.6,0.0,4.5600000000000005,
usa_illinois_chicago_hilton_chicago_o_hare_airport,hilton chicago o hare airport,http://www.tripadvisor.com/ShowUserReviews-g35805-d123319-r49902313-Hilton_Chicago_O_Hare_Airport-Chicago_Illinois.html,-1,chicago,il,usa,60666,-1,-1,171,4.156521739130435,3.782608695652174,3.5043478260869567,4.408695652173913,3.2869565217391306,0.0,3.8278260869565215,
usa_illinois_chicago_club_quarters_chicago_wacker_at_michigan,club quarters chicago wacker at michigan,http://www.tripadvisor.com/ShowUserReviews-g35805-d1477545-r50462634-Club_Quarters_Chicago_Wacker_at_Michigan-Chicago_Illinois.html,-1,chicago,il,usa,60601,-1,-1,13,4.25,3.4166666666666665,3.5833333333333335,4.75,4.166666666666667,0.0,4.033333333333333,
usa_illinois_chicago_best_western_river_north_chicago_downtown_hotel,best western river north chicago downtown hotel,http://www.tripadvisor.com/ShowUserReviews-g35805-d114604-r50464668-Best_Western_River_North_Chicago_Downtown_Hotel-Chicago_Illinois.html,-1,chicago,il,usa,60610,-1,-1,114,4.0285714285714285,3.4,3.942857142857143,4.557142857142857,3.8714285714285714,0.0,3.96,
usa_illinois_chicago_chicago_marriott_at_medical_district_uic,chicago marriott at medical district uic,http://www.tripadvisor.com/ShowUserReviews-g35805-d87614-r47120446-Chicago_Marriott_at_Medical_District_UIC-Chicago_Illinois.html,-1,chicago,il,usa,60607,-1,-1,27,4.0,3.7222222222222223,4.222222222222222,3.5555555555555554,3.6666666666666665,0.0,3.833333333333333,
usa_illinois_chicago_chicago_s_essex_inn,chicago s essex inn,http://www.tripadvisor.com/ShowUserReviews-g35805-d87573-r50477518-Chicago_s_Essex_Inn-Chicago_Illinois.html,-1,chicago,il,usa,60605,-1,-1,226,3.6859504132231407,3.4710743801652892,3.669421487603306,4.223140495867769,3.6115702479338845,0.0,3.732231404958678,
usa_illinois_chicago_w_chicago_lakeshore,w chicago lakeshore,http://www.tripadvisor.com/ShowUserReviews-g35805-d225108-r50452141-W_Chicago_Lakeshore-Chicago_Illinois.html,-1,chicago,il,usa,60611,-1,-1,316,3.904494382022472,3.4887640449438204,3.595505617977528,4.140449438202247,3.168539325842697,0.0,3.659550561797752,
usa_illinois_chicago_allerton_hotel,allerton hotel,http://www.tripadvisor.com/ShowUserReviews-g35805-d90973-r50479573-Allerton_Hotel-Chicago_Illinois.html,-1,chicago,il,usa,60611,-1,-1,289,3.802139037433155,3.1871657754010694,3.3850267379679146,4.641711229946524,3.3850267379679146,0.0,3.680213903743315,
usa_illinois_chicago_ohio_house_motel,ohio house motel,http://www.tripadvisor.com/ShowUserReviews-g35805-d123225-r50367011-Ohio_House_Motel-Chicago_Illinois.html,-1,chicago,il,usa,60610,-1,-1,57,3.586206896551724,3.3448275862068964,3.6206896551724137,4.689655172413793,3.9655172413793105,0.0,3.841379310344827,
usa_illinois_chicago_amber_inn,amber inn,http://www.tripadvisor.com/ShowUserReviews-g35805-d290675-r46013669-Amber_Inn-Chicago_Illinois.html,-1,chicago,il,usa,60653-2105,-1,-1,12,4.25,3.75,4.125,3.75,4.0,0.0,3.975,
usa_illinois_chicago_inn_of_chicago_magnificent_mile,inn of chicago magnificent mile,http://www.tripadvisor.com/ShowUserReviews-g35805-d87566-r50271049-Inn_of_Chicago_Magnificent_Mile-Chicago_Illinois.html,-1,chicago,il,usa,60611,-1,-1,239,3.436241610738255,2.865771812080537,3.1812080536912752,4.530201342281879,3.228187919463087,0.0,3.4483221476510066,
usa_illinois_chicago_best_western_grant_park_hotel,best western grant park hotel,http://www.tripadvisor.com/ShowUserReviews-g35805-d114583-r49810566-Best_Western_Grant_Park_Hotel-Chicago_Illinois.html,-1,chicago,il,usa,60605,-1,-1,112,3.484848484848485,3.106060606060606,3.606060606060606,3.893939393939394,3.4545454545454546,0.0,3.5090909090909093,
usa_illinois_chicago_central_loop_hotel,central loop hotel,http://www.tripadvisor.com/ShowUserReviews-g35805-d1186401-r46053689-Central_Loop_Hotel-Chicago_Illinois.html,-1,chicago,il,usa,60603,-1,-1,5,4.8,3.4,4.0,4.8,4.6,0.0,4.32,
usa_illinois_chicago_w_chicago_city_center,w chicago city center,http://www.tripadvisor.com/ShowUserReviews-g35805-d220240-r49903927-W_Chicago_City_Center-Chicago_Illinois.html,-1,chicago,il,usa,60603,-1,-1,263,3.9290322580645163,3.1548387096774193,3.606451612903226,3.7419354838709675,3.096774193548387,0.0,3.505806451612903,
usa_illinois_chicago_willows_hotel_chicago,willows hotel chicago,http://www.tripadvisor.com/ShowUserReviews-g35805-d1211291-r49084491-Willows_Hotel_Chicago-Chicago_Illinois.html,-1,chicago,il,usa,-1,-1,-1,5,4.2,4.2,4.4,4.6,4.4,0.0,4.36,
usa_illinois_chicago_the_tremont_chicago,the tremont chicago,http://www.tripadvisor.com/ShowUserReviews-g35805-d87656-r47654482-The_Tremont_Chicago-Chicago_Illinois.html,-1,chicago,il,usa,60611,-1,-1,222,3.3636363636363638,2.7954545454545454,3.3295454545454546,4.670454545454546,3.397727272727273,0.0,3.5113636363636367,
usa_illinois_chicago_heart_o_chicago_motel,heart o chicago motel,http://www.tripadvisor.com/ShowUserReviews-g35805-d123234-r48077555-Heart_O_Chicago_Motel-Chicago_Illinois.html,-1,chicago,il,usa,60660-3263,-1,-1,45,4.111111111111111,3.3703703703703702,3.4444444444444446,3.5925925925925926,4.111111111111111,0.0,3.725925925925926,
usa_illinois_chicago_travelodge_chicago_downtown,travelodge chicago downtown,http://www.tripadvisor.com/ShowUserReviews-g35805-d87576-r49514889-Travelodge_Chicago_Downtown-Chicago_Illinois.html,-1,chicago,il,usa,60605,-1,-1,123,2.9367088607594938,2.5316455696202533,3.189873417721519,4.113924050632911,3.1645569620253164,0.0,3.187341772151899,
usa_illinois_chicago_holiday_inn_express_chicago_midway_airport,holiday inn express chicago midway airport,http://www.tripadvisor.com/ShowUserReviews-g35805-d299922-r47450013-Holiday_Inn_Express_Chicago_Midway_Airport-Chicago_Illinois.html,-1,chicago,il,usa,60638,-1,-1,21,4.0,3.6,3.8,3.8,3.7,0.0,3.78,
usa_illinois_chicago_la_quinta_inn_suites_chicago_northshore,la quinta inn suites chicago northshore,http://www.tripadvisor.com/ShowUserReviews-g35805-d248638-r46631634-La_Quinta_Inn_Suites_Chicago_Northshore-Chicago_Illinois.html,-1,chicago,il,usa,60015,-1,-1,8,4.8,4.4,3.2,4.0,4.4,0.0,4.16,
usa_illinois_chicago_extended_stay_america_chicago_skokie,extended stay america chicago skokie,http://www.tripadvisor.com/ShowUserReviews-g35805-d1147924-r34868773-Extended_Stay_America_Chicago_Skokie-Chicago_Illinois.html,-1,chicago,il,usa,-1,-1,-1,5,3.8,3.8,3.6,4.4,4.0,0.0,3.9199999999999995,
usa_illinois_chicago_four_points_by_sheraton_chicago_midway_airport,four points by sheraton chicago midway airport,http://www.tripadvisor.com/ShowUserReviews-g35805-d87610-r48322011-Four_Points_by_Sheraton_Chicago_Midway_Airport-Chicago_Illinois.html,-1,chicago,il,usa,60629,-1,-1,34,3.5454545454545454,3.5454545454545454,3.409090909090909,3.1818181818181817,3.6818181818181817,0.0,3.4727272727272727,
usa_illinois_chicago_wheeler_mansion,wheeler mansion,http://www.tripadvisor.com/ShowUserReviews-g35805-d235386-r48002062-Wheeler_Mansion-Chicago_Illinois.html,-1,chicago,il,usa,60616,-1,-1,31,3.6923076923076925,3.5384615384615383,3.076923076923077,3.5384615384615383,2.6923076923076925,0.0,3.307692307692308,
usa_illinois_chicago_the_parkview_hotel,the parkview hotel,http://www.tripadvisor.com/ShowUserReviews-g35805-d87596-r15206284-The_Parkview_Hotel-Chicago_Illinois.html,-1,chicago,il,usa,60614,-1,-1,-1,0.0,0.0,0.0,0.0,0.0,0.0,-1.0,
usa_illinois_chicago_ramada_inn_lake_shore_chicago,ramada inn lake shore chicago,http://www.tripadvisor.com/ShowUserReviews-g35805-d90922-r47834304-Ramada_Inn_Lake_Shore_Chicago-Chicago_Illinois.html,-1,chicago,il,usa,60615,-1,-1,67,3.21875,2.8125,3.25,3.40625,2.9375,0.0,3.125,
usa_illinois_chicago_four_points_by_sheraton_chicago_o_hare_airport,four points by sheraton chicago o hare airport,http://www.tripadvisor.com/ShowUserReviews-g35805-d219404-r45629199-Four_Points_by_Sheraton_Chicago_O_Hare_Airport-Chicago_Illinois.html,-1,chicago,il,usa,60176,-1,-1,59,3.138888888888889,2.9444444444444446,3.0277777777777777,2.9444444444444446,2.9722222222222223,0.0,3.0055555555555555,
usa_illinois_chicago_congress_plaza_hotel,congress plaza hotel,http://www.tripadvisor.com/ShowUserReviews-g35805-d87595-r49867710-Congress_Plaza_Hotel-Chicago_Illinois.html,-1,chicago,il,usa,60605,-1,-1,335,2.8219178082191783,2.4794520547945207,2.904109589041096,4.157534246575342,2.7739726027397262,0.0,3.0273972602739727,
usa_illinois_chicago_inn_at_lincoln_park,inn at lincoln park,http://www.tripadvisor.com/ShowUserReviews-g35805-d90918-r45598650-Inn_at_Lincoln_Park-Chicago_Illinois.html,-1,chicago,il,usa,60614,-1,-1,50,3.4,2.8,3.32,4.28,3.04,0.0,3.368,
usa_illinois_chicago_chicago_marriott_o_hare,chicago marriott o hare,http://www.tripadvisor.com/ShowUserReviews-g35805-d87665-r47947082-Chicago_Marriott_O_Hare-Chicago_Illinois.html,-1,chicago,il,usa,60631,-1,-1,53,3.4375,2.84375,3.625,3.375,3.0625,0.0,3.26875,
usa_illinois_chicago_bellwood_hotel,bellwood hotel,http://www.tripadvisor.com/ShowUserReviews-g35805-d123316-r46457540-Bellwood_Hotel-Chicago_Illinois.html,-1,chicago,il,usa,60614,-1,-1,9,3.8,3.0,3.6,4.2,4.8,0.0,3.8800000000000003,
usa_illinois_chicago_bridgestreet_the_sterling,bridgestreet the sterling,http://www.tripadvisor.com/ShowUserReviews-g35805-d281965-r15511650-Bridgestreet_The_Sterling-Chicago_Illinois.html,-1,chicago,il,usa,60610,-1,-1,-1,0.0,0.0,0.0,0.0,0.0,0.0,-1.0,
usa_illinois_chicago_habitat_corporate_suites_at_presidential_towers,habitat corporate suites at presidential towers,http://www.tripadvisor.com/ShowUserReviews-g35805-d595763-r47477898-Habitat_Corporate_Suites_at_Presidential_Towers-Chicago_Illinois.html,-1,chicago,il,usa,60661,-1,-1,6,4.333333333333333,3.1666666666666665,3.1666666666666665,3.8333333333333335,3.1666666666666665,0.0,3.5333333333333337,
usa_illinois_chicago_super_8_chicago_loyola_university,super 8 chicago loyola university,http://www.tripadvisor.com/ShowUserReviews-g35805-d268665-r45705977-Super_8_Chicago_Loyola_University-Chicago_Illinois.html,-1,chicago,il,usa,60626,-1,-1,12,3.6,3.4,3.6,3.8,3.5,0.0,3.5800000000000005,
usa_illinois_chicago_howard_johnson_inn_downtown_chicago,howard johnson inn downtown chicago,http://www.tripadvisor.com/ShowUserReviews-g35805-d87613-r43180960-Howard_Johnson_Inn_Downtown_Chicago-Chicago_Illinois.html,-1,chicago,il,usa,60610,-1,-1,53,3.090909090909091,2.6363636363636362,3.1363636363636362,4.0,3.0454545454545454,0.0,3.181818181818182,
usa_illinois_chicago_river_park_motel_suites,river park motel suites,http://www.tripadvisor.com/ShowUserReviews-g35805-d676721-r13511050-River_Park_Motel_Suites-Chicago_Illinois.html,-1,chicago,il,usa,60659,-1,-1,1,4.0,5.0,5.0,4.0,5.0,0.0,4.6,
usa_illinois_chicago_the_fisher_building,the fisher building,http://www.tripadvisor.com/ShowUserReviews-g35805-d278717-r10880662-The_Fisher_Building-Chicago_Illinois.html,-1,chicago,il,usa,60604,-1,-1,3,5.0,4.0,5.0,5.0,4.0,0.0,4.6,
usa_illinois_chicago_courtyard_chicago_midway_airport,courtyard chicago midway airport,http://www.tripadvisor.com/ShowUserReviews-g35805-d90766-r38574240-Courtyard_Chicago_Midway_Airport-Chicago_Illinois.html,-1,chicago,il,usa,60638,-1,-1,7,3.0,3.0,4.4,3.8,2.8,0.0,3.4,
usa_illinois_chicago_sheraton_chicago_northwest,sheraton chicago northwest,http://www.tripadvisor.com/ShowUserReviews-g35805-d87503-r50352386-Sheraton_Chicago_Northwest-Chicago_Illinois.html,-1,chicago,il,usa,60005,-1,-1,74,3.0,3.06,3.26,3.4,2.86,0.0,3.116,
usa_illinois_chicago_red_roof_inn,red roof inn,http://www.tripadvisor.com/ShowUserReviews-g35805-d87627-r50334935-Red_Roof_Inn-Chicago_Illinois.html,-1,chicago,il,usa,60611,-1,-1,153,2.422222222222222,2.2777777777777777,2.7666666666666666,4.544444444444444,2.988888888888889,0.0,3.0,
usa_illinois_chicago_chinatown_hotel,chinatown hotel,http://www.tripadvisor.com/ShowUserReviews-g35805-d488493-r41953027-Chinatown_Hotel-Chicago_Illinois.html,-1,chicago,il,usa,60616,-1,-1,33,3.25,2.875,2.9375,3.6875,3.5625,0.0,3.2625,
usa_illinois_chicago_delaware_towers,delaware towers,http://www.tripadvisor.com/ShowUserReviews-g35805-d87600-r986238-Delaware_Towers-Chicago_Illinois.html,-1,chicago,il,usa,60611,-1,-1,3,0.0,0.0,0.0,0.0,0.0,0.0,-1.0,
usa_illinois_chicago_edgebrook_motel,edgebrook motel,http://www.tripadvisor.com/ShowUserReviews-g35805-d87601-r13579178-Edgebrook_Motel-Chicago_Illinois.html,-1,chicago,il,usa,60646,-1,-1,-1,0.0,0.0,0.0,0.0,0.0,0.0,-1.0,
usa_illinois_chicago_palwaukee_inn_conference_center,palwaukee inn conference center,http://www.tripadvisor.com/ShowUserReviews-g35805-d90322-r21112154-Palwaukee_Inn_Conference_Center-Chicago_Illinois.html,-1,chicago,il,usa,60090,-1,-1,10,2.6,2.2,3.2,3.2,2.2,0.0,2.68,
usa_illinois_chicago_lincoln_motel,lincoln motel,http://www.tripadvisor.com/ShowUserReviews-g35805-d123230-r2771623-Lincoln_Motel-Chicago_Illinois.html,-1,chicago,il,usa,60659,-1,-1,-1,0.0,0.0,0.0,0.0,0.0,0.0,-1.0,
usa_illinois_chicago_super_8_motel_calumet_park_sw_chicago_area,super 8 motel calumet park sw chicago area,http://www.tripadvisor.com/ShowUserReviews-g35805-d250185-r2998559-Super_8_Motel_Calumet_Park_SW_Chicago_Area-Chicago_Illinois.html,-1,chicago,il,usa,60827,-1,-1,-1,0.0,0.0,0.0,0.0,0.0,0.0,-1.0,
usa_illinois_chicago_esquire_motel,esquire motel,http://www.tripadvisor.com/ShowUserReviews-g35805-d123238-r7285747-Esquire_Motel-Chicago_Illinois.html,-1,chicago,il,usa,60646,-1,-1,2,3.0,2.5,3.0,4.0,3.5,0.0,3.2,
usa_illinois_chicago_la_quinta_inn_chicago_matteson,la quinta inn chicago matteson,http://www.tripadvisor.com/ShowUserReviews-g35805-d90929-r46569264-La_Quinta_Inn_Chicago_Matteson-Chicago_Illinois.html,-1,chicago,il,usa,60443,-1,-1,2,3.0,2.5,3.0,4.0,2.5,0.0,3.0,
usa_illinois_chicago_university_club_of_chicago,university club of chicago,http://www.tripadvisor.com/ShowUserReviews-g35805-d278718-r22558915-University_Club_of_Chicago-Chicago_Illinois.html,-1,chicago,il,usa,60603,-1,-1,2,4.0,3.5,3.5,4.0,3.0,0.0,3.6,
usa_illinois_chicago_extended_stay_america_chicago_itasca,extended stay america chicago itasca,http://www.tripadvisor.com/ShowUserReviews-g35805-d1147782-r22395523-Extended_Stay_America_Chicago_Itasca-Chicago_Illinois.html,-1,chicago,il,usa,60143,-1,-1,1,1.0,2.0,3.0,3.0,2.0,0.0,2.2,
usa_illinois_chicago_best_western,best western,http://www.tripadvisor.com/ShowUserReviews-g35805-d1480013-r42569598-Best_Western-Chicago_Illinois.html,-1,chicago,il,usa,-1,-1,-1,2,2.5,2.5,3.0,3.5,3.5,0.0,3.0,
usa_illinois_chicago_chicago_o_hare_garden_hotel,chicago o hare garden hotel,http://www.tripadvisor.com/ShowUserReviews-g35805-d223349-r47441507-Chicago_O_Hare_Garden_Hotel-Chicago_Illinois.html,-1,chicago,il,usa,60631,-1,-1,80,2.4375,2.1875,2.421875,3.078125,2.578125,0.0,2.540625,
usa_illinois_chicago_new_jackson_hotel,new jackson hotel,http://www.tripadvisor.com/ShowUserReviews-g35805-d123290-r15093698-New_Jackson_Hotel-Chicago_Illinois.html,-1,chicago,il,usa,60661,-1,-1,1,1.0,1.0,1.0,1.0,1.0,0.0,1.0,
usa_illinois_chicago_patio_motel,patio motel,http://www.tripadvisor.com/ShowUserReviews-g35805-d123224-r10647982-Patio_Motel-Chicago_Illinois.html,-1,chicago,il,usa,60659,-1,-1,-1,0.0,0.0,0.0,0.0,0.0,0.0,-1.0,
usa_illinois_chicago_mark_twain_hotel,mark twain hotel,http://www.tripadvisor.com/ShowUserReviews-g35805-d123293-r19888144-Mark_Twain_Hotel-Chicago_Illinois.html,-1,chicago,il,usa,60610,-1,-1,1,1.0,2.0,3.0,4.0,2.0,0.0,2.4,
usa_illinois_chicago_chicago_athletic_association,chicago athletic association,http://www.tripadvisor.com/ShowUserReviews-g35805-d1164776-r32390897-Chicago_Athletic_Association-Chicago_Illinois.html,-1,chicago,il,usa,60603,-1,-1,1,2.0,1.0,1.0,3.0,1.0,0.0,1.6,
usa_illinois_chicago_belair_hotel,belair hotel,http://www.tripadvisor.com/ShowUserReviews-g35805-d123317-r47033310-Belair_Hotel-Chicago_Illinois.html,-1,chicago,il,usa,60614,-1,-1,12,3.0,2.7142857142857144,2.857142857142857,4.714285714285714,3.0,0.0,3.2571428571428576,
usa_illinois_chicago_extended_stay_america_chicago_burr_ridge,extended stay america chicago burr ridge,http://www.tripadvisor.com/ShowUserReviews-g35805-d1147888-r22701502-Extended_Stay_America_Chicago_Burr_Ridge-Chicago_Illinois.html,-1,chicago,il,usa,-1,-1,-1,1,1.0,1.0,1.0,2.0,1.0,0.0,1.2,
usa_illinois_chicago_chicago_lodge,chicago lodge,http://www.tripadvisor.com/ShowUserReviews-g35805-d123311-r20857955-Chicago_Lodge-Chicago_Illinois.html,-1,chicago,il,usa,60640,-1,-1,5,1.75,1.25,1.5,2.75,1.5,0.0,1.75,
usa_illinois_chicago_super_8_chicago_o_hare_south,super 8 chicago o hare south,http://www.tripadvisor.com/ShowUserReviews-g35805-d236740-r22234456-Super_8_Chicago_O_Hare_South-Chicago_Illinois.html,-1,chicago,il,usa,60131-2435,-1,-1,22,2.0,2.1875,1.9375,2.5,1.9375,0.0,2.1125,
usa_illinois_chicago_stan_properties_suites_at_300_n_canal,stan properties suites at 300 n canal,http://www.tripadvisor.com/ShowUserReviews-g35805-d774987-r45763746-Stan_Properties_Suites_at_300_N_Canal-Chicago_Illinois.html,-1,chicago,il,usa,60654,-1,-1,1,1.0,1.0,1.0,4.0,2.0,0.0,1.8,
usa_illinois_chicago_sheffield_house,sheffield house,http://www.tripadvisor.com/ShowUserReviews-g35805-d123217-r50288206-Sheffield_House-Chicago_Illinois.html,-1,chicago,il,usa,60613,-1,-1,19,1.5555555555555556,1.6666666666666667,1.7777777777777777,4.111111111111111,2.3333333333333335,0.0,2.2888888888888888,
usa_illinois_chicago_midway_inn,midway inn,http://www.tripadvisor.com/ShowUserReviews-g35805-d596421-r34139595-Midway_Inn-Chicago_Illinois.html,-1,chicago,il,usa,60632,-1,-1,6,1.3333333333333333,1.1666666666666667,1.6666666666666667,2.3333333333333335,1.3333333333333333,0.0,1.5666666666666667,
usa_illinois_chicago_chateau_hotel,chateau hotel,http://www.tripadvisor.com/ShowUserReviews-g35805-d123209-r48824388-Chateau_Hotel-Chicago_Illinois.html,-1,chicago,il,usa,60613,-1,-1,5,1.0,1.0,1.0,1.0,1.0,0.0,1.0,
usa_illinois_chicago_milshire_hotel,milshire hotel,http://www.tripadvisor.com/ShowUserReviews-g35805-d123292-r46856588-Milshire_Hotel-Chicago_Illinois.html,-1,chicago,il,usa,60647,-1,-1,8,1.75,1.25,1.5,2.75,2.0,0.0,1.85,
usa_illinois_chicago_abbott_hotel,abbott hotel,http://www.tripadvisor.com/ShowUserReviews-g35805-d123318-r43303017-Abbott_Hotel-Chicago_Illinois.html,-1,chicago,il,usa,60657,-1,-1,8,1.0,1.0,1.0,4.25,1.25,0.0,1.7,
usa_illinois_chicago_skylark_motel,skylark motel,http://www.tripadvisor.com/ShowUserReviews-g35805-d123216-r24417111-Skylark_Motel-Chicago_Illinois.html,-1,chicago,il,usa,60638,-1,-1,6,1.0,1.0,1.0,1.0,1.0,0.0,1.0,
usa_illinois_chicago_inn_of_chicago_hotel_magnificent_mile,inn of chicago hotel magnificent mile,http://www.tripadvisor.com/ShowUserReviews-g35805-d1596097-r50424867-Inn_of_Chicago_Hotel_Magnificent_Mile-Chicago_Illinois.html,-1,chicago,il,usa,-1,-1,-1,-1,0.0,0.0,0.0,0.0,0.0,0.0,-1.0,
