doc_id,hotel_name,hotel_url,street,city,state,country,zip,class,price,num_reviews,CLEANLINESS,ROOM,SERVICE,LOCATION,VALUE,COMFORT,overall_ratingsource
are_dubai_grosvenor_house_west_marina_beach_by_le_meridien_dubai,grosvenor house west marina beach by le meridien dubai,http://www.tripadvisor.com/ShowUserReviews-g295424-d507352-r50471218-Grosvenor_House_West_Marina_Beach_by_Le_Meridien_Dubai-Dubai.html,al sofouh road,dubai,-1,ARE,8500,-1,-1,299,4.900862068965517,4.810344827586207,4.814655172413793,4.202586206896552,4.560344827586207,0.0,4.657758620689655,
are_dubai_mina_a_salam_at_madinat_jumeirah,mina a salam at madinat jumeirah,http://www.tripadvisor.com/ShowUserReviews-g295424-d302465-r50501713-Mina_A_Salam_at_Madinat_Jumeirah-Dubai.html,p.o. box 75157,dubai,-1,ARE,-1,-1,-1,425,4.918367346938775,4.826530612244898,4.724489795918367,4.880952380952381,4.326530612244898,0.0,4.735374149659863,
are_dubai_al_manzil_hotel,al manzil hotel,http://www.tripadvisor.com/ShowUserReviews-g295424-d644534-r50553393-Al_Manzil_Hotel-Dubai.html,burj dubai,dubai,-1,ARE,-1,-1,-1,129,4.914529914529915,4.64957264957265,4.786324786324786,4.3418803418803416,4.632478632478633,0.0,4.664957264957264,
are_dubai_le_royal_meridien_beach_resort_spa,le royal meridien beach resort spa,http://www.tripadvisor.com/ShowUserReviews-g295424-d301584-r50411953-Le_Royal_Meridien_Beach_Resort_Spa-Dubai.html,al sofouh road,dubai,-1,ARE,24970,-1,-1,320,4.913621262458472,4.714285714285714,4.877076411960133,4.694352159468439,4.32890365448505,0.0,4.705647840531562,
are_dubai_dar_al_masyaf_at_madinat_jumeirah,dar al masyaf at madinat jumeirah,http://www.tripadvisor.com/ShowUserReviews-g295424-d506195-r49795775-Dar_Al_Masyaf_at_Madinat_Jumeirah-Dubai.html,madinat jumeirah resort,dubai,-1,ARE,75157,-1,-1,213,4.951219512195122,4.890243902439025,4.664634146341464,4.847560975609756,4.402439024390244,0.0,4.751219512195123,
are_dubai_al_maha_desert_resort,al maha desert resort,http://www.tripadvisor.com/ShowUserReviews-g295424-d302789-r49237299-Al_Maha_Desert_Resort-Dubai.html,sheikh zayed road,dubai,-1,ARE,-1,-1,-1,131,4.736263736263736,4.857142857142857,4.758241758241758,4.824175824175824,4.329670329670329,0.0,4.701098901098901,
are_dubai_al_qasr_at_madinat_jumeirah,al qasr at madinat jumeirah,http://www.tripadvisor.com/ShowUserReviews-g295424-d506194-r50475811-Al_Qasr_at_Madinat_Jumeirah-Dubai.html,al sufouh rd,dubai,-1,ARE,-1,-1,-1,272,4.833333333333333,4.806451612903226,4.650537634408602,4.817204301075269,4.295698924731183,0.0,4.680645161290323,
are_dubai_jumeirah_beach_hotel,jumeirah beach hotel,http://www.tripadvisor.com/ShowUserReviews-g295424-d302462-r50301788-Jumeirah_Beach_Hotel-Dubai.html,6 jumeirah beach road,dubai,-1,ARE,-1,-1,-1,442,4.823920265780731,4.73421926910299,4.634551495016611,4.8604651162790695,4.269102990033223,0.0,4.664451827242525,
are_dubai_residence_and_spa_at_one_and_only_royal_mirage,residence and spa at one and only royal mirage,http://www.tripadvisor.com/ShowUserReviews-g295424-d1209362-r46733514-Residence_and_Spa_at_One_and_Only_Royal_Mirage-Dubai.html,jumeira beach road,dubai,-1,ARE,-1,-1,-1,21,4.95,4.95,4.95,4.55,4.6,0.0,4.8,
are_dubai_one_only_royal_mirage,one only royal mirage,http://www.tripadvisor.com/ShowUserReviews-g295424-d306627-r47482585-One_Only_Royal_Mirage-Dubai.html,al soufoh road  po box 37252,dubai,-1,ARE,-1,-1,-1,209,4.803030303030303,4.742424242424242,4.666666666666667,4.242424242424242,4.303030303030303,0.0,4.551515151515152,
are_dubai_qamardeen_hotel,qamardeen hotel,http://www.tripadvisor.com/ShowUserReviews-g295424-d642623-r50197437-Qamardeen_Hotel-Dubai.html,burj dubai,dubai,-1,ARE,114788,-1,-1,52,4.857142857142857,4.551020408163265,4.775510204081633,4.081632653061225,4.530612244897959,0.0,4.559183673469388,
are_dubai_grand_hyatt_dubai,grand hyatt dubai,http://www.tripadvisor.com/ShowUserReviews-g295424-d306642-r49934874-Grand_Hyatt_Dubai-Dubai.html,al qutaeyat road,dubai,-1,ARE,-1,-1,-1,170,4.894736842105263,4.780701754385965,4.7105263157894735,4.2894736842105265,4.359649122807017,0.0,4.60701754385965,
are_dubai_the_palace_at_one_only_royal_mirage,the palace at one only royal mirage,http://www.tripadvisor.com/ShowUserReviews-g295424-d306741-r50542805-The_Palace_at_One_Only_Royal_Mirage-Dubai.html,al sufouh rd   almina siyah,dubai,-1,ARE,-1,-1,-1,211,4.823076923076923,4.538461538461538,4.6461538461538465,4.484615384615385,4.3076923076923075,0.0,4.5600000000000005,
are_dubai_le_meridien_mina_seyahi_beach_resort_and_marina,le meridien mina seyahi beach resort and marina,http://www.tripadvisor.com/ShowUserReviews-g295424-d301570-r50426841-Le_Meridien_Mina_Seyahi_Beach_Resort_and_Marina-Dubai.html,al sufouh road,dubai,-1,ARE,-1,-1,-1,208,4.690322580645161,4.316129032258065,4.593548387096774,4.445161290322581,4.167741935483871,0.0,4.442580645161291,
are_dubai_crowne_plaza_dubai_festival_city,crowne plaza dubai festival city,http://www.tripadvisor.com/ShowUserReviews-g295424-d754106-r49581268-Crowne_Plaza_Dubai_Festival_City-Dubai.html,umm ramool rd,dubai,-1,ARE,-1,-1,-1,88,4.848101265822785,4.784810126582278,4.632911392405063,4.405063291139241,4.481012658227848,0.0,4.630379746835443,
are_dubai_jebel_ali_palm_tree_court_spa,jebel ali palm tree court spa,http://www.tripadvisor.com/ShowUserReviews-g295424-d575718-r50342402-Jebel_Ali_Palm_Tree_Court_Spa-Dubai.html,tariq bin ziyad rd,dubai,-1,ARE,-1,-1,-1,71,4.819672131147541,4.622950819672131,4.655737704918033,4.114754098360656,4.459016393442623,0.0,4.534426229508197,
are_dubai_hilton_dubai_jumeirah,hilton dubai jumeirah,http://www.tripadvisor.com/ShowUserReviews-g295424-d306662-r50551229-Hilton_Dubai_Jumeirah-Dubai.html,jumeirah beach road,dubai,-1,ARE,-1,-1,-1,374,4.762081784386617,4.412639405204461,4.672862453531598,4.312267657992565,4.256505576208179,0.0,4.483271375464684,
are_dubai_arabian_court_at_one_and_only_royal_mirage,arabian court at one and only royal mirage,http://www.tripadvisor.com/ShowUserReviews-g295424-d1220349-r47065398-Arabian_Court_At_One_and_Only_Royal_Mirage-Dubai.html,al sufouh road,dubai,-1,ARE,-1,-1,-1,26,4.833333333333333,4.625,4.5,4.416666666666667,4.25,0.0,4.525,
are_dubai_villa_rotana_dubai,villa rotana dubai,http://www.tripadvisor.com/ShowUserReviews-g295424-d597862-r42989626-Villa_Rotana_Dubai-Dubai.html,sheikh zayed rd,dubai,-1,ARE,118737,-1,-1,27,4.916666666666667,4.833333333333333,4.458333333333333,3.75,4.5,0.0,4.491666666666666,
are_dubai_burj_al_arab,burj al arab,http://www.tripadvisor.com/ShowUserReviews-g295424-d302457-r50482552-Burj_Al_Arab-Dubai.html,jumeirad beach rd,dubai,-1,ARE,-1,-1,-1,331,4.920212765957447,4.898936170212766,4.670212765957447,4.74468085106383,4.101063829787234,0.0,4.6670212765957455,
are_dubai_westin_dubai_mina_seyahi_beach_resort_marina,westin dubai mina seyahi beach resort marina,http://www.tripadvisor.com/ShowUserReviews-g295424-d1008503-r50557185-Westin_Dubai_Mina_Seyahi_Beach_Resort_Marina-Dubai.html,al sufouh road,dubai,-1,ARE,-1,-1,-1,179,4.775147928994083,4.763313609467455,4.136094674556213,4.538461538461538,4.053254437869822,0.0,4.4532544378698224,
are_dubai_park_hyatt_dubai,park hyatt dubai,http://www.tripadvisor.com/ShowUserReviews-g295424-d573855-r50261087-Park_Hyatt_Dubai-Dubai.html,baniyas rd  dubai,dubai,-1,ARE,-1,-1,-1,97,4.7,4.542857142857143,4.428571428571429,4.3428571428571425,4.1,0.0,4.422857142857143,
are_dubai_the_fairmont_dubai,the fairmont dubai,http://www.tripadvisor.com/ShowUserReviews-g295424-d306758-r49510439-The_Fairmont_Dubai-Dubai.html,sheikh zayad rd ,dubai,-1,ARE,-1,-1,-1,75,4.770833333333333,4.395833333333333,4.791666666666667,4.125,4.104166666666667,0.0,4.4375,
are_dubai_oasis_beach_tower_apartments,oasis beach tower apartments,http://www.tripadvisor.com/ShowUserReviews-g295424-d602352-r49479597-Oasis_Beach_Tower_Apartments-Dubai.html,al sofouh road,dubai,-1,ARE,26500,-1,-1,82,4.8307692307692305,4.861538461538461,4.415384615384616,4.415384615384616,4.415384615384616,0.0,4.587692307692309,
are_dubai_the_ritz_carlton_dubai,the ritz carlton dubai,http://www.tripadvisor.com/ShowUserReviews-g295424-d302206-r50455575-The_Ritz_Carlton_Dubai-Dubai.html,al sufouh rd ,dubai,-1,ARE,-1,-1,-1,135,4.693333333333333,4.48,4.613333333333333,4.133333333333334,4.133333333333334,0.0,4.410666666666667,
are_dubai_four_points_by_sheraton_downtown_dubai,four points by sheraton downtown dubai,http://www.tripadvisor.com/ShowUserReviews-g295424-d676864-r49625011-Four_Points_by_Sheraton_Downtown_Dubai-Dubai.html,4c street  mankhool road  bur dubai,dubai,-1,ARE,116162,-1,-1,112,4.766990291262136,4.650485436893204,4.378640776699029,3.8446601941747574,4.398058252427185,0.0,4.407766990291263,
are_dubai_intercontinental_dubai_festival_city,intercontinental dubai festival city,http://www.tripadvisor.com/ShowUserReviews-g295424-d678445-r50518922-InterContinental_Dubai_Festival_City-Dubai.html,umm ramool rd,dubai,-1,ARE,45777,-1,-1,77,4.895522388059701,4.776119402985074,4.597014925373134,3.8805970149253732,4.2835820895522385,0.0,4.486567164179104,
are_dubai_le_meridien_dubai,le meridien dubai,http://www.tripadvisor.com/ShowUserReviews-g295424-d301562-r50408424-Le_Meridien_Dubai-Dubai.html,airport road,dubai,-1,ARE,-1,-1,-1,192,4.586206896551724,4.137931034482759,4.379310344827586,4.068965517241379,4.120689655172414,0.0,4.258620689655172,
are_dubai_hilton_dubai_creek,hilton dubai creek,http://www.tripadvisor.com/ShowUserReviews-g295424-d306652-r50541340-Hilton_Dubai_Creek-Dubai.html,beniyas road,dubai,-1,ARE,-1,-1,-1,198,4.641791044776119,4.514925373134329,4.335820895522388,4.111940298507463,3.9402985074626864,0.0,4.308955223880597,
are_dubai_desert_palm_resort_spa,desert palm resort spa,http://www.tripadvisor.com/ShowUserReviews-g295424-d647469-r49416359-Desert_Palm_Resort_Spa-Dubai.html,al awir rd,dubai,-1,ARE,-1,-1,-1,19,4.833333333333333,4.777777777777778,4.611111111111111,3.611111111111111,4.222222222222222,0.0,4.4111111111111105,
are_dubai_bonnington_jumeirah_lakes_towers,bonnington jumeirah lakes towers,http://www.tripadvisor.com/ShowUserReviews-g295424-d1449900-r50405750-Bonnington_Jumeirah_Lakes_Towers-Dubai.html,jumeirah lakes towers  plot j3 & j4,dubai,-1,ARE,37246,-1,-1,27,4.846153846153846,4.8076923076923075,4.1923076923076925,3.1153846153846154,4.1923076923076925,0.0,4.230769230769232,
are_dubai_arjaan_dubai_media_city,arjaan dubai media city,http://www.tripadvisor.com/ShowUserReviews-g295424-d1108366-r50557849-Arjaan_Dubai_Media_City-Dubai.html,al sufouh road,dubai,-1,ARE,502828,-1,-1,18,4.944444444444445,4.833333333333333,4.611111111111111,4.166666666666667,4.5,0.0,4.611111111111112,
are_dubai_radisson_blu_hotel_dubai_deira_creek,radisson blu hotel dubai deira creek,http://www.tripadvisor.com/ShowUserReviews-g295424-d299239-r50474519-Radisson_Blu_Hotel_Dubai_Deira_Creek-Dubai.html,bani yas road,dubai,-1,ARE,476,-1,-1,103,4.449275362318841,4.086956521739131,4.3478260869565215,4.202898550724638,4.202898550724638,0.0,4.257971014492754,
are_dubai_al_bustan_rotana_dubai,al bustan rotana dubai,http://www.tripadvisor.com/ShowUserReviews-g295424-d302778-r49152839-Al_Bustan_Rotana_Dubai-Dubai.html,casablanca street,dubai,-1,ARE,-1,-1,-1,82,4.46,4.2,4.42,3.98,4.12,0.0,4.236,
are_dubai_arabian_courtyard_hotel_spa,arabian courtyard hotel spa,http://www.tripadvisor.com/ShowUserReviews-g295424-d568574-r50370160-Arabian_Courtyard_Hotel_Spa-Dubai.html,al fahidi street,dubai,-1,ARE,-1,-1,-1,318,4.357976653696498,4.186770428015564,4.237354085603113,4.276264591439689,4.155642023346304,0.0,4.2428015564202335,
are_dubai_gold_swiss_belhotel_dubai,gold swiss belhotel dubai,http://www.tripadvisor.com/ShowUserReviews-g295424-d1478334-r50194651-Gold_Swiss_Belhotel_Dubai-Dubai.html,al mina road bur,dubai,-1,ARE,-1,-1,-1,7,4.857142857142857,4.714285714285714,4.571428571428571,4.285714285714286,5.0,0.0,4.685714285714285,
are_dubai_dusit_thani_dubai,dusit thani dubai,http://www.tripadvisor.com/ShowUserReviews-g295424-d301379-r50366289-Dusit_Thani_Dubai-Dubai.html,133 sheikh zayed road,dubai,-1,ARE,-1,-1,-1,48,4.419354838709677,4.290322580645161,4.32258064516129,4.032258064516129,4.161290322580645,0.0,4.24516129032258,
are_dubai_jebel_ali_golf_resort_spa,jebel ali golf resort spa,http://www.tripadvisor.com/ShowUserReviews-g295424-d302792-r48768723-Jebel_Ali_Golf_Resort_Spa-Dubai.html,sheikh zayed rd 13,dubai,-1,ARE,-1,-1,-1,254,4.62,4.08,4.513333333333334,4.02,4.153333333333333,0.0,4.277333333333333,
are_dubai_jumeirah_emirates_towers_hotel,jumeirah emirates towers hotel,http://www.tripadvisor.com/ShowUserReviews-g295424-d302463-r49762423-Jumeirah_Emirates_Towers_Hotel-Dubai.html,sheikh zayed rd,dubai,-1,ARE,-1,-1,-1,77,4.7,4.46,4.4,4.54,4.0,0.0,4.42,
are_dubai_four_points_by_sheraton_sheikh_zayed_road_dubai,four points by sheraton sheikh zayed road dubai,http://www.tripadvisor.com/ShowUserReviews-g295424-d1025733-r49917440-Four_Points_by_Sheraton_Sheikh_Zayed_Road_Dubai-Dubai.html,sheikh zayed road,dubai,-1,ARE,116162,-1,-1,110,4.528846153846154,4.509615384615385,4.269230769230769,4.3076923076923075,4.3173076923076925,0.0,4.3865384615384615,
are_dubai_jumeira_rotana,jumeira rotana,http://www.tripadvisor.com/ShowUserReviews-g295424-d306689-r50551361-Jumeira_Rotana-Dubai.html,al diyafah street,dubai,-1,ARE,33640,-1,-1,49,4.54054054054054,4.621621621621622,4.54054054054054,3.945945945945946,4.4324324324324325,0.0,4.416216216216216,
are_dubai_burjuman_arjaan_dubai,burjuman arjaan dubai,http://www.tripadvisor.com/ShowUserReviews-g295424-d623284-r47854189-BurJuman_Arjaan_Dubai-Dubai.html,world trade center road,dubai,-1,ARE,-1,-1,-1,30,4.777777777777778,4.814814814814815,4.148148148148148,4.074074074074074,4.111111111111111,0.0,4.385185185185185,
are_dubai_taj_palace_hotel,taj palace hotel,http://www.tripadvisor.com/ShowUserReviews-g295424-d304696-r50414677-Taj_Palace_Hotel-Dubai.html,36a st  al rigga rd,dubai,-1,ARE,42211,-1,-1,83,4.627450980392157,4.509803921568627,4.392156862745098,3.8823529411764706,4.313725490196078,0.0,4.345098039215687,
are_dubai_rimal_rotana_dubai,rimal rotana dubai,http://www.tripadvisor.com/ShowUserReviews-g295424-d306751-r50407351-Rimal_Rotana_Dubai-Dubai.html,al muraqabat street,dubai,-1,ARE,-1,-1,-1,72,4.7272727272727275,4.418181818181818,4.472727272727273,3.618181818181818,4.290909090909091,0.0,4.305454545454546,
are_dubai_shangri_la_hotel,shangri la hotel,http://www.tripadvisor.com/ShowUserReviews-g295424-d302098-r43806384-Shangri_La_Hotel-Dubai.html,sheikh zayed road,dubai,-1,ARE,-1,-1,-1,91,4.711538461538462,4.538461538461538,4.346153846153846,3.9038461538461537,4.0,0.0,4.3,
are_dubai_traders_hotel_dubai,traders hotel dubai,http://www.tripadvisor.com/ShowUserReviews-g295424-d302099-r49402463-Traders_Hotel_Dubai-Dubai.html,al siddique road & salah al din,dubai,-1,ARE,-1,-1,-1,76,4.703703703703703,4.462962962962963,4.62962962962963,3.314814814814815,4.314814814814815,0.0,4.285185185185185,
are_dubai_hatta_fort_hotel,hatta fort hotel,http://www.tripadvisor.com/ShowUserReviews-g295424-d304266-r50535653-Hatta_Fort_Hotel-Dubai.html,old dubai-abu dhabi rd,dubai,-1,ARE,-1,-1,-1,47,4.607142857142857,4.5,4.571428571428571,4.107142857142857,4.107142857142857,0.0,4.378571428571428,
are_dubai_renaissance_dubai_hotel,renaissance dubai hotel,http://www.tripadvisor.com/ShowUserReviews-g295424-d299810-r48586337-Renaissance_Dubai_Hotel-Dubai.html,salah al din road  deira,dubai,-1,ARE,8668,-1,-1,82,4.6,4.2153846153846155,4.569230769230769,3.723076923076923,4.292307692307692,0.0,4.279999999999999,
are_dubai_the_address_downtown_burj_dubai,the address downtown burj dubai,http://www.tripadvisor.com/ShowUserReviews-g295424-d1176106-r50489551-The_Address_Downtown_Burj_Dubai-Dubai.html,al doha st,dubai,-1,ARE,9440,-1,-1,71,4.515625,4.46875,4.0,4.46875,3.859375,0.0,4.2625,
are_dubai_starmetro_deira_hotel_apartments,starmetro deira hotel apartments,http://www.tripadvisor.com/ShowUserReviews-g295424-d1020535-r49030277-StarMetro_Deira_Hotel_Apartments-Dubai.html,salahuddin rd ,dubai,-1,ARE,-1,-1,-1,9,4.888888888888889,4.888888888888889,4.777777777777778,4.333333333333333,4.666666666666667,0.0,4.711111111111111,
are_dubai_raffles_dubai,raffles dubai,http://www.tripadvisor.com/ShowUserReviews-g295424-d656624-r50278114-Raffles_Dubai-Dubai.html,heikh rashid road  wafi ,dubai,-1,ARE,-1,-1,-1,42,4.837837837837838,4.8108108108108105,4.756756756756757,4.135135135135135,4.27027027027027,0.0,4.562162162162163,
are_dubai_towers_rotana_dubai,towers rotana dubai,http://www.tripadvisor.com/ShowUserReviews-g295424-d306762-r50161268-Towers_Rotana_Dubai-Dubai.html,sheikh zayed road,dubai,-1,ARE,-1,-1,-1,67,4.468085106382978,4.148936170212766,4.361702127659575,4.0,4.148936170212766,0.0,4.225531914893617,
are_dubai_jw_marriott_hotel_dubai,jw marriott hotel dubai,http://www.tripadvisor.com/ShowUserReviews-g295424-d299809-r50565351-JW_Marriott_Hotel_Dubai-Dubai.html,abu baker al siddique road,dubai,-1,ARE,16590,-1,-1,70,4.372549019607843,4.176470588235294,4.1568627450980395,3.607843137254902,3.8823529411764706,0.0,4.03921568627451,
are_dubai_atlantis_the_palm,atlantis the palm,http://www.tripadvisor.com/ShowUserReviews-g295424-d1022759-r50571044-Atlantis_The_Palm-Dubai.html,crescent road,dubai,-1,ARE,-1,-1,-1,326,4.54485049833887,4.212624584717608,4.029900332225914,4.009966777408638,3.3421926910299002,0.0,4.027906976744186,
are_dubai_kempinski_hotel_mall_of_the_emirates,kempinski hotel mall of the emirates,http://www.tripadvisor.com/ShowUserReviews-g295424-d582976-r49448895-Kempinski_Hotel_Mall_of_the_Emirates-Dubai.html,sheikh zayed road,dubai,-1,ARE,120679,-1,-1,69,4.555555555555555,4.592592592592593,4.111111111111111,4.166666666666667,3.8703703703703702,0.0,4.2592592592592595,
are_dubai_hyatt_regency_dubai,hyatt regency dubai,http://www.tripadvisor.com/ShowUserReviews-g295424-d306684-r49810882-Hyatt_Regency_Dubai-Dubai.html,al khaleej road,dubai,-1,ARE,-1,-1,-1,74,4.6923076923076925,4.3076923076923075,4.365384615384615,3.6153846153846154,3.8461538461538463,0.0,4.165384615384616,
are_dubai_samaya_hotel_deira,samaya hotel deira,http://www.tripadvisor.com/ShowUserReviews-g295424-d1060227-r49631487-Samaya_Hotel_Deira-Dubai.html,al rigga,dubai,-1,ARE,-1,-1,-1,7,4.857142857142857,4.857142857142857,4.857142857142857,4.428571428571429,4.428571428571429,0.0,4.685714285714285,
are_dubai_layia_oak_hotel_suites,layia oak hotel suites,http://www.tripadvisor.com/ShowUserReviews-g295424-d1214465-r48519338-Layia_Oak_Hotel_Suites-Dubai.html,al barsha-the greens,dubai,-1,ARE,283634,-1,-1,7,4.857142857142857,4.428571428571429,4.428571428571429,3.5714285714285716,4.571428571428571,0.0,4.371428571428572,
are_dubai_jumeirah_beach_club_resort_and_spa,jumeirah beach club resort and spa,http://www.tripadvisor.com/ShowUserReviews-g295424-d302466-r39665551-Jumeirah_Beach_Club_Resort_and_Spa-Dubai.html,jumeirah road,dubai,-1,ARE,-1,-1,-1,10,5.0,4.666666666666667,5.0,5.0,4.333333333333333,0.0,4.8,
are_dubai_the_baron_hotel_apartments,the baron hotel apartments,http://www.tripadvisor.com/ShowUserReviews-g295424-d1081439-r48289887-The_Baron_Hotel_Apartments-Dubai.html,316 rd,dubai,-1,ARE,102609,-1,-1,3,5.0,5.0,5.0,5.0,5.0,0.0,5.0,
are_dubai_novotel_deira_city_centre,novotel deira city centre,http://www.tripadvisor.com/ShowUserReviews-g295424-d1145484-r50027631-Novotel_Deira_City_Centre-Dubai.html,8th street,dubai,-1,ARE,-1,-1,-1,24,4.826086956521739,4.130434782608695,4.173913043478261,4.260869565217392,4.217391304347826,0.0,4.321739130434782,
are_dubai_the_palace_the_old_town,the palace the old town,http://www.tripadvisor.com/ShowUserReviews-g295424-d674456-r50582920-The_Palace_The_Old_Town-Dubai.html,burj dubai,dubai,-1,ARE,9770,-1,-1,40,4.7894736842105265,4.815789473684211,4.131578947368421,4.2105263157894735,3.8947368421052633,0.0,4.36842105263158,
are_dubai_habtoor_grand_resort_spa,habtoor grand resort spa,http://www.tripadvisor.com/ShowUserReviews-g295424-d306734-r50368658-Habtoor_Grand_Resort_Spa-Dubai.html,al sufoud rd ,dubai,-1,ARE,-1,-1,-1,304,4.329059829059829,4.205128205128205,3.9017094017094016,3.8632478632478633,3.700854700854701,0.0,4.0,
are_dubai_jumeirah_bab_al_shams_desert_resort_spa,jumeirah bab al shams desert resort spa,http://www.tripadvisor.com/ShowUserReviews-g295424-d526588-r49073265-Jumeirah_Bab_Al_Shams_Desert_Resort_Spa-Dubai.html,international endurance city  308th rd,dubai,-1,ARE,-1,-1,-1,109,4.478260869565218,4.318840579710145,3.782608695652174,4.434782608695652,3.6231884057971016,0.0,4.127536231884058,
are_dubai_flora_grand_hotel,flora grand hotel,http://www.tripadvisor.com/ShowUserReviews-g295424-d602087-r49319716-Flora_Grand_Hotel-Dubai.html,al rigga rd.,dubai,-1,ARE,120328,-1,-1,57,4.108695652173913,4.0,3.782608695652174,3.739130434782609,3.9130434782608696,0.0,3.9086956521739133,
are_dubai_xclusive_hotel_apartments,xclusive hotel apartments,http://www.tripadvisor.com/ShowUserReviews-g295424-d1016545-r50550527-Xclusive_Hotel_Apartments-Dubai.html,po box: 126012,dubai,-1,ARE,-1,-1,-1,22,4.6,4.75,4.65,3.55,4.55,0.0,4.42,
are_dubai_holiday_inn_dubai_al_barsha,holiday inn dubai al barsha,http://www.tripadvisor.com/ShowUserReviews-g295424-d1139697-r50009405-Holiday_Inn_Dubai_Al_Barsha-Dubai.html,sheikh zayed rd.,dubai,-1,ARE,115443,-1,-1,39,4.611111111111111,4.305555555555555,4.138888888888889,3.9166666666666665,4.083333333333333,0.0,4.21111111111111,
are_dubai_riviera_hotel,riviera hotel,http://www.tripadvisor.com/ShowUserReviews-g295424-d455422-r49611296-Riviera_Hotel-Dubai.html,banyas street,dubai,-1,ARE,-1,-1,-1,35,4.086956521739131,3.782608695652174,4.304347826086956,4.434782608695652,4.173913043478261,0.0,4.156521739130435,
are_dubai_premier_inn,premier inn,http://www.tripadvisor.com/ShowUserReviews-g295424-d1053361-r47958036-Premier_Inn-Dubai.html,e11,dubai,-1,ARE,35118,-1,-1,10,4.875,4.75,4.625,4.0,4.625,0.0,4.575,
are_dubai_grand_hyatt_hotel_dubai,grand hyatt hotel dubai,http://www.tripadvisor.com/ShowUserReviews-g295424-d1225760-r48470026-Grand_Hyatt_Hotel_Dubai-Dubai.html,al mussallah rd,dubai,-1,ARE,7978,-1,-1,14,4.545454545454546,4.636363636363637,4.2727272727272725,4.2727272727272725,3.727272727272727,0.0,4.290909090909091,
are_dubai_holiday_inn_express_dubai_safa_park,holiday inn express dubai safa park,http://www.tripadvisor.com/ShowUserReviews-g295424-d1093097-r50065583-Holiday_Inn_Express_Dubai_Safa_Park-Dubai.html,sheikh zayed road,dubai,-1,ARE,-1,-1,-1,18,4.4,4.133333333333334,3.933333333333333,3.7333333333333334,4.2,0.0,4.08,
are_dubai_grand_midwest_express_hotel_apartments,grand midwest express hotel apartments,http://www.tripadvisor.com/ShowUserReviews-g295424-d1186198-r49016887-Grand_Midwest_Express_Hotel_Apartments-Dubai.html,discovery garden,dubai,-1,ARE,-1,-1,-1,5,4.2,4.4,4.4,3.6,4.6,0.0,4.24,
are_dubai_the_place_deluxe_hotel_apartments,the place deluxe hotel apartments,http://www.tripadvisor.com/ShowUserReviews-g295424-d1079054-r34486314-The_Place_Deluxe_Hotel_Apartments-Dubai.html,sheikh zayed rd,dubai,-1,ARE,117452,-1,-1,3,5.0,5.0,4.666666666666667,4.666666666666667,5.0,0.0,4.866666666666667,
are_dubai_al_murooj_rotana_dubai,al murooj rotana dubai,http://www.tripadvisor.com/ShowUserReviews-g295424-d572764-r49311979-Al_Murooj_Rotana_Dubai-Dubai.html,al saffa st off sheikh zayed rd,dubai,-1,ARE,117546,-1,-1,54,4.5227272727272725,4.159090909090909,4.159090909090909,3.5681818181818183,3.840909090909091,0.0,4.05,
are_dubai_ramada_dubai,ramada dubai,http://www.tripadvisor.com/ShowUserReviews-g295424-d306747-r49336512-Ramada_Dubai-Dubai.html,al mankhool rd,dubai,-1,ARE,-1,-1,-1,24,3.9047619047619047,4.0,3.619047619047619,3.9523809523809526,3.9047619047619047,0.0,3.8761904761904757,
are_dubai_le_meridien_al_sondos_suites,le meridien al sondos suites,http://www.tripadvisor.com/ShowUserReviews-g295424-d301550-r48741973-Le_Meridien_Al_Sondos_Suites-Dubai.html,al rolla st,dubai,-1,ARE,-1,-1,-1,32,4.695652173913044,4.434782608695652,4.260869565217392,3.3043478260869565,4.0,0.0,4.139130434782609,
are_dubai_the_monarch_dubai,the monarch dubai,http://www.tripadvisor.com/ShowUserReviews-g295424-d674660-r45454066-The_Monarch_Dubai-Dubai.html,sheikh zayed road,dubai,-1,ARE,125511,-1,-1,17,4.466666666666667,4.466666666666667,4.466666666666667,3.7333333333333334,4.0,0.0,4.226666666666667,
are_dubai_beit_al_bahar,beit al bahar,http://www.tripadvisor.com/ShowUserReviews-g295424-d506994-r26782301-Beit_Al_Bahar-Dubai.html,jumeirah road,dubai,-1,ARE,11416,-1,-1,8,5.0,5.0,5.0,5.0,4.833333333333333,0.0,4.966666666666667,
are_dubai_moevenpick_hotel_bur_dubai,moevenpick hotel bur dubai,http://www.tripadvisor.com/ShowUserReviews-g295424-d301908-r48261204-Moevenpick_Hotel_Bur_Dubai-Dubai.html,oud metha road,dubai,-1,ARE,-1,-1,-1,39,4.653846153846154,4.076923076923077,4.269230769230769,3.6923076923076925,3.9615384615384617,0.0,4.13076923076923,
are_dubai_metropolitan_palace_hotel,metropolitan palace hotel,http://www.tripadvisor.com/ShowUserReviews-g295424-d306761-r50143651-Metropolitan_Palace_Hotel-Dubai.html,al maktoum street  deira,dubai,-1,ARE,-1,-1,-1,64,4.369565217391305,4.0,4.130434782608695,3.8260869565217392,3.891304347826087,0.0,4.0434782608695645,
are_dubai_le_meridien_residence_deira,le meridien residence deira,http://www.tripadvisor.com/ShowUserReviews-g295424-d301576-r50187884-Le_Meridien_Residence_Deira-Dubai.html,al maktoum road and 15th st,dubai,-1,ARE,-1,-1,-1,36,4.03030303030303,3.909090909090909,4.090909090909091,3.787878787878788,4.303030303030303,0.0,4.024242424242425,
are_dubai_dream_palace_hotel,dream palace hotel,http://www.tripadvisor.com/ShowUserReviews-g295424-d547382-r50086454-Dream_Palace_Hotel-Dubai.html,al muraqqabat rd,dubai,-1,ARE,82777,-1,-1,21,4.105263157894737,3.526315789473684,3.6842105263157894,3.736842105263158,4.2105263157894735,0.0,3.8526315789473684,
are_dubai_golden_sands_hotel_apartments,golden sands hotel apartments,http://www.tripadvisor.com/ShowUserReviews-g295424-d308513-r50491226-Golden_Sands_Hotel_Apartments-Dubai.html,al mankhool rd,dubai,-1,ARE,-1,-1,-1,211,4.006944444444445,3.951388888888889,3.625,3.5972222222222223,4.0,0.0,3.8361111111111112,
are_dubai_la_maison_d_hotes,la maison d hotes,http://www.tripadvisor.com/ShowUserReviews-g295424-d1093301-r48541561-La_Maison_d_Hotes-Dubai.html,26d street,dubai,-1,ARE,-1,-1,-1,8,4.714285714285714,4.285714285714286,4.142857142857143,4.0,4.142857142857143,0.0,4.257142857142858,
are_dubai_sheraton_dubai_creek_hotel_and_towers,sheraton dubai creek hotel and towers,http://www.tripadvisor.com/ShowUserReviews-g295424-d301867-r49509434-Sheraton_Dubai_Creek_Hotel_and_Towers-Dubai.html,baniyas rd & creek road,dubai,-1,ARE,-1,-1,-1,105,4.391304347826087,4.260869565217392,4.188405797101449,4.159420289855072,3.8840579710144927,0.0,4.176811594202898,
are_dubai_courtyard_by_marriott_green_community_dubai,courtyard by marriott green community dubai,http://www.tripadvisor.com/ShowUserReviews-g295424-d506233-r48959467-Courtyard_by_Marriott_Green_Community_Dubai-Dubai.html,green community 101,dubai,-1,ARE,16590,-1,-1,30,4.476190476190476,4.285714285714286,4.333333333333333,3.0,3.9047619047619047,0.0,4.0,
are_dubai_star_metro_al_barsha,star metro al barsha,http://www.tripadvisor.com/ShowUserReviews-g295424-d1064437-r46021880-Star_Metro_Al_Barsha-Dubai.html,al barsha 1,dubai,-1,ARE,185323,-1,-1,7,4.428571428571429,4.857142857142857,4.428571428571429,4.285714285714286,4.285714285714286,0.0,4.457142857142857,
are_dubai_radisson_blu_hotel_dubai_media_city,radisson blu hotel dubai media city,http://www.tripadvisor.com/ShowUserReviews-g295424-d589362-r50228924-Radisson_Blu_Hotel_Dubai_Media_City-Dubai.html,po box 211723,dubai,-1,ARE,-1,-1,-1,29,4.304347826086956,4.0,3.9565217391304346,3.8260869565217392,3.5652173913043477,0.0,3.930434782608695,
are_dubai_rihab_rotana_dubai,rihab rotana dubai,http://www.tripadvisor.com/ShowUserReviews-g295424-d306749-r49980685-Rihab_Rotana_Dubai-Dubai.html,al garhoud road,dubai,-1,ARE,33871,-1,-1,15,4.583333333333333,4.25,4.25,4.25,4.25,0.0,4.316666666666666,
are_dubai_star_boutique_hotel_apartments,star boutique hotel apartments,http://www.tripadvisor.com/ShowUserReviews-g295424-d1217898-r48115832-Star_Boutique_Hotel_Apartments-Dubai.html,28a street,dubai,-1,ARE,5239,-1,-1,8,4.571428571428571,4.285714285714286,4.142857142857143,4.285714285714286,4.428571428571429,0.0,4.342857142857143,
are_dubai_dubai_marriott_harbour_hotel_suites,dubai marriott harbour hotel suites,http://www.tripadvisor.com/ShowUserReviews-g295424-d636140-r50517019-Dubai_Marriott_Harbour_Hotel_Suites-Dubai.html,al sufouh road  dubai marina,dubai,-1,ARE,66662,-1,-1,6,4.8,4.8,3.8,3.0,4.0,0.0,4.08,
are_dubai_savoy_crest_exclusive_hotel_apartments,savoy crest exclusive hotel apartments,http://www.tripadvisor.com/ShowUserReviews-g295424-d621597-r50468625-Savoy_Crest_Exclusive_Hotel_Apartments-Dubai.html,al mankhoul st,dubai,-1,ARE,-1,-1,-1,7,4.285714285714286,4.285714285714286,3.857142857142857,4.0,3.857142857142857,0.0,4.057142857142857,
are_dubai_the_montgomerie_hotel,the montgomerie hotel,http://www.tripadvisor.com/ShowUserReviews-g295424-d1170282-r49027228-The_Montgomerie_Hotel-Dubai.html,lailak 3rd street,dubai,-1,ARE,-1,-1,-1,2,5.0,5.0,4.5,5.0,5.0,0.0,4.9,
are_dubai_belvedere_court_hotel_apartments,belvedere court hotel apartments,http://www.tripadvisor.com/ShowUserReviews-g295424-d1384399-r49163834-Belvedere_Court_Hotel_Apartments-Dubai.html,al kuwait street,dubai,-1,ARE,-1,-1,-1,6,4.666666666666667,4.833333333333333,4.666666666666667,4.5,4.833333333333333,0.0,4.7,
are_dubai_le_meridien_fairway,le meridien fairway,http://www.tripadvisor.com/ShowUserReviews-g295424-d325646-r39621723-Le_Meridien_Fairway-Dubai.html,al garhoud road,dubai,-1,ARE,-1,-1,-1,48,4.2,4.2,4.0,3.48,3.8,0.0,3.936,
are_dubai_golden_tulip_suites_dubai,golden tulip suites dubai,http://www.tripadvisor.com/ShowUserReviews-g295424-d1089957-r47652104-Golden_Tulip_Suites_Dubai-Dubai.html,p.o.box 282464,dubai,-1,ARE,282464,-1,-1,2,5.0,4.5,4.0,4.5,5.0,0.0,4.6,
are_dubai_arabian_dreams_hotel_apartments,arabian dreams hotel apartments,http://www.tripadvisor.com/ShowUserReviews-g295424-d673920-r48602251-Arabian_Dreams_Hotel_Apartments-Dubai.html,p.o box 31933,dubai,-1,ARE,-1,-1,-1,15,4.461538461538462,4.3076923076923075,4.3076923076923075,4.0,3.8461538461538463,0.0,4.184615384615384,
are_dubai_majestic_hotel,majestic hotel,http://www.tripadvisor.com/ShowUserReviews-g295424-d625760-r49434191-Majestic_Hotel-Dubai.html,mankhool rd,dubai,-1,ARE,00000,-1,-1,59,4.3061224489795915,4.081632653061225,3.6122448979591835,3.36734693877551,3.7755102040816326,0.0,3.8285714285714283,
are_dubai_holiday_inn_express_dubai_jumeirah,holiday inn express dubai jumeirah,http://www.tripadvisor.com/ShowUserReviews-g295424-d1186196-r50065716-Holiday_Inn_Express_Dubai_Jumeirah-Dubai.html,corner of jumeirah road and 60 road,dubai,-1,ARE,-1,-1,-1,19,4.684210526315789,3.8947368421052633,3.736842105263158,3.210526315789474,4.052631578947368,0.0,3.915789473684211,
are_dubai_symphony_hotel_apartments,symphony hotel apartments,http://www.tripadvisor.com/ShowUserReviews-g295424-d780481-r50563010-Symphony_Hotel_Apartments-Dubai.html,24 b st,dubai,-1,ARE,-1,-1,-1,14,4.5,4.666666666666667,4.0,4.25,4.0,0.0,4.283333333333333,
are_dubai_novotel_world_trade_centre_dubai,novotel world trade centre dubai,http://www.tripadvisor.com/ShowUserReviews-g295424-d299705-r50189068-Novotel_World_Trade_Centre_Dubai-Dubai.html,po box 9622  zabeel road 2nd,dubai,-1,ARE,-1,-1,-1,97,4.361111111111111,3.8472222222222223,3.9166666666666665,3.763888888888889,3.9166666666666665,0.0,3.9611111111111112,
are_dubai_star_boutique_hotel_apartment,star boutique hotel apartment,http://www.tripadvisor.com/ShowUserReviews-g295424-d681327-r46730973-Star_Boutique_Hotel_Apartment-Dubai.html,28a st,dubai,-1,ARE,15308,-1,-1,15,4.214285714285714,4.428571428571429,3.857142857142857,3.857142857142857,4.357142857142857,0.0,4.142857142857143,
are_dubai_grand_millennium_dubai,grand millennium dubai,http://www.tripadvisor.com/ShowUserReviews-g295424-d1149156-r50092546-Grand_Millennium_Dubai-Dubai.html,sheikh zayed road,dubai,-1,ARE,-1,-1,-1,16,4.666666666666667,4.2,4.0,3.3333333333333335,4.066666666666666,0.0,4.053333333333333,
are_dubai_sheraton_jumeirah_beach_resort_towers,sheraton jumeirah beach resort towers,http://www.tripadvisor.com/ShowUserReviews-g295424-d304493-r50286259-Sheraton_Jumeirah_Beach_Resort_Towers-Dubai.html,al sufouh road,dubai,-1,ARE,-1,-1,-1,171,4.25,3.9166666666666665,3.787037037037037,3.4166666666666665,3.5,0.0,3.774074074074074,
are_dubai_tamani_hotel_marina,tamani hotel marina,http://www.tripadvisor.com/ShowUserReviews-g295424-d674662-r49593596-Tamani_Hotel_Marina-Dubai.html,dubai marina dr,dubai,-1,ARE,215855,-1,-1,20,4.235294117647059,4.176470588235294,3.588235294117647,3.8823529411764706,3.764705882352941,0.0,3.9294117647058826,
are_dubai_rydges_plaza_dubai,rydges plaza dubai,http://www.tripadvisor.com/ShowUserReviews-g295424-d304401-r50555730-Rydges_Plaza_Dubai-Dubai.html,dhiyafa rd,dubai,-1,ARE,-1,-1,-1,48,4.121212121212121,3.878787878787879,4.181818181818182,3.6363636363636362,3.9393939393939394,0.0,3.9515151515151516,
are_dubai_kirklees_hotel_apartment,kirklees hotel apartment,http://www.tripadvisor.com/ShowUserReviews-g295424-d676099-r35619113-Kirklees_Hotel_Apartment-Dubai.html,13th st  area mankool rd,dubai,-1,ARE,125954,-1,-1,4,4.5,4.75,4.25,4.25,4.5,0.0,4.45,
are_dubai_copthorne_hotel_dubai,copthorne hotel dubai,http://www.tripadvisor.com/ShowUserReviews-g295424-d1016546-r39946388-Copthorne_Hotel_Dubai-Dubai.html,port saeed   deira,dubai,-1,ARE,119311,-1,-1,11,4.818181818181818,4.454545454545454,4.090909090909091,4.0,3.909090909090909,0.0,4.254545454545455,
are_dubai_dubai_marina_the_waves,dubai marina the waves,http://www.tripadvisor.com/ShowUserReviews-g295424-d1145467-r35811400-Dubai_Marina_The_Waves-Dubai.html,dubai marina dr,dubai,-1,ARE,-1,-1,-1,2,5.0,5.0,5.0,5.0,5.0,0.0,5.0,
are_dubai_dhow_palace_hotel,dhow palace hotel,http://www.tripadvisor.com/ShowUserReviews-g295424-d607845-r49310425-Dhow_Palace_Hotel-Dubai.html,al kuwait st ,dubai,-1,ARE,-1,-1,-1,45,3.9473684210526314,3.8947368421052633,3.6842105263157894,3.3421052631578947,3.710526315789474,0.0,3.71578947368421,
are_dubai_arabian_park_hotel,arabian park hotel,http://www.tripadvisor.com/ShowUserReviews-g295424-d614923-r50406085-Arabian_Park_Hotel-Dubai.html,oud metha drive 1,dubai,-1,ARE,-1,-1,-1,71,4.375,3.8035714285714284,4.071428571428571,2.7857142857142856,3.982142857142857,0.0,3.8035714285714284,
are_dubai_flora_park_hotel_apartments,flora park hotel apartments,http://www.tripadvisor.com/ShowUserReviews-g295424-d653044-r48647568-Flora_Park_Hotel_Apartments-Dubai.html,p.o.box 114166,dubai,-1,ARE,-1,-1,-1,6,3.6,4.0,3.8,3.4,3.2,0.0,3.6,
are_dubai_dubai_marine_beach_resort_and_spa,dubai marine beach resort and spa,http://www.tripadvisor.com/ShowUserReviews-g295424-d306636-r48433588-Dubai_Marine_Beach_Resort_and_Spa-Dubai.html,jumierah beach road,dubai,-1,ARE,-1,-1,-1,72,3.9285714285714284,3.4285714285714284,3.619047619047619,4.0,3.1666666666666665,0.0,3.6285714285714286,
are_dubai_crowne_plaza_hotel_dubai,crowne plaza hotel dubai,http://www.tripadvisor.com/ShowUserReviews-g295424-d299235-r50316250-Crowne_Plaza_Hotel_Dubai-Dubai.html,sheikh zayed rd  al nahyan road,dubai,-1,ARE,23215,-1,-1,75,4.382978723404255,4.085106382978723,4.23404255319149,4.25531914893617,3.9574468085106385,0.0,4.182978723404256,
are_dubai_rolla_residence,rolla residence,http://www.tripadvisor.com/ShowUserReviews-g295424-d583945-r31470983-Rolla_Residence-Dubai.html,al rolla road,dubai,-1,ARE,-1,-1,-1,17,4.357142857142857,4.142857142857143,4.0,3.5,3.7857142857142856,0.0,3.957142857142857,
are_dubai_media_rotana_barsha_dubai,media rotana barsha dubai,http://www.tripadvisor.com/ShowUserReviews-g295424-d1141266-r48699974-Media_Rotana_Barsha_Dubai-Dubai.html,south al barsha off sheikh zayed road,dubai,-1,ARE,-1,-1,-1,8,4.857142857142857,4.0,4.0,2.4285714285714284,3.5714285714285716,0.0,3.7714285714285714,
are_dubai_sheraton_deira_hotel,sheraton deira hotel,http://www.tripadvisor.com/ShowUserReviews-g295424-d304492-r50553164-Sheraton_Deira_Hotel-Dubai.html,al muteena street,dubai,-1,ARE,-1,-1,-1,68,3.8947368421052633,3.3684210526315788,3.973684210526316,2.9473684210526314,3.3157894736842106,0.0,3.5,
are_dubai_royal_ascot_hotel,royal ascot hotel,http://www.tripadvisor.com/ShowUserReviews-g295424-d647963-r47697204-Royal_Ascot_Hotel-Dubai.html,khalid bin waleed street,dubai,-1,ARE,52555,-1,-1,31,4.111111111111111,4.074074074074074,3.5555555555555554,3.925925925925926,3.6296296296296298,0.0,3.8592592592592596,
are_dubai_rose_garden_hotel_apartments,rose garden hotel apartments,http://www.tripadvisor.com/ShowUserReviews-g295424-d647437-r49029728-Rose_Garden_Hotel_Apartments-Dubai.html,behind burjuman shopping mall/citi bank,dubai,-1,ARE,44401,-1,-1,11,4.444444444444445,4.444444444444445,4.0,4.222222222222222,4.555555555555555,0.0,4.333333333333333,
are_dubai_all_seasons_hotel_apartments,all seasons hotel apartments,http://www.tripadvisor.com/ShowUserReviews-g295424-d1085865-r49682500-All_Seasons_Hotel_Apartments-Dubai.html,al wuheida rd,dubai,-1,ARE,-1,-1,-1,-1,0.0,0.0,0.0,0.0,0.0,0.0,-1.0,
are_dubai_ziqoo_hotel_apartment,ziqoo hotel apartment,http://www.tripadvisor.com/ShowUserReviews-g295424-d1508373-r49400728-ZiQoo_Hotel_Apartment-Dubai.html,building number 11,dubai,-1,ARE,487021,-1,-1,3,4.333333333333333,4.333333333333333,4.0,3.3333333333333335,4.333333333333333,0.0,4.066666666666666,
are_dubai_dunes_hotel_apartments_barsha,dunes hotel apartments barsha,http://www.tripadvisor.com/ShowUserReviews-g295424-d1013547-r48663043-Dunes_Hotel_Apartments_Barsha-Dubai.html,118th st,dubai,-1,ARE,-1,-1,-1,4,5.0,4.5,4.75,3.5,4.5,0.0,4.45,
are_dubai_ibis_deira_city_centre,ibis deira city centre,http://www.tripadvisor.com/ShowUserReviews-g295424-d1173922-r49320425-Ibis_Deira_City_Centre-Dubai.html,8th street  port saeed district,dubai,-1,ARE,-1,-1,-1,24,4.473684210526316,3.6315789473684212,3.3684210526315788,4.157894736842105,4.052631578947368,0.0,3.9368421052631577,
are_dubai_angsana_dubai,angsana dubai,http://www.tripadvisor.com/ShowUserReviews-g295424-d1027050-r32659752-Angsana_Dubai-Dubai.html,sheikh zayed rd,dubai,-1,ARE,-1,-1,-1,15,4.25,4.083333333333333,4.0,3.4166666666666665,3.8333333333333335,0.0,3.916666666666667,
are_dubai_le_meridien_dar_al_sondos_hotel_apartments,le meridien dar al sondos hotel apartments,http://www.tripadvisor.com/ShowUserReviews-g295424-d301555-r49752910-Le_Meridien_Dar_Al_Sondos_Hotel_Apartments-Dubai.html,bur dubai rolla street,dubai,-1,ARE,-1,-1,-1,48,3.7916666666666665,3.125,3.625,3.125,3.4166666666666665,0.0,3.4166666666666665,
are_dubai_ramee_guestline_hotel,ramee guestline hotel,http://www.tripadvisor.com/ShowUserReviews-g295424-d661966-r48989375-Ramee_Guestline_Hotel-Dubai.html,al rigga street deira dubai,dubai,-1,ARE,-1,-1,-1,7,4.714285714285714,4.285714285714286,4.428571428571429,4.0,4.142857142857143,0.0,4.314285714285715,
are_dubai_golden_square_suites,golden square suites,http://www.tripadvisor.com/ShowUserReviews-g295424-d1200878-r49473545-Golden_Square_Suites-Dubai.html,al khaleej road,dubai,-1,ARE,42222,-1,-1,1,5.0,5.0,4.0,5.0,5.0,0.0,4.8,
are_dubai_media_one_hotel_dubai,media one hotel dubai,http://www.tripadvisor.com/ShowUserReviews-g295424-d1547042-r50545584-Media_One_Hotel_Dubai-Dubai.html,p. o. box 121818,dubai,-1,ARE,121818,-1,-1,2,5.0,4.5,5.0,4.5,5.0,0.0,4.8,
are_dubai_four_points_by_sheraton_bur_dubai,four points by sheraton bur dubai,http://www.tripadvisor.com/ShowUserReviews-g295424-d301868-r49590852-Four_Points_by_Sheraton_Bur_Dubai-Dubai.html,khalid bin walid st,dubai,-1,ARE,33196,-1,-1,58,3.911111111111111,3.6222222222222222,3.7111111111111112,3.533333333333333,3.3555555555555556,0.0,3.6266666666666665,
are_dubai_the_carlton_tower_hotel,the carlton tower hotel,http://www.tripadvisor.com/ShowUserReviews-g295424-d446842-r34668981-The_Carlton_Tower_Hotel-Dubai.html,baniyas rd,dubai,-1,ARE,-1,-1,-1,15,3.4545454545454546,2.909090909090909,3.090909090909091,3.909090909090909,2.727272727272727,0.0,3.218181818181818,
are_dubai_suitehotel_mall_of_the_emirates,suitehotel mall of the emirates,http://www.tripadvisor.com/ShowUserReviews-g295424-d1427240-r50011747-Suitehotel_Mall_Of_The_Emirates-Dubai.html,2a street,dubai,-1,ARE,283825,-1,-1,6,4.333333333333333,3.8333333333333335,3.1666666666666665,4.166666666666667,3.5,0.0,3.8,
are_dubai_tulip_hotel_apartments,tulip hotel apartments,http://www.tripadvisor.com/ShowUserReviews-g295424-d1222973-r48907673-Tulip_Hotel_Apartments-Dubai.html,5a street 317 community,dubai,-1,ARE,-1,-1,-1,1,5.0,5.0,5.0,5.0,5.0,0.0,5.0,
are_dubai_delmon_hotel,delmon hotel,http://www.tripadvisor.com/ShowUserReviews-g295424-d617024-r34621653-Delmon_Hotel-Dubai.html,al rigga road ,dubai,-1,ARE,-1,-1,-1,11,3.888888888888889,3.888888888888889,4.111111111111111,4.222222222222222,3.888888888888889,0.0,4.0,
are_dubai_flora_creek_hotel_apartments,flora creek hotel apartments,http://www.tripadvisor.com/ShowUserReviews-g295424-d1167209-r31543160-Flora_Creek_Hotel_Apartments-Dubai.html,85 rd  port saeed rd,dubai,-1,ARE,119062,-1,-1,4,4.75,4.75,3.5,4.5,4.0,0.0,4.3,
are_dubai_chelsea_tower_hotel_apartments,chelsea tower hotel apartments,http://www.tripadvisor.com/ShowUserReviews-g295424-d566082-r36465879-Chelsea_Tower_Hotel_Apartments-Dubai.html,sheikh zayed road,dubai,-1,ARE,-1,-1,-1,22,4.1875,4.3125,3.9375,4.25,3.5625,0.0,4.05,
are_dubai_landmark_hotel,landmark hotel,http://www.tripadvisor.com/ShowUserReviews-g295424-d641512-r48944352-Landmark_Hotel-Dubai.html,omar bin al khattab rd  al nasser square,dubai,-1,ARE,-1,-1,-1,13,3.4545454545454546,3.0,3.3636363636363638,3.3636363636363638,3.090909090909091,0.0,3.254545454545455,
are_dubai_city_seasons_hotel,city seasons hotel,http://www.tripadvisor.com/ShowUserReviews-g295424-d1390312-r45876831-City_Seasons_Hotel-Dubai.html,port saeed al maktoum street,dubai,-1,ARE,-1,-1,-1,3,4.666666666666667,4.333333333333333,3.6666666666666665,3.6666666666666665,3.6666666666666665,0.0,4.0,
are_dubai_excelsior_creek,excelsior creek,http://www.tripadvisor.com/ShowUserReviews-g295424-d1539162-r43511487-Excelsior_Creek-Dubai.html,corner of 20th street and 15 b street,dubai,-1,ARE,-1,-1,-1,1,5.0,5.0,5.0,5.0,5.0,0.0,5.0,
are_dubai_coral_oriental_dubai,coral oriental dubai,http://www.tripadvisor.com/ShowUserReviews-g295424-d562264-r50207152-Coral_Oriental_Dubai-Dubai.html,al naif road,dubai,-1,ARE,-1,-1,-1,15,3.5454545454545454,3.272727272727273,3.090909090909091,2.272727272727273,3.090909090909091,0.0,3.0545454545454547,
are_dubai_khalidia_hotel_apartments,khalidia hotel apartments,http://www.tripadvisor.com/ShowUserReviews-g295424-d306727-r38261923-Khalidia_Hotel_Apartments-Dubai.html,al maktoum st,dubai,-1,ARE,63890,-1,-1,2,5.0,5.0,4.5,4.5,4.5,0.0,4.7,
are_dubai_savoy_park_apartments,savoy park apartments,http://www.tripadvisor.com/ShowUserReviews-g295424-d621598-r32361373-Savoy_Park_Apartments-Dubai.html,al mankhoul,dubai,-1,ARE,000,-1,-1,7,5.0,4.75,4.5,4.75,4.5,0.0,4.7,
are_dubai_ibis_world_trade_centre_dubai,ibis world trade centre dubai,http://www.tripadvisor.com/ShowUserReviews-g295424-d299707-r50556346-Ibis_World_Trade_Centre_Dubai-Dubai.html,sheikh zayed rd,dubai,-1,ARE,-1,-1,-1,75,4.086956521739131,3.5434782608695654,3.8260869565217392,3.739130434782609,3.9782608695652173,0.0,3.834782608695653,
are_dubai_ibis_mall_of_the_emirates,ibis mall of the emirates,http://www.tripadvisor.com/ShowUserReviews-g295424-d1200568-r50557138-Ibis_Mall_of_the_Emirates-Dubai.html,2 a street,dubai,-1,ARE,283825,-1,-1,10,4.777777777777778,3.888888888888889,3.6666666666666665,4.555555555555555,4.777777777777778,0.0,4.333333333333334,
are_dubai_hallmark_hotel,hallmark hotel,http://www.tripadvisor.com/ShowUserReviews-g295424-d582465-r49786553-Hallmark_Hotel-Dubai.html,al rigga rd,dubai,-1,ARE,-1,-1,-1,9,3.3333333333333335,3.3333333333333335,3.3333333333333335,3.5,3.3333333333333335,0.0,3.3666666666666663,
are_dubai_regent_beach_resort,regent beach resort,http://www.tripadvisor.com/ShowUserReviews-g295424-d301532-r47365696-Regent_Beach_Resort-Dubai.html,jumeirah 1 road street 39a,dubai,-1,ARE,87075,-1,-1,56,3.8333333333333335,3.5,3.8333333333333335,4.333333333333333,3.625,0.0,3.825,
are_dubai_holiday_inn_express_dubai_internet_city,holiday inn express dubai internet city,http://www.tripadvisor.com/ShowUserReviews-g295424-d673962-r50338528-Holiday_Inn_Express_Dubai_Internet_City-Dubai.html,tecom zone  knowledge city,dubai,-1,ARE,-1,-1,-1,39,4.083333333333333,3.7222222222222223,3.5833333333333335,3.1944444444444446,3.7777777777777777,0.0,3.672222222222222,
are_dubai_avari_dubai_hotel,avari dubai hotel,http://www.tripadvisor.com/ShowUserReviews-g295424-d299721-r50550342-Avari_Dubai_Hotel-Dubai.html,adjacent to al riqqa post office,dubai,-1,ARE,50400,-1,-1,20,3.9166666666666665,3.4166666666666665,3.5,3.6666666666666665,3.4166666666666665,0.0,3.583333333333333,
are_dubai_hawthorn_hotel_deira,hawthorn hotel deira,http://www.tripadvisor.com/ShowUserReviews-g295424-d585143-r17480238-Hawthorn_Hotel_Deira-Dubai.html,al rigga street,dubai,-1,ARE,-1,-1,-1,16,4.230769230769231,3.769230769230769,3.6153846153846154,3.230769230769231,3.5384615384615383,0.0,3.6769230769230767,
are_dubai_seaview_hotel,seaview hotel,http://www.tripadvisor.com/ShowUserReviews-g295424-d309659-r48818105-Seaview_Hotel-Dubai.html,al mina rd,dubai,-1,ARE,-1,-1,-1,42,3.8095238095238093,3.0952380952380953,3.8095238095238093,2.9523809523809526,3.380952380952381,0.0,3.4095238095238094,
are_dubai_grand_midwest_tower_hotel_apartments,grand midwest tower hotel apartments,http://www.tripadvisor.com/ShowUserReviews-g295424-d1523711-r48910305-Grand_Midwest_Tower_Hotel_Apartments-Dubai.html,sheikh zayad road,dubai,-1,ARE,125616,-1,-1,1,4.0,4.0,2.0,4.0,4.0,0.0,3.6,
are_dubai_dubai_international_hotel,dubai international hotel,http://www.tripadvisor.com/ShowUserReviews-g295424-d623825-r42173594-Dubai_International_Hotel-Dubai.html,e 11,dubai,-1,ARE,-1,-1,-1,25,4.166666666666667,4.166666666666667,3.3333333333333335,4.666666666666667,2.8333333333333335,0.0,3.8333333333333335,
are_dubai_coral_deira_dubai,coral deira dubai,http://www.tripadvisor.com/ShowUserReviews-g295424-d301691-r50555736-Coral_Deira_Dubai-Dubai.html,al muraqabat street,dubai,-1,ARE,-1,-1,-1,51,4.545454545454546,4.2727272727272725,4.136363636363637,3.409090909090909,3.9545454545454546,0.0,4.063636363636364,
are_dubai_metropolitan_hotel_deira,metropolitan hotel deira,http://www.tripadvisor.com/ShowUserReviews-g295424-d497631-r50183535-Metropolitan_Hotel_Deira-Dubai.html,33c st,dubai,-1,ARE,-1,-1,-1,42,3.789473684210526,3.5789473684210527,3.473684210526316,3.3684210526315788,3.3684210526315788,0.0,3.5157894736842104,
are_dubai_grand_midwest_hotel_apartments,grand midwest hotel apartments,http://www.tripadvisor.com/ShowUserReviews-g295424-d602032-r50359872-Grand_Midwest_Hotel_Apartments-Dubai.html,behind burjuman shopping mall bank street,dubai,-1,ARE,125616,-1,-1,20,3.473684210526316,3.473684210526316,3.1578947368421053,3.8421052631578947,3.526315789473684,0.0,3.494736842105263,
are_dubai_savoy_suites,savoy suites,http://www.tripadvisor.com/ShowUserReviews-g295424-d582045-r31868733-Savoy_Suites-Dubai.html,10 b st,dubai,-1,ARE,-1,-1,-1,14,4.25,4.0,3.875,3.625,3.75,0.0,3.9,
are_dubai_admiral_plaza_hotel,admiral plaza hotel,http://www.tripadvisor.com/ShowUserReviews-g295424-d307909-r50394220-Admiral_Plaza_Hotel-Dubai.html,al nahdha st  ,dubai,-1,ARE,-1,-1,-1,42,3.2413793103448274,2.7586206896551726,2.9310344827586206,3.3448275862068964,3.0344827586206895,0.0,3.0620689655172413,
are_dubai_emirates_concorde_hotel_residence,emirates concorde hotel residence,http://www.tripadvisor.com/ShowUserReviews-g295424-d506232-r28600910-Emirates_Concorde_Hotel_Residence-Dubai.html,al maktoum rd,dubai,-1,ARE,64225,-1,-1,10,3.857142857142857,3.5714285714285716,3.0,3.857142857142857,3.5714285714285716,0.0,3.5714285714285716,
are_dubai_zagy_arabian_suites,zagy arabian suites,http://www.tripadvisor.com/ShowUserReviews-g295424-d1078457-r49257877-Zagy_Arabian_Suites-Dubai.html,p.o.box: 28120,dubai,-1,ARE,u a e,-1,-1,14,4.0,4.25,4.0,2.9166666666666665,4.083333333333333,0.0,3.85,
are_dubai_splendid_hotel_apartments,splendid hotel apartments,http://www.tripadvisor.com/ShowUserReviews-g295424-d1034717-r24952044-Splendid_Hotel_Apartments-Dubai.html,oud metha road,dubai,-1,ARE,-1,-1,-1,1,5.0,5.0,5.0,5.0,5.0,0.0,5.0,
are_dubai_zain_international_hotel,zain international hotel,http://www.tripadvisor.com/ShowUserReviews-g295424-d1120857-r42752785-Zain_International_Hotel-Dubai.html,al rigga rd,dubai,-1,ARE,-1,-1,-1,2,5.0,3.5,5.0,5.0,4.0,0.0,4.5,
are_dubai_al_khaleej_palace_hotel,al khaleej palace hotel,http://www.tripadvisor.com/ShowUserReviews-g295424-d306626-r29197512-Al_Khaleej_Palace_Hotel-Dubai.html,al makoum st,dubai,-1,ARE,-1,-1,-1,6,3.5,3.0,4.5,3.25,4.0,0.0,3.65,
are_dubai_city_centre_hotel_residence,city centre hotel residence,http://www.tripadvisor.com/ShowUserReviews-g295424-d299708-r34456965-City_Centre_Hotel_Residence-Dubai.html,po box 61871,dubai,-1,ARE,61871,-1,-1,23,3.642857142857143,2.857142857142857,3.0,3.2857142857142856,2.5714285714285716,0.0,3.0714285714285716,
are_dubai_city_tower_hotel_aparments,city tower hotel aparments,http://www.tripadvisor.com/ShowUserReviews-g295424-d1083846-r28871850-City_Tower_Hotel_Aparments-Dubai.html,al muteena street,dubai,-1,ARE,54142,-1,-1,4,4.25,4.25,4.0,3.5,3.75,0.0,3.95,
are_dubai_abc_almanar_hotel_apartment,abc almanar hotel apartment,http://www.tripadvisor.com/ShowUserReviews-g295424-d1057300-r47783309-ABC_Almanar_Hotel_Apartment-Dubai.html,24th hor al anz east,dubai,-1,ARE,pob 62495,-1,-1,4,4.0,4.25,3.25,2.75,4.25,0.0,3.7,
are_dubai_ascot_hotel,ascot hotel,http://www.tripadvisor.com/ShowUserReviews-g295424-d306631-r49202535-Ascot_Hotel-Dubai.html,khalid bin waleed road,dubai,-1,ARE,-1,-1,-1,23,3.4,3.2,3.533333333333333,3.6,3.0,0.0,3.3466666666666667,
are_dubai_najd_hotel_apartments,najd hotel apartments,http://www.tripadvisor.com/ShowUserReviews-g295424-d1186229-r49276380-Najd_Hotel_Apartments-Dubai.html,sheikh zayed road  al barsha,dubai,-1,ARE,-1,-1,-1,4,4.25,4.0,3.5,4.0,4.0,0.0,3.95,
are_dubai_dubai_nova_hotel,dubai nova hotel,http://www.tripadvisor.com/ShowUserReviews-g295424-d497630-r36324528-Dubai_Nova_Hotel-Dubai.html,al fahidi st.,dubai,-1,ARE,-1,-1,-1,17,3.5714285714285716,3.357142857142857,3.5,4.071428571428571,3.642857142857143,0.0,3.6285714285714286,
are_dubai_coral_al_khoory_hotel_apartments,coral al khoory hotel apartments,http://www.tripadvisor.com/ShowUserReviews-g295424-d1231330-r48556048-Coral_Al_Khoory_Hotel_Apartments-Dubai.html,sheikh zayed road,dubai,-1,ARE,-1,-1,-1,8,4.285714285714286,4.285714285714286,4.0,3.857142857142857,3.857142857142857,0.0,4.057142857142857,
are_dubai_capitol_hotel,capitol hotel,http://www.tripadvisor.com/ShowUserReviews-g295424-d319706-r31129118-Capitol_Hotel-Dubai.html,al mina rd,dubai,-1,ARE,-1,-1,-1,7,3.0,3.3333333333333335,2.3333333333333335,3.0,2.0,0.0,2.7333333333333334,
are_dubai_hotel_eureka,hotel eureka,http://www.tripadvisor.com/ShowUserReviews-g295424-d455098-r50479863-Hotel_Eureka-Dubai.html,abu baker al siddique road (d 78 rd),dubai,-1,ARE,64103,-1,-1,22,3.2,3.5,3.4,3.4,3.9,0.0,3.4800000000000004,
are_dubai_jonrad_hotel,jonrad hotel,http://www.tripadvisor.com/ShowUserReviews-g295424-d497311-r16966086-Jonrad_Hotel-Dubai.html,6th st,dubai,-1,ARE,-1,-1,-1,7,4.5,3.75,4.5,4.0,4.5,0.0,4.25,
are_dubai_metropolitan_hotel_dubai,metropolitan hotel dubai,http://www.tripadvisor.com/ShowUserReviews-g295424-d306760-r48395966-Metropolitan_Hotel_Dubai-Dubai.html,sheikh zayed road  interchange 2,dubai,-1,ARE,-1,-1,-1,90,3.7540983606557377,3.19672131147541,3.5081967213114753,3.278688524590164,3.1311475409836067,0.0,3.373770491803279,
are_dubai_jormand_hotel_apartments,jormand hotel apartments,http://www.tripadvisor.com/ShowUserReviews-g295424-d800714-r50388468-Jormand_Hotel_Apartments-Dubai.html,al mankhool rd  near bur,dubai,-1,ARE,7470,-1,-1,12,3.3636363636363638,3.1818181818181817,3.0,3.3636363636363638,3.5454545454545454,0.0,3.2909090909090906,
are_dubai_versailles_hotel,versailles hotel,http://www.tripadvisor.com/ShowUserReviews-g295424-d497315-r47768091-Versailles_Hotel-Dubai.html,15th street,dubai,-1,ARE,33382,-1,-1,17,3.6666666666666665,3.3333333333333335,3.4166666666666665,3.5833333333333335,3.6666666666666665,0.0,3.5333333333333337,
are_dubai_nuran_al_majara_apartments,nuran al majara apartments,http://www.tripadvisor.com/ShowUserReviews-g295424-d1149278-r28247217-Nuran_Al_Majara_Apartments-Dubai.html,p.o. box 121600  street no. 5,dubai,-1,ARE,-1,-1,-1,1,4.0,3.0,4.0,3.0,2.0,0.0,3.2,
are_dubai_ramee_apartment_hotel,ramee apartment hotel,http://www.tripadvisor.com/ShowUserReviews-g295424-d301537-r50123882-Ramee_Apartment_Hotel-Dubai.html,al rolla street,dubai,-1,ARE,27053,-1,-1,32,3.210526315789474,3.1052631578947367,2.9473684210526314,3.5789473684210527,3.210526315789474,0.0,3.210526315789474,
are_dubai_world_trade_centre_dubai,world trade centre dubai,http://www.tripadvisor.com/ShowUserReviews-g295424-d1151331-r30233759-World_Trade_Centre_Dubai-Dubai.html,abeel road po box 927,dubai,-1,ARE,-1,-1,-1,1,5.0,4.0,4.0,5.0,3.0,0.0,4.2,
are_dubai_london_crown_apartments_1,london crown apartments 1,http://www.tripadvisor.com/ShowUserReviews-g295424-d497295-r45668891-London_Crown_Apartments_1-Dubai.html,1a st   bur,dubai,-1,ARE,-1,-1,-1,8,3.75,3.5,3.0,3.5,3.5,0.0,3.45,
are_dubai_ibis_al_barsha,ibis al barsha,http://www.tripadvisor.com/ShowUserReviews-g295424-d1200931-r49887077-Ibis_Al_Barsha-Dubai.html,sheikh zayed road,dubai,-1,ARE,-1,-1,-1,7,3.6666666666666665,2.6666666666666665,3.0,3.3333333333333335,3.8333333333333335,0.0,3.3,
are_dubai_comfort_inn_hotel,comfort inn hotel,http://www.tripadvisor.com/ShowUserReviews-g295424-d309653-r48802635-Comfort_Inn_Hotel-Dubai.html,rigga street,dubai,-1,ARE,56352,-1,-1,6,3.6666666666666665,3.3333333333333335,4.333333333333333,3.6666666666666665,4.0,0.0,3.8,
are_dubai_moscow_hotel,moscow hotel,http://www.tripadvisor.com/ShowUserReviews-g295424-d601293-r37694940-Moscow_Hotel-Dubai.html,al maktoum street,dubai,-1,ARE,-1,-1,-1,11,3.2857142857142856,3.142857142857143,2.5714285714285716,3.0,2.7142857142857144,0.0,2.942857142857143,
are_dubai_seven_sands_hotel_apartments,seven sands hotel apartments,http://www.tripadvisor.com/ShowUserReviews-g295424-d1006218-r23102521-Seven_Sands_Hotel_Apartments-Dubai.html,p.o.box 20313 al barsha,dubai,-1,ARE,20313,-1,-1,6,3.5,3.0,3.5,3.75,3.0,0.0,3.35,
are_dubai_chelsea_hotel,chelsea hotel,http://www.tripadvisor.com/ShowUserReviews-g295424-d566083-r44851835-Chelsea_Hotel-Dubai.html,al mina rd,dubai,-1,ARE,-1,-1,-1,15,3.6666666666666665,3.4166666666666665,2.75,2.25,2.8333333333333335,0.0,2.9833333333333334,
are_dubai_millennium_airport_hotel_dubai,millennium airport hotel dubai,http://www.tripadvisor.com/ShowUserReviews-g295424-d301681-r50533549-Millennium_Airport_Hotel_Dubai-Dubai.html,al garhoud road,dubai,-1,ARE,-1,-1,-1,50,3.6,3.142857142857143,3.1714285714285713,3.4285714285714284,2.9714285714285715,0.0,3.2628571428571425,
are_dubai_ramada_continental_hotel,ramada continental hotel,http://www.tripadvisor.com/ShowUserReviews-g295424-d455094-r40807757-Ramada_Continental_Hotel-Dubai.html,abu hail road  deira,dubai,-1,ARE,-1,-1,-1,9,3.5,3.6666666666666665,3.6666666666666665,2.5,3.0,0.0,3.2666666666666666,
are_dubai_al_hijaz_heritage_motel,al hijaz heritage motel,http://www.tripadvisor.com/ShowUserReviews-g295424-d618660-r47096285-Al_Hijaz_Heritage_Motel-Dubai.html,15a sikka,dubai,-1,ARE,-1,-1,-1,8,3.7142857142857144,3.857142857142857,3.0,3.857142857142857,3.2857142857142856,0.0,3.542857142857143,
are_dubai_highland_hotel,highland hotel,http://www.tripadvisor.com/ShowUserReviews-g295424-d506991-r45490350-Highland_Hotel-Dubai.html,khalid bin waleed road  opp port rashid,dubai,-1,ARE,-1,-1,-1,41,3.76,3.48,3.52,3.24,3.4,0.0,3.4799999999999995,
are_dubai_radisson_blu_residence_dubai_marina,radisson blu residence dubai marina,http://www.tripadvisor.com/ShowUserReviews-g295424-d1109941-r47755781-Radisson_Blu_Residence_Dubai_Marina-Dubai.html,dubai marina,dubai,-1,ARE,-1,-1,-1,10,4.333333333333333,4.333333333333333,3.3333333333333335,3.2222222222222223,3.111111111111111,0.0,3.6666666666666665,
are_dubai_golden_tulip_al_barsha,golden tulip al barsha,http://www.tripadvisor.com/ShowUserReviews-g295424-d676106-r48816522-Golden_Tulip_Al_Barsha-Dubai.html,1 al barsha first,dubai,-1,ARE,125962,-1,-1,9,4.111111111111111,3.5555555555555554,3.6666666666666665,3.2222222222222223,3.5555555555555554,0.0,3.6222222222222222,
are_dubai_holiday_inn_downtown_dubai,holiday inn downtown dubai,http://www.tripadvisor.com/ShowUserReviews-g295424-d299237-r50164192-Holiday_Inn_Downtown_Dubai-Dubai.html,al rigga rd,dubai,-1,ARE,-1,-1,-1,36,2.9047619047619047,2.761904761904762,2.7142857142857144,3.2857142857142856,2.619047619047619,0.0,2.8571428571428568,
are_dubai_grand_midwest_express,grand midwest express,http://www.tripadvisor.com/ShowUserReviews-g295424-d1204413-r26987604-Grand_Midwest_Express-Dubai.html,tariq bin ziyad rd,dubai,-1,ARE,125616,-1,-1,1,4.0,4.0,4.0,3.0,4.0,0.0,3.8,
are_dubai_marco_polo_hotel,marco polo hotel,http://www.tripadvisor.com/ShowUserReviews-g295424-d314888-r49552535-Marco_Polo_Hotel-Dubai.html,al muteena st ,dubai,-1,ARE,-1,-1,-1,38,3.625,3.4166666666666665,3.4583333333333335,3.0833333333333335,3.25,0.0,3.366666666666667,
are_dubai_marriott_executive_apartments_dubai_creek,marriott executive apartments dubai creek,http://www.tripadvisor.com/ShowUserReviews-g295424-d299808-r23785059-Marriott_Executive_Apartments_Dubai_Creek-Dubai.html,rigga al buteen st,dubai,-1,ARE,-1,-1,-1,6,4.333333333333333,4.0,3.6666666666666665,2.6666666666666665,3.3333333333333335,0.0,3.6,
are_dubai_minc_hotel_apartments_tecom,minc hotel apartments tecom,http://www.tripadvisor.com/ShowUserReviews-g295424-d1436011-r46724257-MiNC_Hotel_Apartments_Tecom-Dubai.html,tecom  greens,dubai,-1,ARE,-1,-1,-1,2,4.0,4.0,5.0,3.0,4.0,0.0,4.0,
are_dubai_al_khaleej_holiday_hotel,al khaleej holiday hotel,http://www.tripadvisor.com/ShowUserReviews-g295424-d638912-r23913117-Al_Khaleej_Holiday_Hotel-Dubai.html,al rigga road,dubai,-1,ARE,-1,-1,-1,1,5.0,4.0,5.0,4.0,4.0,0.0,4.4,
are_dubai_pearl_coast_premier_hotel_apartments,pearl coast premier hotel apartments,http://www.tripadvisor.com/ShowUserReviews-g295424-d667864-r10373688-Pearl_Coast_Premier_Hotel_Apartments-Dubai.html,316 rd,dubai,-1,ARE,-1,-1,-1,1,5.0,5.0,5.0,5.0,5.0,0.0,5.0,
are_dubai_panorama_hotel_bur_dubai,panorama hotel bur dubai,http://www.tripadvisor.com/ShowUserReviews-g295424-d306639-r49468379-Panorama_Hotel_Bur_Dubai-Dubai.html,al mankhool road,dubai,-1,ARE,-1,-1,-1,17,2.909090909090909,2.8181818181818183,2.909090909090909,3.727272727272727,3.3636363636363638,0.0,3.1454545454545455,
are_dubai_nihal_hotel,nihal hotel,http://www.tripadvisor.com/ShowUserReviews-g295424-d497635-r26404458-Nihal_Hotel-Dubai.html,58 al makhtoom st,dubai,-1,ARE,63833,-1,-1,18,2.7142857142857144,2.7142857142857144,2.857142857142857,3.0714285714285716,2.857142857142857,0.0,2.842857142857143,
are_dubai_regent_palace_hotel,regent palace hotel,http://www.tripadvisor.com/ShowUserReviews-g295424-d301525-r50555033-Regent_Palace_Hotel-Dubai.html,sheikh khalifa bin zayed road,dubai,-1,ARE,-1,-1,-1,34,2.9047619047619047,2.619047619047619,2.4285714285714284,3.0476190476190474,2.3333333333333335,0.0,2.666666666666667,
are_dubai_oaks_liwa_heights,oaks liwa heights,http://www.tripadvisor.com/ShowUserReviews-g295424-d1158696-r46344404-Oaks_Liwa_Heights-Dubai.html,jumeirah lakes towers,dubai,-1,ARE,4443,-1,-1,5,3.8,3.8,2.8,2.6,3.6,0.0,3.3199999999999994,
are_dubai_grandeur_hotel,grandeur hotel,http://www.tripadvisor.com/ShowUserReviews-g295424-d1200707-r49983881-Grandeur_Hotel-Dubai.html,al barsha first (behind the mall of emirates),dubai,-1,ARE,49521,-1,-1,22,4.277777777777778,3.888888888888889,3.5555555555555554,3.0555555555555554,3.7222222222222223,0.0,3.7,
are_dubai_lords_hotel,lords hotel,http://www.tripadvisor.com/ShowUserReviews-g295424-d506692-r31891963-Lords_Hotel-Dubai.html,al jazeira st,dubai,-1,ARE,-1,-1,-1,9,3.25,3.5,3.25,3.0,3.25,0.0,3.25,
are_dubai_al_bustan_centre_residence,al bustan centre residence,http://www.tripadvisor.com/ShowUserReviews-g295424-d306606-r32084833-Al_Bustan_Centre_Residence-Dubai.html,al nahda rd,dubai,-1,ARE,-1,-1,-1,14,3.6,3.2,3.2,2.2,3.2,0.0,3.08,
are_dubai_k_porte_inn_hotel,k porte inn hotel,http://www.tripadvisor.com/ShowUserReviews-g295424-d306645-r49202491-K_Porte_Inn_Hotel-Dubai.html,al rigga str,dubai,-1,ARE,-1,-1,-1,51,3.1875,2.9375,2.75,3.53125,3.0,0.0,3.08125,
are_dubai_dolphin_hotel_apartments,dolphin hotel apartments,http://www.tripadvisor.com/ShowUserReviews-g295424-d673812-r49938311-Dolphin_Hotel_Apartments-Dubai.html,khalid bin waleed road,dubai,-1,ARE,-1,-1,-1,10,4.166666666666667,3.6666666666666665,3.6666666666666665,4.166666666666667,3.5,0.0,3.8333333333333335,
are_dubai_millennium_towers_hotel_dubai,millennium towers hotel dubai,http://www.tripadvisor.com/ShowUserReviews-g295424-d676649-r14576229-Millennium_Towers_Hotel_Dubai-Dubai.html,sheikh zayed rd 1  al barshaa,dubai,-1,ARE,-1,-1,-1,1,5.0,5.0,5.0,4.0,4.0,0.0,4.6,
are_dubai_lotus_hotel_dubai,lotus hotel dubai,http://www.tripadvisor.com/ShowUserReviews-g295424-d497308-r37035745-Lotus_Hotel_Dubai-Dubai.html,al rigga road ,dubai,-1,ARE,63833,-1,-1,13,3.1818181818181817,2.5454545454545454,3.090909090909091,3.4545454545454546,3.0,0.0,3.0545454545454547,
are_dubai_sapphire_hotel_apartments,sapphire hotel apartments,http://www.tripadvisor.com/ShowUserReviews-g295424-d1013038-r27153798-Sapphire_Hotel_Apartments-Dubai.html,sheik zayed road,dubai,-1,ARE,-1,-1,-1,3,4.5,4.5,3.5,3.0,4.0,0.0,3.9,
are_dubai_corp_executive_hotel,corp executive hotel,http://www.tripadvisor.com/ShowUserReviews-g295424-d673998-r14140522-Corp_Executive_Hotel-Dubai.html,sheikh zayed road ,dubai,-1,ARE,-1,-1,-1,2,4.5,4.5,5.0,4.0,4.5,0.0,4.5,
are_dubai_city_seasons_suites,city seasons suites,http://www.tripadvisor.com/ShowUserReviews-g295424-d582840-r29284841-City_Seasons_Suites-Dubai.html,30 port saeed road,dubai,-1,ARE,182002,-1,-1,6,4.333333333333333,4.666666666666667,3.6666666666666665,3.0,3.6666666666666665,0.0,3.8666666666666663,
are_dubai_regal_plaza_dubai,regal plaza dubai,http://www.tripadvisor.com/ShowUserReviews-g295424-d301533-r45497232-Regal_Plaza_Dubai-Dubai.html,1a st,dubai,-1,ARE,26843,-1,-1,22,3.25,3.0625,2.875,3.25,3.0625,0.0,3.1,
are_dubai_ambassador_hotel,ambassador hotel,http://www.tripadvisor.com/ShowUserReviews-g295424-d653849-r29457592-Ambassador_Hotel-Dubai.html,al falah street,dubai,-1,ARE,-1,-1,-1,3,4.0,3.0,3.3333333333333335,4.0,3.6666666666666665,0.0,3.6,
are_dubai_dubai_concorde_residence_hotel,dubai concorde residence hotel,http://www.tripadvisor.com/ShowUserReviews-g295424-d1224075-r22714576-Dubai_Concorde_Residence_Hotel-Dubai.html,baniyas road,dubai,-1,ARE,64225,-1,-1,1,5.0,5.0,5.0,4.0,5.0,0.0,4.8,
are_dubai_mayfair_hotel,mayfair hotel,http://www.tripadvisor.com/ShowUserReviews-g295424-d596926-r43422608-Mayfair_Hotel-Dubai.html,rigga al buteen,dubai,-1,ARE,33315,-1,-1,10,3.142857142857143,2.7142857142857144,2.857142857142857,2.857142857142857,3.142857142857143,0.0,2.942857142857143,
are_dubai_landmark_plaza_hotel,landmark plaza hotel,http://www.tripadvisor.com/ShowUserReviews-g295424-d306729-r28546233-Landmark_Plaza_Hotel-Dubai.html,omar bin al kattab rd   al nasser square,dubai,-1,ARE,-1,-1,-1,26,3.6153846153846154,3.1538461538461537,3.230769230769231,4.153846153846154,3.1538461538461537,0.0,3.461538461538462,
are_dubai_grand_moov_hotel,grand moov hotel,http://www.tripadvisor.com/ShowUserReviews-g295424-d646551-r50446145-Grand_Moov_Hotel-Dubai.html,al riqqa road,dubai,-1,ARE,14441,-1,-1,51,3.3469387755102042,3.2244897959183674,2.6530612244897958,2.877551020408163,2.877551020408163,0.0,2.995918367346939,
are_dubai_lotus_boutique_hotel,lotus boutique hotel,http://www.tripadvisor.com/ShowUserReviews-g295424-d618789-r49180704-Lotus_Boutique_Hotel-Dubai.html,22nd st,dubai,-1,ARE,-1,-1,-1,13,3.3636363636363638,3.1818181818181817,3.090909090909091,1.9090909090909092,2.727272727272727,0.0,2.8545454545454545,
are_dubai_seashell_inn,seashell inn,http://www.tripadvisor.com/ShowUserReviews-g295424-d455095-r49799053-Seashell_Inn-Dubai.html,khalid bin al waleed str,dubai,-1,ARE,101,-1,-1,13,3.111111111111111,2.6666666666666665,3.3333333333333335,3.4444444444444446,2.6666666666666665,0.0,3.0444444444444443,
are_dubai_al_faris_hotel_apartments_1,al faris hotel apartments 1,http://www.tripadvisor.com/ShowUserReviews-g295424-d497289-r11296939-Al_Faris_Hotel_Apartments_1-Dubai.html,al riffa str,dubai,-1,ARE,-1,-1,-1,1,4.0,4.0,4.0,4.0,4.0,0.0,4.0,
are_dubai_al_nakheel_hotel_apartments,al nakheel hotel apartments,http://www.tripadvisor.com/ShowUserReviews-g295424-d621406-r7728428-Al_Nakheel_Hotel_Apartments-Dubai.html,33rd st,dubai,-1,ARE,-1,-1,-1,1,4.0,4.0,5.0,3.0,4.0,0.0,4.0,
are_dubai_dubai_grand_hotel,dubai grand hotel,http://www.tripadvisor.com/ShowUserReviews-g295424-d316296-r48315990-Dubai_Grand_Hotel-Dubai.html,damascus street,dubai,-1,ARE,34150,-1,-1,17,3.375,3.0,3.25,2.875,3.0,0.0,3.1,
are_dubai_san_marco_hotel,san marco hotel,http://www.tripadvisor.com/ShowUserReviews-g295424-d497304-r31548526-San_Marco_Hotel-Dubai.html,al khaleej road,dubai,-1,ARE,-1,-1,-1,28,3.1904761904761907,2.9523809523809526,3.4285714285714284,2.4285714285714284,3.0952380952380953,0.0,3.019047619047619,
are_dubai_abu_dhabi_gulf_hotel,abu dhabi gulf hotel,http://www.tripadvisor.com/ShowUserReviews-g295424-d1475106-r49227884-Abu_Dhabi_Gulf_Hotel-Dubai.html,airport rd,dubai,-1,ARE,-1,-1,-1,-1,0.0,0.0,0.0,0.0,0.0,0.0,-1.0,
are_dubai_st_george_hotel_dubai,st george hotel dubai,http://www.tripadvisor.com/ShowUserReviews-g295424-d308235-r48223907-St_George_Hotel_Dubai-Dubai.html,sikkat al khail st -al ras rd,dubai,-1,ARE,-1,-1,-1,13,3.1,3.4,3.5,4.1,2.9,0.0,3.4,
are_dubai_al_khaleej_hotel,al khaleej hotel,http://www.tripadvisor.com/ShowUserReviews-g295424-d306624-r18667203-Al_Khaleej_Hotel-Dubai.html,al nasser square,dubai,-1,ARE,-1,-1,-1,8,3.6,3.4,3.6,3.6,3.4,0.0,3.5200000000000005,
are_dubai_broadway_hotel,broadway hotel,http://www.tripadvisor.com/ShowUserReviews-g295424-d497309-r5909830-Broadway_Hotel-Dubai.html,al rigga rd,dubai,-1,ARE,-1,-1,-1,1,5.0,4.0,5.0,3.0,4.0,0.0,4.2,
are_dubai_time_palace_hotel,time palace hotel,http://www.tripadvisor.com/ShowUserReviews-g295424-d943838-r49173564-Time_Palace_Hotel-Dubai.html,dubai marina dr,dubai,-1,ARE,-1,-1,-1,3,3.0,3.6666666666666665,3.6666666666666665,4.333333333333333,3.6666666666666665,0.0,3.6666666666666665,
are_dubai_holiday_beach_motel,holiday beach motel,http://www.tripadvisor.com/ShowUserReviews-g1028283-d1050286-r38141133-Holiday_Beach_Motel-Dibba_Dubai.html,umm harrair rd,dubai,-1,ARE,-1,-1,-1,2,2.5,2.5,3.5,4.0,3.5,0.0,3.2,
are_dubai_dubai_park_hotel,dubai park hotel,http://www.tripadvisor.com/ShowUserReviews-g295424-d308195-r6917949-Dubai_Park_Hotel-Dubai.html,sheikh zayed road,dubai,-1,ARE,-1,-1,-1,1,4.0,4.0,5.0,3.0,4.0,0.0,4.0,
are_dubai_imperial_residence,imperial residence,http://www.tripadvisor.com/ShowUserReviews-g295424-d618755-r5982371-Imperial_Residence-Dubai.html,khalid bin al waleed street,dubai,-1,ARE,-1,-1,-1,1,4.0,4.0,4.0,5.0,5.0,0.0,4.4,
are_dubai_ramee_guestline_hotel_apartment_3,ramee guestline hotel apartment 3,http://www.tripadvisor.com/ShowUserReviews-g295424-d654768-r21865490-Ramee_Guestline_Hotel_Apartment_3-Dubai.html,sheikh zayed road,dubai,-1,ARE,-1,-1,-1,2,3.5,3.0,3.0,2.5,2.5,0.0,2.9,
are_dubai_avari_hotel_apartments_al_barsha,avari hotel apartments al barsha,http://www.tripadvisor.com/ShowUserReviews-g295424-d1516629-r49316213-Avari_Hotel_Apartments_Al_Barsha-Dubai.html,opposite lulu hyper market behind mall of the emirates,dubai,-1,ARE,-1,-1,-1,1,3.0,3.0,1.0,1.0,2.0,0.0,2.0,
are_dubai_gillani_hotel_apartments,gillani hotel apartments,http://www.tripadvisor.com/ShowUserReviews-g295424-d1016535-r47593999-Gillani_Hotel_Apartments-Dubai.html,1b st,dubai,-1,ARE,-1,-1,-1,1,3.0,3.0,3.0,3.0,4.0,0.0,3.2,
are_dubai_new_penninsula_hotel,new penninsula hotel,http://www.tripadvisor.com/ShowUserReviews-g295424-d455420-r31847493-New_Penninsula_Hotel-Dubai.html,p.o.box 33502,dubai,-1,ARE,-1,-1,-1,11,3.75,3.25,3.5,2.75,3.25,0.0,3.3,
are_dubai_holiday_inn_express_dubai_jumeirah,holiday inn express dubai jumeirah,http://www.tripadvisor.com/ShowUserReviews-g295424-d1211056-r39450121-Holiday_Inn_Express_Dubai_Jumeirah-Dubai.html,al mina rd,dubai,-1,ARE,-1,-1,-1,1,5.0,5.0,4.0,2.0,5.0,0.0,4.2,
are_dubai_manhattan_avenue_hotel,manhattan avenue hotel,http://www.tripadvisor.com/ShowUserReviews-g295424-d1490970-r37895530-Manhattan_Avenue_Hotel-Dubai.html,al rigga street,dubai,-1,ARE,-1,-1,-1,1,3.0,3.0,3.0,3.0,2.0,0.0,2.8,
are_dubai_number_one_tower_suites,number one tower suites,http://www.tripadvisor.com/ShowUserReviews-g295424-d652998-r12595617-Number_One_Tower_Suites-Dubai.html,sheikh zayd road,dubai,-1,ARE,-1,-1,-1,3,2.5,3.0,3.5,4.0,3.5,0.0,3.3,
are_dubai_london_crown_hotel_ii,london crown hotel ii,http://www.tripadvisor.com/ShowUserReviews-g295424-d1176076-r22427846-London_Crown_Hotel_II-Dubai.html,al mankhool road,dubai,-1,ARE,00000,-1,-1,1,3.0,3.0,3.0,4.0,3.0,0.0,3.2,
are_dubai_grand_palace_hotel_apartments,grand palace hotel apartments,http://www.tripadvisor.com/ShowUserReviews-g295424-d638953-r18769715-Grand_Palace_Hotel_Apartments-Dubai.html,off mankhool road,dubai,-1,ARE,27961,-1,-1,1,4.0,3.0,4.0,4.0,3.0,0.0,3.6,
are_dubai_coral_boutique_hotel_apartments,coral boutique hotel apartments,http://www.tripadvisor.com/ShowUserReviews-g295424-d582461-r34112838-Coral_Boutique_Hotel_Apartments-Dubai.html,sheikh zayed road,dubai,-1,ARE,24948,-1,-1,2,2.0,3.0,1.5,3.0,2.0,0.0,2.3,
are_dubai_moon_valley_hotel_apartments,moon valley hotel apartments,http://www.tripadvisor.com/ShowUserReviews-g295424-d601895-r46314131-Moon_Valley_Hotel_Apartments-Dubai.html,bur dubai  khalid bin waleed road  behind business centre,dubai,-1,ARE,-1,-1,-1,3,3.6666666666666665,3.0,2.6666666666666665,3.3333333333333335,2.3333333333333335,0.0,3.0,
are_dubai_al_kameelia_hotel_dubai,al kameelia hotel dubai,http://www.tripadvisor.com/ShowUserReviews-g295424-d556777-r20804545-Al_Kameelia_Hotel_Dubai-Dubai.html,al maktoum hospital road,dubai,-1,ARE,-1,-1,-1,-1,0.0,0.0,0.0,0.0,0.0,0.0,-1.0,
are_dubai_panorama_deira,panorama deira,http://www.tripadvisor.com/ShowUserReviews-g295424-d501187-r26039026-Panorama_Deira-Dubai.html,al rigga rd,dubai,-1,ARE,-1,-1,-1,19,2.4,2.1,3.0,3.1,2.8,0.0,2.68,
are_dubai_fortune_hotel,fortune hotel,http://www.tripadvisor.com/ShowUserReviews-g295424-d617023-r49792140-Fortune_Hotel-Dubai.html,al rigga road,dubai,-1,ARE,-1,-1,-1,11,3.4,2.9,2.9,3.1,2.9,0.0,3.04,
are_dubai_baniyas_square_by_le_meridien,baniyas square by le meridien,http://www.tripadvisor.com/ShowUserReviews-g295424-d308206-r7390736-Baniyas_Square_by_Le_Meridien-Dubai.html,baniyas square  p.o.box 10001  deira,dubai,-1,ARE,-1,-1,-1,6,2.6666666666666665,2.5,3.8333333333333335,2.6666666666666665,2.8333333333333335,0.0,2.9,
are_dubai_shalimar_park_hotel,shalimar park hotel,http://www.tripadvisor.com/ShowUserReviews-g295424-d1056980-r31973417-Shalimar_Park_Hotel-Dubai.html,43rd sikka,dubai,-1,ARE,-1,-1,-1,4,3.25,3.0,3.0,2.5,3.0,0.0,2.95,
are_dubai_palm_beach_rotana_inn,palm beach rotana inn,http://www.tripadvisor.com/ShowUserReviews-g295424-d306743-r38100221-Palm_Beach_Rotana_Inn-Dubai.html,khalid bin al waleed street,dubai,-1,ARE,-1,-1,-1,27,2.75,2.4166666666666665,3.0,3.3333333333333335,2.6666666666666665,0.0,2.833333333333333,
are_dubai_imperial_suites,imperial suites,http://www.tripadvisor.com/ShowUserReviews-g295424-d497636-r48235447-Imperial_Suites-Dubai.html,al rolla rd,dubai,-1,ARE,-1,-1,-1,18,3.0,2.6666666666666665,3.0,2.6666666666666665,2.6666666666666665,0.0,2.8,
are_dubai_sadaf_hotel,sadaf hotel,http://www.tripadvisor.com/ShowUserReviews-g295424-d633008-r6447726-Sadaf_Hotel-Dubai.html,-1,dubai,-1,ARE,172788,-1,-1,1,1.0,1.0,1.0,1.0,1.0,0.0,1.0,
are_dubai_ramee_guestline_hotel_apartments_ii,ramee guestline hotel apartments ii,http://www.tripadvisor.com/ShowUserReviews-g295424-d611675-r26426326-Ramee_Guestline_Hotel_Apartments_II-Dubai.html,al mankhool rd,dubai,-1,ARE,-1,-1,-1,7,1.5,1.25,2.0,2.5,1.75,0.0,1.8,
are_dubai_richmond_hotel_apartments,richmond hotel apartments,http://www.tripadvisor.com/ShowUserReviews-g295424-d308224-r29909254-Richmond_Hotel_Apartments-Dubai.html,al mankhool road,dubai,-1,ARE,191504,-1,-1,11,3.1666666666666665,3.0,2.1666666666666665,2.8333333333333335,2.6666666666666665,0.0,2.7666666666666666,
are_dubai_city_star_hotel,city star hotel,http://www.tripadvisor.com/ShowUserReviews-g295424-d1006210-r38713721-City_Star_Hotel-Dubai.html,salahuddin road,dubai,-1,ARE,-1,-1,-1,3,4.0,3.6666666666666665,2.6666666666666665,2.6666666666666665,3.3333333333333335,0.0,3.2666666666666666,
are_dubai_montreal_hotel,montreal hotel,http://www.tripadvisor.com/ShowUserReviews-g295424-d1202686-r49420402-Montreal_Hotel-Dubai.html,al nakhal st,dubai,-1,ARE,-1,-1,-1,4,3.75,3.5,3.0,3.5,3.5,0.0,3.45,
are_dubai_deira_town_hotel,deira town hotel,http://www.tripadvisor.com/ShowUserReviews-g295424-d649070-r21754142-Deira_Town_Hotel-Dubai.html,omar bin al khattab rd  nasser square,dubai,-1,ARE,17104,-1,-1,12,3.5714285714285716,3.2857142857142856,3.2857142857142856,3.5714285714285716,3.4285714285714284,0.0,3.4285714285714284,
are_dubai_royal_beach_hotel_resort,royal beach hotel resort,http://www.tripadvisor.com/ShowUserReviews-g1028283-d665566-r50473198-Royal_Beach_Hotel_Resort-Dibba_Dubai.html,alfaqeet-dibba,dubai,-1,ARE,-1,-1,-1,3,4.0,3.0,3.3333333333333335,4.333333333333333,3.6666666666666665,0.0,3.6666666666666665,
are_dubai_kazi_s_iconic_hotel_apartments,kazi s iconic hotel apartments,http://www.tripadvisor.com/ShowUserReviews-g295424-d845509-r13454781-Kazi_s_Iconic_Hotel_Apartments-Dubai.html,shekh zayed rd,dubai,-1,ARE,183679,-1,-1,-1,0.0,0.0,0.0,0.0,0.0,0.0,-1.0,
are_dubai_orchid_hotel,orchid hotel,http://www.tripadvisor.com/ShowUserReviews-g295424-d455104-r35106519-Orchid_Hotel-Dubai.html,al rigga street,dubai,-1,ARE,-1,-1,-1,17,2.642857142857143,2.357142857142857,2.2142857142857144,2.7142857142857144,2.142857142857143,0.0,2.4142857142857146,
are_dubai_sun_sands_hotel,sun sands hotel,http://www.tripadvisor.com/ShowUserReviews-g295424-d671967-r48744130-Sun_Sands_Hotel-Dubai.html,po box 35659,dubai,-1,ARE,-1,-1,-1,5,2.75,2.5,1.25,2.25,1.75,0.0,2.1,
are_dubai_the_country_club_hotel_dubai,the country club hotel dubai,http://www.tripadvisor.com/ShowUserReviews-g295424-d1194486-r39571687-The_Country_Club_Hotel_Dubai-Dubai.html,port rashid road,dubai,-1,ARE,118049,-1,-1,8,3.4285714285714284,2.7142857142857144,2.857142857142857,2.4285714285714284,3.142857142857143,0.0,2.9142857142857146,
are_dubai_astoria_hotel,astoria hotel,http://www.tripadvisor.com/ShowUserReviews-g295424-d653850-r39977476-Astoria_Hotel-Dubai.html,al fahidi st-19th st.,dubai,-1,ARE,-1,-1,-1,6,2.0,2.25,2.25,2.75,2.25,0.0,2.3,
are_dubai_claridge_hotel,claridge hotel,http://www.tripadvisor.com/ShowUserReviews-g295424-d308190-r49938115-Claridge_Hotel-Dubai.html,al muteena,dubai,-1,ARE,29846,-1,-1,12,2.5714285714285716,2.2857142857142856,2.142857142857143,3.0,2.5714285714285716,0.0,2.5142857142857142,
are_dubai_pacific_hotel,pacific hotel,http://www.tripadvisor.com/ShowUserReviews-g295424-d506559-r22579519-Pacific_Hotel-Dubai.html,al sabkha rd 115,dubai,-1,ARE,-1,-1,-1,7,2.6666666666666665,3.0,2.3333333333333335,3.3333333333333335,2.6666666666666665,0.0,2.8,
are_dubai_al_shams_plaza_hotel_apartments,al shams plaza hotel apartments,http://www.tripadvisor.com/ShowUserReviews-g295424-d582842-r35906835-Al_Shams_Plaza_Hotel_Apartments-Dubai.html,mankhool st,dubai,-1,ARE,27961,-1,-1,1,3.0,2.0,2.0,3.0,2.0,0.0,2.4,
are_dubai_york_international_hotel,york international hotel,http://www.tripadvisor.com/ShowUserReviews-g295424-d571104-r49719622-York_International_Hotel-Dubai.html,101 khalid bin al waleed street,dubai,-1,ARE,11449,-1,-1,20,2.7142857142857144,2.7857142857142856,2.7142857142857144,3.142857142857143,2.5714285714285716,0.0,2.785714285714286,
are_dubai_meena_plaza_hotel,meena plaza hotel,http://www.tripadvisor.com/ShowUserReviews-g295424-d668133-r10977680-Meena_Plaza_Hotel-Dubai.html,al mankhool road,dubai,-1,ARE,-1,-1,-1,2,2.5,1.0,1.5,3.0,2.5,0.0,2.1,
are_dubai_emirates_stars_hotel_apartments,emirates stars hotel apartments,http://www.tripadvisor.com/ShowUserReviews-g295424-d939897-r49863451-Emirates_Stars_Hotel_Apartments-Dubai.html,al nahda 2,dubai,-1,ARE,86880,-1,-1,6,4.333333333333333,4.0,2.6666666666666665,1.6666666666666667,3.0,0.0,3.133333333333333,
are_dubai_karama_hotel,karama hotel,http://www.tripadvisor.com/ShowUserReviews-g295424-d608423-r24806231-Karama_Hotel-Dubai.html,sheikh zayed road,dubai,-1,ARE,00000,-1,-1,11,2.375,2.125,2.625,2.25,1.625,0.0,2.2,
are_dubai_queens_hotel,queens hotel,http://www.tripadvisor.com/ShowUserReviews-g295424-d455103-r23252307-Queens_Hotel-Dubai.html,al sabkha rd,dubai,-1,ARE,-1,-1,-1,21,2.5454545454545454,2.4545454545454546,2.909090909090909,3.0,3.0,0.0,2.7818181818181817,
are_dubai_sofitel_city_centre_hotel_dubai,sofitel city centre hotel dubai,http://www.tripadvisor.com/ShowUserReviews-g295424-d1211344-r38864761-Sofitel_City_Centre_Hotel_Dubai-Dubai.html,85,dubai,-1,ARE,-1,-1,-1,4,3.75,3.25,3.0,3.75,2.25,0.0,3.2,
are_dubai_al_jawhara_gardens_hotel,al jawhara gardens hotel,http://www.tripadvisor.com/ShowUserReviews-g295424-d615838-r25319516-Al_Jawhara_Gardens_Hotel-Dubai.html,p. o. box: 121711,dubai,-1,ARE,-1,-1,-1,6,4.0,3.6666666666666665,2.6666666666666665,3.3333333333333335,3.0,0.0,3.333333333333333,
are_dubai_president_hotel,president hotel,http://www.tripadvisor.com/ShowUserReviews-g295424-d517722-r12762603-President_Hotel-Dubai.html,trade centre road,dubai,-1,ARE,-1,-1,-1,1,1.0,1.0,1.0,1.0,1.0,0.0,1.0,
are_dubai_tulip_inn_fz_llc,tulip inn fz llc,http://www.tripadvisor.com/ShowUserReviews-g295424-d1136772-r30449542-Tulip_Inn_FZ_LLC-Dubai.html,bits campus,dubai,-1,ARE,500707,-1,-1,5,3.6666666666666665,2.3333333333333335,3.0,1.3333333333333333,2.6666666666666665,0.0,2.6,
are_dubai_legacy_hotel_apartments,legacy hotel apartments,http://www.tripadvisor.com/ShowUserReviews-g295424-d1109939-r23747664-Legacy_Hotel_Apartments-Dubai.html,sheikh zayed road,dubai,-1,ARE,-1,-1,-1,3,2.5,1.5,2.5,2.0,2.0,0.0,2.1,
are_dubai_pearl_residence,pearl residence,http://www.tripadvisor.com/ShowUserReviews-g295424-d446841-r49414591-Pearl_Residence-Dubai.html,al mankhool st,dubai,-1,ARE,-1,-1,-1,25,3.066666666666667,2.8,3.066666666666667,2.933333333333333,2.533333333333333,0.0,2.88,
are_dubai_peninsula_hotel,peninsula hotel,http://www.tripadvisor.com/ShowUserReviews-g295424-d1214235-r32289359-Peninsula_Hotel-Dubai.html,al fahidi st-19th st,dubai,-1,ARE,-1,-1,-1,1,4.0,4.0,4.0,4.0,5.0,0.0,4.2,
are_dubai_vendome_plaza_hotel,vendome plaza hotel,http://www.tripadvisor.com/ShowUserReviews-g295424-d629483-r41370542-Vendome_Plaza_Hotel-Dubai.html,42a st,dubai,-1,ARE,-1,-1,-1,8,2.5,2.3333333333333335,2.8333333333333335,3.6666666666666665,2.3333333333333335,0.0,2.7333333333333334,
