doc_id,hotel_name,hotel_url,street,city,state,country,zip,class,price,num_reviews,CLEANLINESS,ROOM,SERVICE,LOCATION,VALUE,COMFORT,overall_ratingsource
usa_nevada_las-vegas_staybridge_suites_las_vegas,staybridge suites las vegas,http://www.tripadvisor.com/ShowUserReviews-g45963-d1197075-r50290103-Staybridge_Suites_Las_Vegas-Las_Vegas_Nevada.html,-1,las vegas,nv,usa,89118,-1,-1,113,4.884615384615385,4.913461538461538,4.721153846153846,4.259615384615385,4.855769230769231,0.0,4.726923076923077,
usa_nevada_las-vegas_four_seasons_hotel_las_vegas,four seasons hotel las vegas,http://www.tripadvisor.com/ShowUserReviews-g45963-d91674-r50351846-Four_Seasons_Hotel_Las_Vegas-Las_Vegas_Nevada.html,-1,las vegas,nv,usa,89119,-1,-1,427,4.823321554770318,4.614840989399293,4.692579505300353,4.219081272084805,4.339222614840989,0.0,4.5378091872791515,
usa_nevada_las-vegas_desert_rose_resort,desert rose resort,http://www.tripadvisor.com/ShowUserReviews-g45963-d217598-r50312177-Desert_Rose_Resort-Las_Vegas_Nevada.html,-1,las vegas,nv,usa,89119,-1,-1,325,4.601328903654485,4.614617940199335,4.548172757475083,4.46843853820598,4.707641196013289,0.0,4.588039867109634,
usa_nevada_las-vegas_signature_at_mgm_grand,signature at mgm grand,http://www.tripadvisor.com/ShowUserReviews-g45963-d601419-r50452764-Signature_at_MGM_Grand-Las_Vegas_Nevada.html,-1,las vegas,nv,usa,89109,-1,-1,324,4.7574750830564785,4.760797342192691,4.45514950166113,4.129568106312292,4.45514950166113,0.0,4.511627906976744,
usa_nevada_las-vegas_skylofts_at_mgm_grand,skylofts at mgm grand,http://www.tripadvisor.com/ShowUserReviews-g45963-d619205-r50472678-Skylofts_at_MGM_Grand-Las_Vegas_Nevada.html,-1,las vegas,nv,usa,89109,-1,-1,77,4.863636363636363,4.893939393939394,4.803030303030303,4.53030303030303,4.378787878787879,0.0,4.693939393939393,
usa_nevada_las-vegas_wingate_by_wyndham_henderson,wingate by wyndham henderson,http://www.tripadvisor.com/ShowUserReviews-g45963-d622849-r47272636-Wingate_by_Wyndham_Henderson-Las_Vegas_Nevada.html,-1,las vegas,nv,usa,89052,-1,-1,33,4.793103448275862,4.689655172413793,4.758620689655173,4.275862068965517,4.655172413793103,0.0,4.634482758620689,
usa_nevada_las-vegas_marriott_s_grand_chateau,marriott s grand chateau,http://www.tripadvisor.com/ShowUserReviews-g45963-d567617-r50056282-Marriott_s_Grand_Chateau-Las_Vegas_Nevada.html,-1,las vegas,nv,usa,89109,-1,-1,183,4.63265306122449,4.578231292517007,4.319727891156463,4.4353741496598635,4.319727891156463,0.0,4.457142857142857,
usa_nevada_las-vegas_platinum_hotel_and_spa,platinum hotel and spa,http://www.tripadvisor.com/ShowUserReviews-g45963-d610513-r50492467-Platinum_Hotel_and_Spa-Las_Vegas_Nevada.html,-1,las vegas,nv,usa,89169,-1,-1,347,4.6544850498338874,4.790697674418604,4.332225913621262,3.9601328903654487,4.5083056478405314,0.0,4.449169435215947,
usa_nevada_las-vegas_element_by_westin_las_vegas_summerlin,element by westin las vegas summerlin,http://www.tripadvisor.com/ShowUserReviews-g45963-d1149361-r48750791-Element_by_Westin_Las_Vegas_Summerlin-Las_Vegas_Nevada.html,-1,las vegas,nv,usa,89135,-1,-1,25,4.695652173913044,4.6521739130434785,4.391304347826087,3.782608695652174,4.478260869565218,0.0,4.4,
usa_nevada_las-vegas_jw_marriott_las_vegas_resort_spa_golf,jw marriott las vegas resort spa golf,http://www.tripadvisor.com/ShowUserReviews-g45963-d124741-r50006922-JW_Marriott_Las_Vegas_Resort_Spa_Golf-Las_Vegas_Nevada.html,-1,las vegas,nv,usa,89145,-1,-1,388,4.617021276595745,4.611702127659575,4.409574468085107,4.0212765957446805,4.287234042553192,0.0,4.38936170212766,
usa_nevada_las-vegas_bellagio_las_vegas,bellagio las vegas,http://www.tripadvisor.com/ShowUserReviews-g45963-d91703-r50502245-Bellagio_Las_Vegas-Las_Vegas_Nevada.html,-1,las vegas,nv,usa,89109,-1,-1,337,4.574750830564784,4.322259136212624,4.176079734219269,4.847176079734219,3.9700996677740865,0.0,4.3780730897009965,
usa_nevada_las-vegas_wynn_las_vegas,wynn las vegas,http://www.tripadvisor.com/ShowUserReviews-g45963-d503598-r50410521-Wynn_Las_Vegas-Las_Vegas_Nevada.html,-1,las vegas,nv,usa,89109,-1,-1,331,4.740863787375416,4.584717607973422,4.209302325581396,4.235880398671096,3.973421926910299,0.0,4.348837209302326,
usa_nevada_las-vegas_the_palazzo_resort_hotel_casino,the palazzo resort hotel casino,http://www.tripadvisor.com/ShowUserReviews-g45963-d675000-r50530122-The_Palazzo_Resort_Hotel_Casino-Las_Vegas_Nevada.html,-1,las vegas,nv,usa,89109,-1,-1,324,4.338870431893688,4.568106312292358,4.099667774086379,4.561461794019934,4.033222591362127,0.0,4.320265780730898,
usa_nevada_las-vegas_venetian_resort_hotel_casino,venetian resort hotel casino,http://www.tripadvisor.com/ShowUserReviews-g45963-d97704-r50472284-Venetian_Resort_Hotel_Casino-Las_Vegas_Nevada.html,-1,las vegas,nv,usa,89109,-1,-1,339,4.5083056478405314,4.40531561461794,3.9501661129568104,4.627906976744186,3.9269102990033224,0.0,4.283720930232557,
usa_nevada_las-vegas_south_point_hotel_casino_and_spa,south point hotel casino and spa,http://www.tripadvisor.com/ShowUserReviews-g45963-d570084-r50437268-South_Point_Hotel_Casino_and_Spa-Las_Vegas_Nevada.html,-1,las vegas,nv,usa,89183,-1,-1,347,4.574750830564784,4.5083056478405314,4.059800664451827,3.3687707641196014,4.498338870431894,0.0,4.2019933554817275,
usa_nevada_las-vegas_encore_at_wynn_las_vegas,encore at wynn las vegas,http://www.tripadvisor.com/ShowUserReviews-g45963-d1123368-r50445553-Encore_At_Wynn_Las_Vegas-Las_Vegas_Nevada.html,-1,las vegas,nv,usa,89109,-1,-1,334,4.694352159468439,4.528239202657807,3.9069767441860463,3.8106312292358804,3.7641196013289036,0.0,4.140863787375416,
usa_nevada_las-vegas_palms_place_hotel_spa,palms place hotel spa,http://www.tripadvisor.com/ShowUserReviews-g45963-d858503-r50133798-Palms_Place_Hotel_Spa-Las_Vegas_Nevada.html,-1,las vegas,nv,usa,89104,-1,-1,91,4.413793103448276,4.724137931034483,4.287356321839081,3.8045977011494254,4.436781609195402,0.0,4.333333333333334,
usa_nevada_las-vegas_bill_s_gamblin_hall_saloon,bill s gamblin hall saloon,http://www.tripadvisor.com/ShowUserReviews-g45963-d91700-r50502256-Bill_s_Gamblin_Hall_Saloon-Las_Vegas_Nevada.html,-1,las vegas,nv,usa,89109,-1,-1,340,4.2724252491694354,4.102990033222591,4.0664451827242525,4.910299003322259,4.614617940199335,0.0,4.393355481727575,
usa_nevada_las-vegas_summer_bay_resorts_las_vegas_desert_club,summer bay resorts las vegas desert club,http://www.tripadvisor.com/ShowUserReviews-g45963-d1164660-r49659864-Summer_Bay_Resorts_Las_Vegas_Desert_Club-Las_Vegas_Nevada.html,-1,las vegas,nv,usa,89109,-1,-1,32,4.551724137931035,4.413793103448276,4.206896551724138,4.275862068965517,4.517241379310345,0.0,4.393103448275863,
usa_nevada_las-vegas_the_carriage_house,the carriage house,http://www.tripadvisor.com/ShowUserReviews-g45963-d91949-r50290234-The_Carriage_House-Las_Vegas_Nevada.html,-1,las vegas,nv,usa,89109,-1,-1,194,4.43010752688172,4.311827956989247,4.354838709677419,4.258064516129032,4.505376344086022,0.0,4.372043010752688,
usa_nevada_las-vegas_holiday_inn_express_hotel_and_suites_las_vegas_215_beltway,holiday inn express hotel and suites las vegas 215 beltway,http://www.tripadvisor.com/ShowUserReviews-g45963-d631387-r50377077-Holiday_Inn_Express_Hotel_and_Suites_Las_Vegas_215_Beltway-Las_Vegas_Nevada.html,-1,las vegas,nv,usa,89118,-1,-1,16,4.6923076923076925,4.615384615384615,4.769230769230769,4.384615384615385,4.769230769230769,0.0,4.6461538461538465,
usa_nevada_las-vegas_mirage_hotel_casino,mirage hotel casino,http://www.tripadvisor.com/ShowUserReviews-g45963-d97737-r50483102-Mirage_Hotel_Casino-Las_Vegas_Nevada.html,-1,las vegas,nv,usa,89109,-1,-1,327,4.425249169435216,4.232558139534884,4.129568106312292,4.780730897009967,4.162790697674419,0.0,4.346179401993355,
usa_nevada_las-vegas_the_orleans_hotel_casino,the orleans hotel casino,http://www.tripadvisor.com/ShowUserReviews-g45963-d91907-r50343309-The_Orleans_Hotel_Casino-Las_Vegas_Nevada.html,-1,las vegas,nv,usa,89103,-1,-1,349,4.166112956810632,3.990033222591362,4.003322259136213,3.471760797342193,4.282392026578073,0.0,3.982724252491695,
usa_nevada_las-vegas_hilton_grand_vacations_suites_on_the_las_vegas_strip,hilton grand vacations suites on the las vegas strip,http://www.tripadvisor.com/ShowUserReviews-g45963-d277720-r50315689-Hilton_Grand_Vacations_Suites_on_the_Las_Vegas_Strip-Las_Vegas_Nevada.html,-1,las vegas,nv,usa,89109,-1,-1,363,4.5458167330677295,4.50597609561753,4.274900398406374,3.314741035856574,4.239043824701195,0.0,4.17609561752988,
usa_nevada_las-vegas_renaissance_las_vegas_hotel,renaissance las vegas hotel,http://www.tripadvisor.com/ShowUserReviews-g45963-d489077-r50191193-Renaissance_Las_Vegas_Hotel-Las_Vegas_Nevada.html,-1,las vegas,nv,usa,89169,-1,-1,262,4.598540145985401,4.37956204379562,4.343065693430657,3.656934306569343,4.218978102189781,0.0,4.239416058394161,
usa_nevada_las-vegas_thehotel_at_mandalay_bay,thehotel at mandalay bay,http://www.tripadvisor.com/ShowUserReviews-g45963-d496876-r50445975-THEhotel_at_Mandalay_Bay-Las_Vegas_Nevada.html,-1,las vegas,nv,usa,89119,-1,-1,338,4.312292358803987,4.415282392026578,3.9601328903654487,3.558139534883721,3.857142857142857,0.0,4.020598006644518,
usa_nevada_las-vegas_main_street_station_hotel_casino,main street station hotel casino,http://www.tripadvisor.com/ShowUserReviews-g45963-d91885-r50012906-Main_Street_Station_Hotel_Casino-Las_Vegas_Nevada.html,-1,las vegas,nv,usa,89101,-1,-1,136,4.3924050632911396,4.113924050632911,4.113924050632911,3.7974683544303796,4.506329113924051,0.0,4.184810126582279,
usa_nevada_las-vegas_hilton_grand_vacations_club_at_the_flamingo_las_vegas,hilton grand vacations club at the flamingo las vegas,http://www.tripadvisor.com/ShowUserReviews-g45963-d217597-r49776428-Hilton_Grand_Vacations_Club_at_the_Flamingo_Las_Vegas-Las_Vegas_Nevada.html,-1,las vegas,nv,usa,89109,-1,-1,113,4.265625,4.21875,4.140625,4.703125,4.328125,0.0,4.33125,
usa_nevada_las-vegas_wyndham_grand_desert,wyndham grand desert,http://www.tripadvisor.com/ShowUserReviews-g45963-d252869-r49367219-Wyndham_Grand_Desert-Las_Vegas_Nevada.html,-1,las vegas,nv,usa,89109,-1,-1,281,4.458064516129032,4.296774193548387,4.103225806451613,3.7870967741935484,4.2387096774193544,0.0,4.176774193548387,
usa_nevada_las-vegas_embassy_suites_hotel_convention_center_paradise_road_las_vegas,embassy suites hotel convention center paradise road las vegas,http://www.tripadvisor.com/ShowUserReviews-g45963-d121330-r50502840-Embassy_Suites_Hotel_Convention_Center_Paradise_Road_Las_Vegas-Las_Vegas_Nevada.html,-1,las vegas,nv,usa,89109,-1,-1,127,4.294117647058823,4.073529411764706,4.102941176470588,3.7058823529411766,4.132352941176471,0.0,4.061764705882353,
usa_nevada_las-vegas_suncoast_hotel_and_casino,suncoast hotel and casino,http://www.tripadvisor.com/ShowUserReviews-g45963-d121307-r50495505-Suncoast_Hotel_and_Casino-Las_Vegas_Nevada.html,-1,las vegas,nv,usa,89145,-1,-1,161,4.4743589743589745,4.333333333333333,4.038461538461538,3.7435897435897436,4.32051282051282,0.0,4.182051282051281,
usa_nevada_las-vegas_the_mansion_at_mgm_grand,the mansion at mgm grand,http://www.tripadvisor.com/ShowUserReviews-g45963-d585748-r47271423-The_Mansion_at_MGM_Grand-Las_Vegas_Nevada.html,-1,las vegas,nv,usa,89109,-1,-1,10,5.0,5.0,5.0,5.0,5.0,0.0,5.0,
usa_nevada_las-vegas_treasure_island_ti_hotel_casino,treasure island ti hotel casino,http://www.tripadvisor.com/ShowUserReviews-g45963-d91967-r50524557-Treasure_Island_TI_Hotel_Casino-Las_Vegas_Nevada.html,-1,las vegas,nv,usa,89109,-1,-1,330,4.395348837209302,4.172757475083056,3.8471760797342194,4.558139534883721,4.172757475083056,0.0,4.2292358803986705,
usa_nevada_las-vegas_golden_nugget,golden nugget,http://www.tripadvisor.com/ShowUserReviews-g45963-d91828-r50385129-Golden_Nugget-Las_Vegas_Nevada.html,-1,las vegas,nv,usa,89101,-1,-1,332,4.2724252491694354,4.056478405315614,3.9833887043189367,4.046511627906977,4.1395348837209305,0.0,4.099667774086379,
usa_nevada_las-vegas_hampton_inn_suites_las_vegas_west_summerlin,hampton inn suites las vegas west summerlin,http://www.tripadvisor.com/ShowUserReviews-g45963-d653214-r45323852-Hampton_Inn_Suites_Las_Vegas_West_Summerlin-Las_Vegas_Nevada.html,-1,las vegas,nv,usa,89147,-1,-1,14,4.769230769230769,4.6923076923076925,4.615384615384615,3.8461538461538463,4.461538461538462,0.0,4.476923076923077,
usa_nevada_las-vegas_red_rock_casino_resort_spa,red rock casino resort spa,http://www.tripadvisor.com/ShowUserReviews-g45963-d596543-r50430516-Red_Rock_Casino_Resort_Spa-Las_Vegas_Nevada.html,-1,las vegas,nv,usa,89135,-1,-1,378,4.566308243727598,4.60931899641577,4.07168458781362,3.620071684587814,3.971326164874552,0.0,4.16774193548387,
usa_nevada_las-vegas_embassy_suites_las_vegas_airport,embassy suites las vegas airport,http://www.tripadvisor.com/ShowUserReviews-g45963-d97971-r43453654-Embassy_Suites_Las_Vegas_Airport-Las_Vegas_Nevada.html,-1,las vegas,nv,usa,89119,-1,-1,91,4.3125,4.265625,4.3125,3.75,4.203125,0.0,4.16875,
usa_nevada_las-vegas_hilton_garden_inn_las_vegas_strip_south,hilton garden inn las vegas strip south,http://www.tripadvisor.com/ShowUserReviews-g45963-d503601-r48071091-Hilton_Garden_Inn_Las_Vegas_Strip_South-Las_Vegas_Nevada.html,-1,las vegas,nv,usa,89123,-1,-1,34,4.782608695652174,4.521739130434782,4.3478260869565215,3.6956521739130435,4.043478260869565,0.0,4.278260869565218,
usa_nevada_las-vegas_sam_s_town_hotel_and_gambling_hall,sam s town hotel and gambling hall,http://www.tripadvisor.com/ShowUserReviews-g45963-d91675-r50525207-Sam_s_Town_Hotel_and_Gambling_Hall-Las_Vegas_Nevada.html,-1,las vegas,nv,usa,89122,-1,-1,192,4.212121212121212,3.9797979797979797,4.141414141414141,3.323232323232323,4.393939393939394,0.0,4.0101010101010095,
usa_nevada_las-vegas_springhill_suites_las_vegas_convention_center,springhill suites las vegas convention center,http://www.tripadvisor.com/ShowUserReviews-g45963-d1200920-r50448588-SpringHill_Suites_Las_Vegas_Convention_Center-Las_Vegas_Nevada.html,-1,las vegas,nv,usa,89109,-1,-1,5,4.75,4.75,4.75,4.0,4.5,0.0,4.55,
usa_nevada_las-vegas_marriott_suites_las_vegas,marriott suites las vegas,http://www.tripadvisor.com/ShowUserReviews-g45963-d111712-r49191566-Marriott_Suites_Las_Vegas-Las_Vegas_Nevada.html,-1,las vegas,nv,usa,89109,-1,-1,55,4.625,4.475,4.3,3.525,4.25,0.0,4.235,
usa_nevada_las-vegas_mgm_grand_hotel_and_casino,mgm grand hotel and casino,http://www.tripadvisor.com/ShowUserReviews-g45963-d91891-r50388077-MGM_Grand_Hotel_and_Casino-Las_Vegas_Nevada.html,-1,las vegas,nv,usa,89109,-1,-1,339,4.322259136212624,3.8372093023255816,3.8106312292358804,4.0664451827242525,3.956810631229236,0.0,3.9986710963455154,
usa_nevada_las-vegas_caesars_palace_classic_hotel,caesars palace classic hotel,http://www.tripadvisor.com/ShowUserReviews-g45963-d91762-r50526924-Caesars_Palace_Classic_Hotel-Las_Vegas_Nevada.html,-1,las vegas,nv,usa,89109,-1,-1,330,4.179401993355482,4.043189368770764,3.700996677740864,4.664451827242525,3.5714285714285716,0.0,4.031893687707641,
usa_nevada_las-vegas_holiday_inn_express_las_vegas_south,holiday inn express las vegas south,http://www.tripadvisor.com/ShowUserReviews-g45963-d295317-r50366502-Holiday_Inn_Express_Las_Vegas_South-Las_Vegas_Nevada.html,-1,las vegas,nv,usa,89118,-1,-1,110,4.5394736842105265,4.355263157894737,4.421052631578948,3.8421052631578947,4.381578947368421,0.0,4.307894736842106,
usa_nevada_las-vegas_paris_las_vegas_hotel,paris las vegas hotel,http://www.tripadvisor.com/ShowUserReviews-g45963-d143336-r50340251-Paris_Las_Vegas_Hotel-Las_Vegas_Nevada.html,-1,las vegas,nv,usa,89109,-1,-1,333,4.192691029900332,3.8006644518272426,3.6943521594684388,4.750830564784053,3.820598006644518,0.0,4.051827242524917,
usa_nevada_las-vegas_tuscany_suites_casino,tuscany suites casino,http://www.tripadvisor.com/ShowUserReviews-g45963-d224853-r50510814-Tuscany_Suites_Casino-Las_Vegas_Nevada.html,-1,las vegas,nv,usa,89107,-1,-1,450,3.9917355371900825,3.8016528925619837,3.553719008264463,3.7024793388429753,3.93801652892562,0.0,3.797520661157025,
usa_nevada_las-vegas_trump_international_hotel_tower_las_vegas,trump international hotel tower las vegas,http://www.tripadvisor.com/ShowUserReviews-g45963-d1022061-r50422033-Trump_International_Hotel_Tower_Las_Vegas-Las_Vegas_Nevada.html,-1,las vegas,nv,usa,89109,-1,-1,315,4.348837209302325,4.365448504983389,3.7641196013289036,3.219269102990033,3.8803986710963456,0.0,3.915614617940199,
usa_nevada_las-vegas_microtel_inn_suites_las_vegas,microtel inn suites las vegas,http://www.tripadvisor.com/ShowUserReviews-g45963-d650783-r48702875-Microtel_Inn_Suites_Las_Vegas-Las_Vegas_Nevada.html,-1,las vegas,nv,usa,89123,-1,-1,19,4.631578947368421,4.2105263157894735,4.157894736842105,3.6315789473684212,4.368421052631579,0.0,4.2,
usa_nevada_las-vegas_la_quinta_summerlin_tech,la quinta summerlin tech,http://www.tripadvisor.com/ShowUserReviews-g45963-d91871-r47123656-La_Quinta_Summerlin_Tech-Las_Vegas_Nevada.html,-1,las vegas,nv,usa,89128-0455,-1,-1,17,4.0,4.333333333333333,4.166666666666667,3.6666666666666665,4.5,0.0,4.133333333333334,
usa_nevada_las-vegas_four_queens_hotel_and_casino,four queens hotel and casino,http://www.tripadvisor.com/ShowUserReviews-g45963-d91816-r50361737-Four_Queens_Hotel_and_Casino-Las_Vegas_Nevada.html,-1,las vegas,nv,usa,89101,-1,-1,437,4.118055555555555,3.8229166666666665,4.006944444444445,4.298611111111111,4.243055555555555,0.0,4.097916666666667,
usa_nevada_las-vegas_cancun_resort,cancun resort,http://www.tripadvisor.com/ShowUserReviews-g45963-d277719-r49556848-Cancun_Resort-Las_Vegas_Nevada.html,-1,las vegas,nv,usa,89123,-1,-1,164,4.1875,3.9166666666666665,3.7916666666666665,3.4791666666666665,3.90625,0.0,3.85625,
usa_nevada_las-vegas_mandalay_bay_resort_casino,mandalay bay resort casino,http://www.tripadvisor.com/ShowUserReviews-g45963-d91886-r50501099-Mandalay_Bay_Resort_Casino-Las_Vegas_Nevada.html,-1,las vegas,nv,usa,89119,-1,-1,332,4.249169435215947,4.116279069767442,3.813953488372093,3.3289036544850497,3.5614617940199333,0.0,3.8139534883720927,
usa_nevada_las-vegas_new_york_new_york_hotel_and_casino,new york new york hotel and casino,http://www.tripadvisor.com/ShowUserReviews-g45963-d91904-r50436706-New_York_New_York_Hotel_and_Casino-Las_Vegas_Nevada.html,-1,las vegas,nv,usa,89109,-1,-1,334,4.102990033222591,3.6677740863787376,3.6511627906976742,4.016611295681063,3.7607973421926912,0.0,3.839867109634551,
usa_nevada_las-vegas_homewood_suites_las_vegas_airport,homewood suites las vegas airport,http://www.tripadvisor.com/ShowUserReviews-g45963-d679044-r50234092-Homewood_Suites_Las_Vegas_Airport-Las_Vegas_Nevada.html,-1,las vegas,nv,usa,89119,-1,-1,23,4.523809523809524,4.476190476190476,4.142857142857143,3.7142857142857144,4.333333333333333,0.0,4.238095238095238,
usa_nevada_las-vegas_planet_hollywood_resort_casino,planet hollywood resort casino,http://www.tripadvisor.com/ShowUserReviews-g45963-d91687-r50464081-Planet_Hollywood_Resort_Casino-Las_Vegas_Nevada.html,-1,las vegas,nv,usa,89109,-1,-1,337,4.059800664451827,3.8438538205980066,3.6843853820598005,4.704318936877076,3.9501661129568104,0.0,4.048504983388705,
usa_nevada_las-vegas_grandview_at_las_vegas,grandview at las vegas,http://www.tripadvisor.com/ShowUserReviews-g45963-d460081-r50381049-Grandview_at_Las_Vegas-Las_Vegas_Nevada.html,-1,las vegas,nv,usa,89123,-1,-1,323,4.3130434782608695,4.21304347826087,3.7043478260869565,3.356521739130435,4.086956521739131,0.0,3.9347826086956523,
usa_nevada_las-vegas_terrible_s_hotel_casino,terrible s hotel casino,http://www.tripadvisor.com/ShowUserReviews-g45963-d224849-r50145281-Terrible_s_Hotel_Casino-Las_Vegas_Nevada.html,-1,las vegas,nv,usa,89109,-1,-1,237,3.7766990291262137,3.7184466019417477,3.679611650485437,3.4854368932038833,4.174757281553398,0.0,3.766990291262136,
usa_nevada_las-vegas_hilton_grand_vacation_suites_las_vegas_convention_center,hilton grand vacation suites las vegas convention center,http://www.tripadvisor.com/ShowUserReviews-g45963-d234836-r49516835-Hilton_Grand_Vacation_Suites_Las_Vegas_Convention_Center-Las_Vegas_Nevada.html,-1,las vegas,nv,usa,89109,-1,-1,124,4.338235294117647,4.0588235294117645,4.205882352941177,3.485294117647059,4.102941176470588,0.0,4.038235294117646,
usa_nevada_las-vegas_desert_paradise_resort,desert paradise resort,http://www.tripadvisor.com/ShowUserReviews-g45963-d286472-r48148311-Desert_Paradise_Resort-Las_Vegas_Nevada.html,-1,las vegas,nv,usa,89118,-1,-1,61,4.366666666666666,4.166666666666667,4.0,3.8,4.233333333333333,0.0,4.113333333333334,
usa_nevada_las-vegas_tahiti_village,tahiti village,http://www.tripadvisor.com/ShowUserReviews-g45963-d628433-r49994058-Tahiti_Village-Las_Vegas_Nevada.html,-1,las vegas,nv,usa,89119,-1,-1,214,4.406779661016949,4.2824858757062145,3.5819209039548023,3.6553672316384183,4.028248587570621,0.0,3.9909604519774016,
usa_nevada_las-vegas_hampton_inn_tropicana,hampton inn tropicana,http://www.tripadvisor.com/ShowUserReviews-g45963-d121328-r49370260-Hampton_Inn_Tropicana-Las_Vegas_Nevada.html,-1,las vegas,nv,usa,89118-1655,-1,-1,64,4.4,4.2,4.057142857142857,3.6857142857142855,4.057142857142857,0.0,4.08,
usa_nevada_las-vegas_tahiti_vacation_club,tahiti vacation club,http://www.tripadvisor.com/ShowUserReviews-g45963-d523862-r50236723-Tahiti_Vacation_Club-Las_Vegas_Nevada.html,-1,las vegas,nv,usa,89103,-1,-1,45,4.178571428571429,4.035714285714286,3.607142857142857,3.7857142857142856,4.178571428571429,0.0,3.957142857142857,
usa_nevada_las-vegas_residence_inn_las_vegas_south,residence inn las vegas south,http://www.tripadvisor.com/ShowUserReviews-g45963-d287616-r47968343-Residence_Inn_Las_Vegas_South-Las_Vegas_Nevada.html,-1,las vegas,nv,usa,89118,-1,-1,47,4.46875,4.3125,4.34375,3.96875,4.125,0.0,4.24375,
usa_nevada_las-vegas_gold_coast_hotel_and_casino,gold coast hotel and casino,http://www.tripadvisor.com/ShowUserReviews-g45963-d91823-r50116245-Gold_Coast_Hotel_and_Casino-Las_Vegas_Nevada.html,-1,las vegas,nv,usa,89103,-1,-1,382,3.989130434782609,3.7010869565217392,3.777173913043478,3.5489130434782608,4.211956521739131,0.0,3.845652173913044,
usa_nevada_las-vegas_hotel32_at_monte_carlo,hotel32 at monte carlo,http://www.tripadvisor.com/ShowUserReviews-g45963-d1526513-r48784858-Hotel32_at_Monte_Carlo-Las_Vegas_Nevada.html,-1,las vegas,nv,usa,-1,-1,-1,5,4.75,3.75,4.5,4.75,3.5,0.0,4.25,
usa_nevada_las-vegas_cliffs_at_peace_canyon,cliffs at peace canyon,http://www.tripadvisor.com/ShowUserReviews-g45963-d530410-r47450119-Cliffs_at_Peace_Canyon-Las_Vegas_Nevada.html,-1,las vegas,nv,usa,89147,-1,-1,94,4.3559322033898304,4.237288135593221,3.983050847457627,4.11864406779661,4.305084745762712,0.0,4.2,
usa_nevada_las-vegas_doubletree_club_hotel_las_vegas_airport,doubletree club hotel las vegas airport,http://www.tripadvisor.com/ShowUserReviews-g45963-d91773-r46866418-Doubletree_Club_Hotel_Las_Vegas_Airport-Las_Vegas_Nevada.html,-1,las vegas,nv,usa,89119,-1,-1,68,4.125,4.075,4.1,3.925,4.125,0.0,4.07,
usa_nevada_las-vegas_bally_s_las_vegas_hotel_casino,bally s las vegas hotel casino,http://www.tripadvisor.com/ShowUserReviews-g45963-d121312-r50539569-Bally_s_Las_Vegas_Hotel_Casino-Las_Vegas_Nevada.html,-1,las vegas,nv,usa,89109,-1,-1,324,3.7940199335548175,3.5913621262458473,3.5946843853820596,4.6245847176079735,3.993355481727575,0.0,3.919601328903654,
usa_nevada_las-vegas_stratosphere_hotel_casino_and_tower,stratosphere hotel casino and tower,http://www.tripadvisor.com/ShowUserReviews-g45963-d114898-r50467273-Stratosphere_Hotel_Casino_and_Tower-Las_Vegas_Nevada.html,-1,las vegas,nv,usa,89104,-1,-1,338,3.9235880398671097,3.60797342192691,3.4916943521594686,2.8006644518272426,4.009966777408638,0.0,3.5667774086378734,
usa_nevada_las-vegas_polo_towers,polo towers,http://www.tripadvisor.com/ShowUserReviews-g45963-d91916-r49086983-Polo_Towers-Las_Vegas_Nevada.html,-1,las vegas,nv,usa,89109,-1,-1,171,4.060975609756097,3.8780487804878048,3.7560975609756095,4.304878048780488,3.8536585365853657,0.0,3.9707317073170727,
usa_nevada_las-vegas_fairfield_inn_las_vegas_airport,fairfield inn las vegas airport,http://www.tripadvisor.com/ShowUserReviews-g45963-d91814-r46217468-Fairfield_Inn_Las_Vegas_Airport-Las_Vegas_Nevada.html,-1,las vegas,nv,usa,89109,-1,-1,30,4.611111111111111,3.9444444444444446,4.166666666666667,3.4444444444444446,3.888888888888889,0.0,4.011111111111111,
usa_nevada_las-vegas_jockey_club,jockey club,http://www.tripadvisor.com/ShowUserReviews-g45963-d91866-r49918025-Jockey_Club-Las_Vegas_Nevada.html,-1,las vegas,nv,usa,89109,-1,-1,194,4.0,3.8404255319148937,3.765957446808511,4.329787234042553,3.8297872340425534,0.0,3.953191489361702,
usa_nevada_las-vegas_el_cortez_hotel_casino,el cortez hotel casino,http://www.tripadvisor.com/ShowUserReviews-g45963-d111692-r50501810-El_Cortez_Hotel_Casino-Las_Vegas_Nevada.html,-1,las vegas,nv,usa,89101,-1,-1,236,4.073170731707317,3.886178861788618,3.813008130081301,3.5365853658536586,4.252032520325203,0.0,3.91219512195122,
usa_nevada_las-vegas_crestwood_suites_las_vegas_boulevard,crestwood suites las vegas boulevard,http://www.tripadvisor.com/ShowUserReviews-g45963-d224836-r49986662-Crestwood_Suites_Las_Vegas_Boulevard-Las_Vegas_Nevada.html,-1,las vegas,nv,usa,89119,-1,-1,33,3.5185185185185186,3.5925925925925926,3.6666666666666665,3.8518518518518516,3.814814814814815,0.0,3.6888888888888887,
usa_nevada_las-vegas_golden_gate_hotel_casino,golden gate hotel casino,http://www.tripadvisor.com/ShowUserReviews-g45963-d91826-r50297653-Golden_Gate_Hotel_Casino-Las_Vegas_Nevada.html,-1,las vegas,nv,usa,89101,-1,-1,107,3.787878787878788,3.1818181818181817,3.727272727272727,4.196969696969697,4.242424242424242,0.0,3.827272727272727,
usa_nevada_las-vegas_la_quinta_inn_and_suites_las_vegas_west,la quinta inn and suites las vegas west,http://www.tripadvisor.com/ShowUserReviews-g45963-d224834-r49242159-La_Quinta_Inn_and_Suites_Las_Vegas_West-Las_Vegas_Nevada.html,-1,las vegas,nv,usa,89117,-1,-1,18,4.142857142857143,3.857142857142857,4.071428571428571,3.5,4.071428571428571,0.0,3.9285714285714284,
usa_nevada_las-vegas_emerald_suites,emerald suites,http://www.tripadvisor.com/ShowUserReviews-g45963-d257173-r50511905-Emerald_Suites-Las_Vegas_Nevada.html,-1,las vegas,nv,usa,89123,-1,-1,90,4.014705882352941,3.7205882352941178,3.838235294117647,3.8088235294117645,4.029411764705882,0.0,3.88235294117647,
usa_nevada_las-vegas_emerald_suites_cameron,emerald suites cameron,http://www.tripadvisor.com/ShowUserReviews-g45963-d526105-r49651140-Emerald_Suites_Cameron-Las_Vegas_Nevada.html,-1,las vegas,nv,usa,89103,-1,-1,42,3.9,3.7,3.6666666666666665,3.8666666666666667,4.033333333333333,0.0,3.833333333333333,
usa_nevada_las-vegas_hyatt_place_las_vegas,hyatt place las vegas,http://www.tripadvisor.com/ShowUserReviews-g45963-d91693-r47111687-Hyatt_Place_Las_Vegas-Las_Vegas_Nevada.html,-1,las vegas,nv,usa,89109,-1,-1,33,4.129032258064516,4.032258064516129,4.0,3.3548387096774195,3.967741935483871,0.0,3.8967741935483873,
usa_nevada_las-vegas_eastside_cannery_casino_hotel,eastside cannery casino hotel,http://www.tripadvisor.com/ShowUserReviews-g45963-d1216541-r50130694-Eastside_Cannery_Casino_Hotel-Las_Vegas_Nevada.html,-1,las vegas,nv,usa,89122,-1,-1,23,4.5,4.35,3.9,3.45,4.45,0.0,4.13,
usa_nevada_las-vegas_harrah_s_las_vegas_casino_hotel,harrah s las vegas casino hotel,http://www.tripadvisor.com/ShowUserReviews-g45963-d114889-r50416977-Harrah_s_Las_Vegas_Casino_Hotel-Las_Vegas_Nevada.html,-1,las vegas,nv,usa,89109,-1,-1,344,3.9368770764119603,3.521594684385382,3.514950166112957,4.541528239202658,3.8538205980066444,0.0,3.8737541528239205,
usa_nevada_las-vegas_courtyard_by_marriott_las_vegas_south,courtyard by marriott las vegas south,http://www.tripadvisor.com/ShowUserReviews-g45963-d294793-r49120774-Courtyard_by_Marriott_Las_Vegas_South-Las_Vegas_Nevada.html,-1,las vegas,nv,usa,89118,-1,-1,31,4.291666666666667,4.166666666666667,4.458333333333333,3.8333333333333335,4.041666666666667,0.0,4.158333333333333,
usa_nevada_las-vegas_excalibur_hotel_casino,excalibur hotel casino,http://www.tripadvisor.com/ShowUserReviews-g45963-d97786-r50497055-Excalibur_Hotel_Casino-Las_Vegas_Nevada.html,-1,las vegas,nv,usa,89109-4300,-1,-1,334,3.46843853820598,3.3289036544850497,3.3322259136212624,4.0365448504983386,3.9069767441860463,0.0,3.6146179401993352,
usa_nevada_las-vegas_residence_inn_las_vegas_hughes_center,residence inn las vegas hughes center,http://www.tripadvisor.com/ShowUserReviews-g45963-d91920-r48796273-Residence_Inn_Las_Vegas_Hughes_Center-Las_Vegas_Nevada.html,-1,las vegas,nv,usa,89109,-1,-1,40,4.375,4.166666666666667,4.25,4.125,4.166666666666667,0.0,4.216666666666667,
usa_nevada_las-vegas_summer_bay_resort_las_vegas,summer bay resort las vegas,http://www.tripadvisor.com/ShowUserReviews-g45963-d296425-r50369285-Summer_Bay_Resort_Las_Vegas-Las_Vegas_Nevada.html,-1,las vegas,nv,usa,89109,-1,-1,194,3.8095238095238093,3.5833333333333335,3.607142857142857,3.9166666666666665,3.6785714285714284,0.0,3.719047619047619,
usa_nevada_las-vegas_fremont_hotel_and_casino,fremont hotel and casino,http://www.tripadvisor.com/ShowUserReviews-g45963-d111699-r49857360-Fremont_Hotel_and_Casino-Las_Vegas_Nevada.html,-1,las vegas,nv,usa,89101,-1,-1,121,4.04,3.64,4.053333333333334,4.333333333333333,4.16,0.0,4.045333333333334,
usa_nevada_las-vegas_el_cortez_cabana_suites,el cortez cabana suites,http://www.tripadvisor.com/ShowUserReviews-g45963-d1453252-r48206155-El_Cortez_Cabana_Suites-Las_Vegas_Nevada.html,-1,las vegas,nv,usa,89101,-1,-1,9,4.571428571428571,4.142857142857143,4.142857142857143,3.5714285714285716,4.571428571428571,0.0,4.2,
usa_nevada_las-vegas_rio_suite_hotel_and_casino,rio suite hotel and casino,http://www.tripadvisor.com/ShowUserReviews-g45963-d91673-r50462096-Rio_Suite_Hotel_and_Casino-Las_Vegas_Nevada.html,-1,las vegas,nv,usa,89103,-1,-1,351,3.7109634551495017,3.6777408637873754,3.524916943521595,3.046511627906977,3.568106312292359,0.0,3.5056478405315614,
usa_nevada_las-vegas_falcon_ridge_hotel,falcon ridge hotel,http://www.tripadvisor.com/ShowUserReviews-g45963-d561198-r47683734-Falcon_Ridge_Hotel-Las_Vegas_Nevada.html,-1,las vegas,nv,usa,89027,-1,-1,63,4.212121212121212,4.03030303030303,3.9696969696969697,4.0606060606060606,4.151515151515151,0.0,4.084848484848484,
usa_nevada_las-vegas_rodeway_inn_convention_center,rodeway inn convention center,http://www.tripadvisor.com/ShowUserReviews-g45963-d91979-r48081585-Rodeway_Inn_Convention_Center-Las_Vegas_Nevada.html,-1,las vegas,nv,usa,89109,-1,-1,57,3.8529411764705883,3.9411764705882355,3.323529411764706,3.8529411764705883,4.0,0.0,3.794117647058824,
usa_nevada_las-vegas_worldmark_tropicana,worldmark tropicana,http://www.tripadvisor.com/ShowUserReviews-g45963-d1126185-r38834925-Worldmark_Tropicana-Las_Vegas_Nevada.html,-1,las vegas,nv,usa,89103,-1,-1,5,4.75,4.5,4.0,3.5,4.25,0.0,4.2,
usa_nevada_las-vegas_flamingo_hotel_casino,flamingo hotel casino,http://www.tripadvisor.com/ShowUserReviews-g45963-d91844-r50532011-Flamingo_Hotel_Casino-Las_Vegas_Nevada.html,-1,las vegas,nv,usa,89109,-1,-1,334,3.2059800664451825,3.255813953488372,3.2956810631229234,4.651162790697675,3.7109634551495017,0.0,3.6239202657807312,
usa_nevada_las-vegas_monte_carlo_resort_casino,monte carlo resort casino,http://www.tripadvisor.com/ShowUserReviews-g45963-d97712-r50507126-Monte_Carlo_Resort_Casino-Las_Vegas_Nevada.html,-1,las vegas,nv,usa,89109,-1,-1,331,3.7043189368770766,3.2425249169435215,3.5847176079734218,4.136212624584718,3.744186046511628,0.0,3.6823920265780727,
usa_nevada_las-vegas_la_quinta_inn_las_vegas_airport,la quinta inn las vegas airport,http://www.tripadvisor.com/ShowUserReviews-g45963-d91873-r47358207-La_Quinta_Inn_Las_Vegas_Airport-Las_Vegas_Nevada.html,-1,las vegas,nv,usa,89109,-1,-1,43,3.65,3.5,3.7,3.4,3.65,0.0,3.5799999999999996,
usa_nevada_las-vegas_las_vegas_club_36,las vegas club 36,http://www.tripadvisor.com/ShowUserReviews-g45963-d1145601-r50421347-Las_Vegas_Club_36-Las_Vegas_Nevada.html,-1,las vegas,nv,usa,89169,-1,-1,33,4.035714285714286,3.9285714285714284,3.5357142857142856,2.857142857142857,3.5714285714285716,0.0,3.5857142857142863,
usa_nevada_las-vegas_meridian_luxury_suites,meridian luxury suites,http://www.tripadvisor.com/ShowUserReviews-g45963-d649363-r49834849-Meridian_Luxury_Suites-Las_Vegas_Nevada.html,-1,las vegas,nv,usa,89169,-1,-1,90,4.028985507246377,4.391304347826087,3.6231884057971016,3.9855072463768115,3.9855072463768115,0.0,4.0028985507246375,
usa_nevada_las-vegas_hard_rock_hotel_and_casino,hard rock hotel and casino,http://www.tripadvisor.com/ShowUserReviews-g45963-d91840-r50515232-Hard_Rock_Hotel_and_Casino-Las_Vegas_Nevada.html,-1,las vegas,nv,usa,89109,-1,-1,386,3.586734693877551,3.4285714285714284,3.2346938775510203,2.933673469387755,3.1122448979591835,0.0,3.259183673469387,
usa_nevada_las-vegas_the_palms_casino_hotel,the palms casino hotel,http://www.tripadvisor.com/ShowUserReviews-g45963-d208820-r50172873-The_Palms_Casino_Hotel-Las_Vegas_Nevada.html,-1,las vegas,nv,usa,89103,-1,-1,339,3.734806629834254,3.6408839779005526,3.453038674033149,3.016574585635359,3.414364640883978,0.0,3.4519337016574583,
usa_nevada_las-vegas_silverton_hotel_and_casino,silverton hotel and casino,http://www.tripadvisor.com/ShowUserReviews-g45963-d97691-r50311238-Silverton_Hotel_and_Casino-Las_Vegas_Nevada.html,-1,las vegas,nv,usa,89139,-1,-1,103,3.7796610169491527,3.6610169491525424,3.5084745762711864,3.3220338983050848,3.6779661016949152,0.0,3.5898305084745763,
usa_nevada_las-vegas_club_de_soleil,club de soleil,http://www.tripadvisor.com/ShowUserReviews-g45963-d97687-r50194577-Club_de_Soleil-Las_Vegas_Nevada.html,-1,las vegas,nv,usa,89109,-1,-1,106,4.2,3.7636363636363637,3.8363636363636364,3.309090909090909,3.909090909090909,0.0,3.8036363636363637,
usa_nevada_las-vegas_casino_royale_and_hotel,casino royale and hotel,http://www.tripadvisor.com/ShowUserReviews-g45963-d264967-r50112140-Casino_Royale_and_Hotel-Las_Vegas_Nevada.html,-1,las vegas,nv,usa,89109,-1,-1,83,3.8205128205128207,3.4871794871794872,3.5641025641025643,4.82051282051282,4.205128205128205,0.0,3.9794871794871796,
usa_nevada_las-vegas_las_vegas_hilton,las vegas hilton,http://www.tripadvisor.com/ShowUserReviews-g45963-d91878-r50516126-Las_Vegas_Hilton-Las_Vegas_Nevada.html,-1,las vegas,nv,usa,89109,-1,-1,336,3.60797342192691,3.4584717607973423,3.2458471760797343,3.086378737541528,3.504983388704319,0.0,3.380730897009967,
usa_nevada_las-vegas_hampton_inn_las_vegas_summerlin,hampton inn las vegas summerlin,http://www.tripadvisor.com/ShowUserReviews-g45963-d91839-r32645368-Hampton_Inn_Las_Vegas_Summerlin-Las_Vegas_Nevada.html,-1,las vegas,nv,usa,89128,-1,-1,18,4.75,4.25,4.5,3.75,4.5,0.0,4.35,
usa_nevada_las-vegas_binion_s_horseshoe_hotel_casino_las_vegas,binion s horseshoe hotel casino las vegas,http://www.tripadvisor.com/ShowUserReviews-g45963-d91729-r49630112-Binion_s_Horseshoe_Hotel_Casino_Las_Vegas-Las_Vegas_Nevada.html,-1,las vegas,nv,usa,89101,-1,-1,120,3.1311475409836067,2.6885245901639343,3.4918032786885247,4.049180327868853,3.4754098360655736,0.0,3.3672131147540982,
usa_nevada_las-vegas_the_westin_casuarina_las_vegas_hotel_casino_spa,the westin casuarina las vegas hotel casino spa,http://www.tripadvisor.com/ShowUserReviews-g45963-d114892-r50050359-The_Westin_Casuarina_Las_Vegas_Hotel_Casino_Spa-Las_Vegas_Nevada.html,-1,las vegas,nv,usa,89109,-1,-1,357,3.744186046511628,3.5847176079734218,3.568106312292359,3.558139534883721,3.451827242524917,0.0,3.5813953488372094,
usa_nevada_las-vegas_travelodge_ambassador_strip_inn,travelodge ambassador strip inn,http://www.tripadvisor.com/ShowUserReviews-g45963-d91779-r48695774-Travelodge_Ambassador_Strip_Inn-Las_Vegas_Nevada.html,-1,las vegas,nv,usa,89119,-1,-1,22,3.3529411764705883,3.0588235294117645,3.235294117647059,3.411764705882353,3.411764705882353,0.0,3.2941176470588234,
usa_nevada_las-vegas_la_quinta_inn_nellis,la quinta inn nellis,http://www.tripadvisor.com/ShowUserReviews-g45963-d241163-r49285511-La_Quinta_Inn_Nellis-Las_Vegas_Nevada.html,-1,las vegas,nv,usa,89115,-1,-1,13,3.6363636363636362,3.909090909090909,3.5454545454545454,3.1818181818181817,4.090909090909091,0.0,3.672727272727273,
usa_nevada_las-vegas_luxor_las_vegas,luxor las vegas,http://www.tripadvisor.com/ShowUserReviews-g45963-d111709-r50508248-Luxor_Las_Vegas-Las_Vegas_Nevada.html,-1,las vegas,nv,usa,89119,-1,-1,345,3.425249169435216,2.993355481727575,3.2093023255813953,3.3222591362126246,3.3853820598006643,0.0,3.2671096345514945,
usa_nevada_las-vegas_residence_inn_las_vegas_convention_center,residence inn las vegas convention center,http://www.tripadvisor.com/ShowUserReviews-g45963-d111722-r44872548-Residence_Inn_Las_Vegas_Convention_Center-Las_Vegas_Nevada.html,-1,las vegas,nv,usa,89109,-1,-1,28,4.0,3.588235294117647,3.823529411764706,3.9411764705882355,3.6470588235294117,0.0,3.8,
usa_nevada_las-vegas_royal_vacation_suites_hotel_las_vegas,royal vacation suites hotel las vegas,http://www.tripadvisor.com/ShowUserReviews-g45963-d91682-r49989639-Royal_Vacation_Suites_Hotel_Las_Vegas-Las_Vegas_Nevada.html,-1,las vegas,nv,usa,89109,-1,-1,48,3.5555555555555554,3.111111111111111,3.7777777777777777,4.148148148148148,3.6666666666666665,0.0,3.651851851851852,
usa_nevada_las-vegas_riviera_hotel_casino,riviera hotel casino,http://www.tripadvisor.com/ShowUserReviews-g45963-d97735-r50450762-Riviera_Hotel_Casino-Las_Vegas_Nevada.html,-1,las vegas,nv,usa,89109,-1,-1,602,3.3222591362126246,3.1926910299003324,2.973421926910299,2.877076411960133,3.3122923588039868,0.0,3.135548172757475,
usa_nevada_las-vegas_comfort_inn,comfort inn,http://www.tripadvisor.com/ShowUserReviews-g45963-d91910-r46294902-Comfort_Inn-Las_Vegas_Nevada.html,-1,las vegas,nv,usa,89109,-1,-1,44,3.7,3.7,3.7,3.75,3.95,0.0,3.7600000000000002,
usa_nevada_las-vegas_hooters_casino_hotel,hooters casino hotel,http://www.tripadvisor.com/ShowUserReviews-g45963-d600446-r50500554-Hooters_Casino_Hotel-Las_Vegas_Nevada.html,-1,las vegas,nv,usa,89109,-1,-1,351,3.2259136212624586,3.176079734219269,3.318936877076412,3.7142857142857144,3.6677740863787376,0.0,3.420598006644518,
usa_nevada_las-vegas_courtyard_by_marriott_las_vegas_convention_center,courtyard by marriott las vegas convention center,http://www.tripadvisor.com/ShowUserReviews-g45963-d91783-r45892887-Courtyard_by_Marriott_Las_Vegas_Convention_Center-Las_Vegas_Nevada.html,-1,las vegas,nv,usa,89109,-1,-1,17,4.454545454545454,3.8181818181818183,3.8181818181818183,3.6363636363636362,4.090909090909091,0.0,3.9636363636363634,
usa_nevada_las-vegas_palace_station,palace station,http://www.tripadvisor.com/ShowUserReviews-g45963-d91909-r48902465-Palace_Station-Las_Vegas_Nevada.html,-1,las vegas,nv,usa,89102,-1,-1,297,3.631205673758865,3.326241134751773,3.425531914893617,3.00709219858156,3.482269503546099,0.0,3.3744680851063835,
usa_nevada_las-vegas_jet_luxury_resorts_platinum_hotel_spa,jet luxury resorts platinum hotel spa,http://www.tripadvisor.com/ShowUserReviews-g45963-d1234445-r34976718-Jet_Luxury_Resorts_Platinum_Hotel_Spa-Las_Vegas_Nevada.html,-1,las vegas,nv,usa,89169,-1,-1,-1,0.0,0.0,0.0,0.0,0.0,0.0,-1.0,
usa_nevada_las-vegas_california_hotel,california hotel,http://www.tripadvisor.com/ShowUserReviews-g45963-d91763-r47672155-California_Hotel-Las_Vegas_Nevada.html,-1,las vegas,nv,usa,89101,-1,-1,48,3.88,3.68,3.56,3.8,3.92,0.0,3.768,
usa_nevada_las-vegas_fairmont_hotel,fairmont hotel,http://www.tripadvisor.com/ShowUserReviews-g45963-d294800-r50258680-Fairmont_Hotel-Las_Vegas_Nevada.html,-1,las vegas,nv,usa,89104,-1,-1,1,4.0,5.0,3.0,5.0,5.0,0.0,4.4,
usa_nevada_las-vegas_imperial_palace_hotel_casino,imperial palace hotel casino,http://www.tripadvisor.com/ShowUserReviews-g45963-d186114-r50368855-Imperial_Palace_Hotel_Casino-Las_Vegas_Nevada.html,-1,las vegas,nv,usa,89109,-1,-1,321,3.215946843853821,2.893687707641196,3.1926910299003324,4.644518272425249,3.877076411960133,0.0,3.5647840531561465,
usa_nevada_las-vegas_holiday_inn_express_las_vegas_nellis,holiday inn express las vegas nellis,http://www.tripadvisor.com/ShowUserReviews-g45963-d224650-r32543804-Holiday_Inn_Express_Las_Vegas_Nellis-Las_Vegas_Nevada.html,-1,las vegas,nv,usa,89115,-1,-1,8,4.5,4.5,4.75,2.5,3.75,0.0,4.0,
usa_nevada_las-vegas_candlewood_suites_las_vegas,candlewood suites las vegas,http://www.tripadvisor.com/ShowUserReviews-g45963-d91764-r49452293-Candlewood_Suites_Las_Vegas-Las_Vegas_Nevada.html,-1,las vegas,nv,usa,89169,-1,-1,73,3.6285714285714286,3.1714285714285713,3.342857142857143,3.085714285714286,3.6285714285714286,0.0,3.3714285714285714,
usa_nevada_las-vegas_fitzgeralds_casino_hotel,fitzgeralds casino hotel,http://www.tripadvisor.com/ShowUserReviews-g45963-d91679-r50231222-Fitzgeralds_Casino_Hotel-Las_Vegas_Nevada.html,-1,las vegas,nv,usa,89101,-1,-1,328,3.3624161073825505,3.1006711409395975,3.557046979865772,3.946308724832215,3.61744966442953,0.0,3.5167785234899327,
usa_nevada_las-vegas_best_western_mccarran_inn,best western mccarran inn,http://www.tripadvisor.com/ShowUserReviews-g45963-d76082-r49074886-Best_Western_McCarran_Inn-Las_Vegas_Nevada.html,-1,las vegas,nv,usa,89119-1206,-1,-1,60,3.8947368421052633,3.5,3.5789473684210527,3.6842105263157894,3.6315789473684212,0.0,3.6578947368421053,
usa_nevada_las-vegas_best_western_mardi_gras_hotel_casino,best western mardi gras hotel casino,http://www.tripadvisor.com/ShowUserReviews-g45963-d76091-r49285841-Best_Western_Mardi_Gras_Hotel_Casino-Las_Vegas_Nevada.html,-1,las vegas,nv,usa,89109-3611,-1,-1,186,3.375,3.2604166666666665,3.2291666666666665,3.1458333333333335,3.3125,0.0,3.264583333333333,
usa_nevada_las-vegas_comfort_inn_suites_las_vegas,comfort inn suites las vegas,http://www.tripadvisor.com/ShowUserReviews-g45963-d639479-r42020353-Comfort_Inn_Suites_Las_Vegas-Las_Vegas_Nevada.html,-1,las vegas,nv,usa,89115,-1,-1,7,4.571428571428571,4.857142857142857,4.857142857142857,3.7142857142857144,4.428571428571429,0.0,4.485714285714286,
usa_nevada_las-vegas_rodeway_inn,rodeway inn,http://www.tripadvisor.com/ShowUserReviews-g45963-d91923-r41699325-Rodeway_Inn-Las_Vegas_Nevada.html,-1,las vegas,nv,usa,89109,-1,-1,15,4.0,3.5714285714285716,3.7142857142857144,4.142857142857143,4.0,0.0,3.885714285714286,
usa_nevada_las-vegas_circus_circus_hotel_casino_las_vegas,circus circus hotel casino las vegas,http://www.tripadvisor.com/ShowUserReviews-g45963-d91770-r50256125-Circus_Circus_Hotel_Casino_Las_Vegas-Las_Vegas_Nevada.html,-1,las vegas,nv,usa,89109,-1,-1,342,3.166112956810631,3.0498338870431896,2.9601328903654487,2.877076411960133,3.568106312292359,0.0,3.124252491694352,
usa_nevada_las-vegas_arizona_charlie_s_boulder_casino_hotel,arizona charlie s boulder casino hotel,http://www.tripadvisor.com/ShowUserReviews-g45963-d91696-r48949076-Arizona_Charlie_s_Boulder_Casino_Hotel-Las_Vegas_Nevada.html,-1,las vegas,nv,usa,89121,-1,-1,49,3.1785714285714284,3.3214285714285716,3.3214285714285716,3.0,3.642857142857143,0.0,3.292857142857143,
usa_nevada_las-vegas_boulder_station_hotel_and_casino,boulder station hotel and casino,http://www.tripadvisor.com/ShowUserReviews-g45963-d91735-r48217547-Boulder_Station_Hotel_and_Casino-Las_Vegas_Nevada.html,-1,las vegas,nv,usa,89121,-1,-1,62,3.230769230769231,3.1538461538461537,3.423076923076923,3.3461538461538463,3.6153846153846154,0.0,3.353846153846154,
usa_nevada_las-vegas_motel_6_las_vegas_tropicana,motel 6 las vegas tropicana,http://www.tripadvisor.com/ShowUserReviews-g45963-d114906-r48531293-Motel_6_Las_Vegas_Tropicana-Las_Vegas_Nevada.html,-1,las vegas,nv,usa,89109,-1,-1,81,3.1951219512195124,2.902439024390244,3.073170731707317,3.707317073170732,3.5609756097560976,0.0,3.2878048780487803,
usa_nevada_las-vegas_crestwood_suites_las_vegas_flamingo,crestwood suites las vegas flamingo,http://www.tripadvisor.com/ShowUserReviews-g45963-d265212-r40277825-Crestwood_Suites_Las_Vegas_Flamingo-Las_Vegas_Nevada.html,-1,las vegas,nv,usa,89121,-1,-1,17,3.0,3.0,3.0,3.7,3.8,0.0,3.3,
usa_nevada_las-vegas_travelsuites_inn,travelsuites inn,http://www.tripadvisor.com/ShowUserReviews-g45963-d224852-r14888947-Travelsuites_Inn-Las_Vegas_Nevada.html,-1,las vegas,nv,usa,89109,-1,-1,19,1.6,1.6,1.8,3.6,2.0,0.0,2.12,
usa_nevada_las-vegas_gold_spike_hotel_and_casino,gold spike hotel and casino,http://www.tripadvisor.com/ShowUserReviews-g45963-d114905-r48990189-Gold_Spike_Hotel_and_Casino-Las_Vegas_Nevada.html,-1,las vegas,nv,usa,89109,-1,-1,114,3.1153846153846154,2.923076923076923,3.3461538461538463,3.5384615384615383,4.0,0.0,3.3846153846153846,
usa_nevada_las-vegas_siena_suites,siena suites,http://www.tripadvisor.com/ShowUserReviews-g45963-d508086-r50305754-Siena_Suites-Las_Vegas_Nevada.html,-1,las vegas,nv,usa,89122,-1,-1,36,3.6818181818181817,3.5454545454545454,3.3181818181818183,3.272727272727273,3.772727272727273,0.0,3.5181818181818185,
usa_nevada_las-vegas_texas_station_gambling_hall_and_hotel,texas station gambling hall and hotel,http://www.tripadvisor.com/ShowUserReviews-g45963-d91948-r50450381-Texas_Station_Gambling_Hall_and_Hotel-Las_Vegas_Nevada.html,-1,las vegas,nv,usa,89030,-1,-1,43,3.5185185185185186,3.3333333333333335,3.074074074074074,2.6666666666666665,3.3703703703703702,0.0,3.1925925925925926,
usa_nevada_las-vegas_alexis_park_resort,alexis park resort,http://www.tripadvisor.com/ShowUserReviews-g45963-d91689-r50519490-Alexis_Park_Resort-Las_Vegas_Nevada.html,-1,las vegas,nv,usa,89109,-1,-1,214,3.3666666666666667,3.1444444444444444,3.111111111111111,2.888888888888889,3.1555555555555554,0.0,3.1333333333333337,
usa_nevada_las-vegas_tod_motor_motel,tod motor motel,http://www.tripadvisor.com/ShowUserReviews-g45963-d289151-r45932677-Tod_Motor_Motel-Las_Vegas_Nevada.html,-1,las vegas,nv,usa,89104,-1,-1,16,3.5384615384615383,3.3076923076923075,4.153846153846154,3.6153846153846154,4.0,0.0,3.7230769230769227,
usa_nevada_las-vegas_las_vegas_club_casino_hotel,las vegas club casino hotel,http://www.tripadvisor.com/ShowUserReviews-g45963-d91876-r50459802-Las_Vegas_Club_Casino_Hotel-Las_Vegas_Nevada.html,-1,las vegas,nv,usa,89101,-1,-1,175,2.948717948717949,2.7948717948717947,3.3333333333333335,3.8333333333333335,3.448717948717949,0.0,3.2717948717948717,
usa_nevada_las-vegas_streamline_tower,streamline tower,http://www.tripadvisor.com/ShowUserReviews-g45963-d1146295-r21172683-Streamline_Tower-Las_Vegas_Nevada.html,-1,las vegas,nv,usa,89101,-1,-1,1,5.0,5.0,5.0,5.0,5.0,0.0,5.0,
usa_nevada_las-vegas_hampton_inn_suites_las_vegas_airport,hampton inn suites las vegas airport,http://www.tripadvisor.com/ShowUserReviews-g45963-d1116376-r37943066-Hampton_Inn_Suites_Las_Vegas_Airport-Las_Vegas_Nevada.html,-1,las vegas,nv,usa,89119,-1,-1,3,5.0,5.0,3.6666666666666665,3.6666666666666665,4.333333333333333,0.0,4.333333333333334,
usa_nevada_las-vegas_super_8_las_vegas,super 8 las vegas,http://www.tripadvisor.com/ShowUserReviews-g45963-d111731-r50161473-Super_8_Las_Vegas-Las_Vegas_Nevada.html,-1,las vegas,nv,usa,89109,-1,-1,57,3.5833333333333335,3.1666666666666665,3.3055555555555554,3.888888888888889,3.9166666666666665,0.0,3.572222222222222,
usa_nevada_las-vegas_best_western_main_street_inn,best western main street inn,http://www.tripadvisor.com/ShowUserReviews-g45963-d76101-r36440453-Best_Western_Main_Street_Inn-Las_Vegas_Nevada.html,-1,las vegas,nv,usa,89101-1011,-1,-1,17,4.2,3.8,4.0,3.1,4.0,0.0,3.8200000000000003,
usa_nevada_las-vegas_sahara_hotel_casino,sahara hotel casino,http://www.tripadvisor.com/ShowUserReviews-g45963-d97733-r50515593-Sahara_Hotel_Casino-Las_Vegas_Nevada.html,-1,las vegas,nv,usa,89109,-1,-1,350,2.7475083056478407,2.5448504983388704,2.9368770764119603,2.893687707641196,3.1627906976744184,0.0,2.8571428571428577,
usa_nevada_las-vegas_arizona_charlie_s_decatur,arizona charlie s decatur,http://www.tripadvisor.com/ShowUserReviews-g45963-d91695-r48955740-Arizona_Charlie_s_Decatur-Las_Vegas_Nevada.html,-1,las vegas,nv,usa,89107,-1,-1,35,3.125,2.75,3.125,2.4375,3.0625,0.0,2.9,
usa_nevada_las-vegas_homestead_studio_suites_las_vegas_midtown,homestead studio suites las vegas midtown,http://www.tripadvisor.com/ShowUserReviews-g45963-d121308-r45524096-Homestead_Studio_Suites_Las_Vegas_Midtown-Las_Vegas_Nevada.html,-1,las vegas,nv,usa,89109,-1,-1,13,2.8333333333333335,3.1666666666666665,2.6666666666666665,3.6666666666666665,3.0,0.0,3.0666666666666664,
usa_nevada_las-vegas_siegel_suites,siegel suites,http://www.tripadvisor.com/ShowUserReviews-g45963-d1547073-r45231853-Siegel_Suites-Las_Vegas_Nevada.html,-1,las vegas,nv,usa,-1,-1,-1,1,4.0,4.0,4.0,5.0,4.0,0.0,4.2,
usa_nevada_las-vegas_tropicana_resort_and_casino,tropicana resort and casino,http://www.tripadvisor.com/ShowUserReviews-g45963-d97730-r50308031-Tropicana_Resort_and_Casino-Las_Vegas_Nevada.html,-1,las vegas,nv,usa,89109,-1,-1,363,2.664451827242525,2.528239202657807,3.0664451827242525,3.9269102990033224,3.0730897009966776,0.0,3.0518272425249173,
usa_nevada_las-vegas_boardwalk_hotel_and_casino,boardwalk hotel and casino,http://www.tripadvisor.com/ShowUserReviews-g45963-d1203674-r32646369-Boardwalk_Hotel_and_Casino-Las_Vegas_Nevada.html,-1,las vegas,nv,usa,89109,-1,-1,-1,0.0,0.0,0.0,0.0,0.0,0.0,-1.0,
usa_nevada_las-vegas_regency_motel,regency motel,http://www.tripadvisor.com/ShowUserReviews-g45963-d603860-r13718802-Regency_Motel-Las_Vegas_Nevada.html,-1,las vegas,nv,usa,89101,-1,-1,2,4.5,4.0,4.0,3.5,4.0,0.0,4.0,
usa_nevada_las-vegas_courtyard_by_marriott_las_vegas_summerlin,courtyard by marriott las vegas summerlin,http://www.tripadvisor.com/ShowUserReviews-g45963-d91785-r17271611-Courtyard_by_Marriott_Las_Vegas_Summerlin-Las_Vegas_Nevada.html,-1,las vegas,nv,usa,89108,-1,-1,11,3.75,3.75,3.75,3.5,3.75,0.0,3.7,
usa_nevada_las-vegas_lady_luck_casino_hotel,lady luck casino hotel,http://www.tripadvisor.com/ShowUserReviews-g45963-d672513-r3910360-Lady_Luck_Casino_Hotel-Las_Vegas_Nevada.html,-1,las vegas,nv,usa,89101,-1,-1,1,3.0,3.0,3.0,3.0,3.0,0.0,3.0,
usa_nevada_las-vegas_best_western_parkview_inn,best western parkview inn,http://www.tripadvisor.com/ShowUserReviews-g45963-d91728-r10048968-Best_Western_Parkview_Inn-Las_Vegas_Nevada.html,-1,las vegas,nv,usa,89101,-1,-1,6,4.0,3.6,4.2,2.8,4.0,0.0,3.7199999999999998,
usa_nevada_las-vegas_jerry_s_nugget,jerry s nugget,http://www.tripadvisor.com/ShowUserReviews-g45963-d121327-r23328262-Jerry_s_Nugget-Las_Vegas_Nevada.html,-1,las vegas,nv,usa,89119,-1,-1,6,0.0,0.0,0.0,0.0,0.0,0.0,-1.0,
usa_nevada_las-vegas_somerset_house_motel,somerset house motel,http://www.tripadvisor.com/ShowUserReviews-g45963-d91936-r47783017-Somerset_House_Motel-Las_Vegas_Nevada.html,-1,las vegas,nv,usa,89109,-1,-1,40,3.9,3.5,3.9,4.5,4.0,0.0,3.96,
usa_nevada_las-vegas_plaza_hotel_casino,plaza hotel casino,http://www.tripadvisor.com/ShowUserReviews-g45963-d97815-r50511766-Plaza_Hotel_Casino-Las_Vegas_Nevada.html,-1,las vegas,nv,usa,89101,-1,-1,365,2.6464088397790055,2.386740331491713,2.7845303867403315,3.7403314917127073,3.0110497237569063,0.0,2.9138121546961324,
usa_nevada_las-vegas_highland_inn_motel,highland inn motel,http://www.tripadvisor.com/ShowUserReviews-g45963-d1016379-r14603751-Highland_Inn_Motel-Las_Vegas_Nevada.html,-1,las vegas,nv,usa,nv 89139,-1,-1,1,3.0,3.0,3.0,4.0,4.0,0.0,3.4,
usa_nevada_las-vegas_holiday_inn_express_the_lakes_las_vegas,holiday inn express the lakes las vegas,http://www.tripadvisor.com/ShowUserReviews-g45963-d91853-r34378350-Holiday_Inn_Express_The_Lakes_Las_Vegas-Las_Vegas_Nevada.html,-1,las vegas,nv,usa,89117,-1,-1,6,4.0,3.3333333333333335,4.0,3.6666666666666665,3.3333333333333335,0.0,3.666666666666667,
usa_nevada_las-vegas_econo_lodge,econo lodge,http://www.tripadvisor.com/ShowUserReviews-g45963-d91803-r43905523-Econo_Lodge-Las_Vegas_Nevada.html,-1,las vegas,nv,usa,89104-1312,-1,-1,18,2.6666666666666665,2.4166666666666665,3.0833333333333335,2.0,2.9166666666666665,0.0,2.6166666666666663,
usa_nevada_las-vegas_americas_best_value_inn_las_vegas,americas best value inn las vegas,http://www.tripadvisor.com/ShowUserReviews-g45963-d97693-r50292929-Americas_Best_Value_Inn_Las_Vegas-Las_Vegas_Nevada.html,-1,las vegas,nv,usa,89109,-1,-1,80,2.4054054054054053,2.2432432432432434,2.5405405405405403,3.6486486486486487,2.810810810810811,0.0,2.72972972972973,
usa_nevada_las-vegas_la_quinta_inn_and_suites_tropicana,la quinta inn and suites tropicana,http://www.tripadvisor.com/ShowUserReviews-g45963-d91708-r42884603-La_Quinta_Inn_and_Suites_Tropicana-Las_Vegas_Nevada.html,-1,las vegas,nv,usa,89118,-1,-1,16,3.727272727272727,3.1818181818181817,3.272727272727273,3.3636363636363638,3.3636363636363638,0.0,3.381818181818182,
usa_nevada_las-vegas_fun_city_motel,fun city motel,http://www.tripadvisor.com/ShowUserReviews-g45963-d91822-r20617385-Fun_City_Motel-Las_Vegas_Nevada.html,-1,las vegas,nv,usa,89104,-1,-1,1,3.0,3.0,3.0,4.0,5.0,0.0,3.6,
usa_nevada_las-vegas_holiday_motel,holiday motel,http://www.tripadvisor.com/ShowUserReviews-g45963-d503600-r7702567-Holiday_Motel-Las_Vegas_Nevada.html,-1,las vegas,nv,usa,89104,-1,-1,4,4.0,3.0,4.0,2.0,4.0,0.0,3.4,
usa_nevada_las-vegas_western_hotel_casino,western hotel casino,http://www.tripadvisor.com/ShowUserReviews-g45963-d91684-r42941607-Western_Hotel_Casino-Las_Vegas_Nevada.html,-1,las vegas,nv,usa,89101,-1,-1,19,3.0,3.0,3.0,3.0,3.0,0.0,3.0,
usa_nevada_las-vegas_primm_valley_resort_hotel_las_vegas,primm valley resort hotel las vegas,http://www.tripadvisor.com/ShowUserReviews-g45963-d1212779-r45680988-Primm_Valley_Resort_Hotel_Las_Vegas-Las_Vegas_Nevada.html,-1,las vegas,nv,usa,-1,-1,-1,5,4.25,3.5,3.75,3.75,3.5,0.0,3.75,
usa_nevada_las-vegas_las_vegas_mini_castle,las vegas mini castle,http://www.tripadvisor.com/ShowUserReviews-g45963-d672517-r10052230-Las_Vegas_Mini_Castle-Las_Vegas_Nevada.html,-1,las vegas,nv,usa,89123,-1,-1,1,5.0,5.0,5.0,5.0,5.0,0.0,5.0,
usa_nevada_las-vegas_greek_isles_hotel_casino,greek isles hotel casino,http://www.tripadvisor.com/ShowUserReviews-g45963-d91799-r50114475-Greek_Isles_Hotel_Casino-Las_Vegas_Nevada.html,-1,las vegas,nv,usa,89109,-1,-1,32,2.923076923076923,2.923076923076923,2.6923076923076925,2.923076923076923,3.1538461538461537,0.0,2.9230769230769234,
usa_nevada_las-vegas_ogden_house_motel,ogden house motel,http://www.tripadvisor.com/ShowUserReviews-g45963-d289138-r10553386-Ogden_House_Motel-Las_Vegas_Nevada.html,-1,las vegas,nv,usa,89101,-1,-1,10,3.5,3.5,3.5,3.5,4.5,0.0,3.7,
usa_nevada_las-vegas_koala_motel_apartments,koala motel apartments,http://www.tripadvisor.com/ShowUserReviews-g45963-d91805-r1509846-Koala_Motel_Apartments-Las_Vegas_Nevada.html,-1,las vegas,nv,usa,89101,-1,-1,-1,0.0,0.0,0.0,0.0,0.0,0.0,-1.0,
usa_nevada_las-vegas_whiskey_pete_s_casino_and_hotel,whiskey pete s casino and hotel,http://www.tripadvisor.com/ShowUserReviews-g45963-d114880-r50267215-Whiskey_Pete_s_Casino_and_Hotel-Las_Vegas_Nevada.html,-1,las vegas,nv,usa,89019,-1,-1,107,3.0847457627118646,2.9661016949152543,2.983050847457627,3.0847457627118646,3.4745762711864407,0.0,3.1186440677966103,
usa_nevada_las-vegas_extended_stay_deluxe_las_vegas_east_flamingo,extended stay deluxe las vegas east flamingo,http://www.tripadvisor.com/ShowUserReviews-g45963-d91860-r27476509-Extended_Stay_Deluxe_Las_Vegas_East_Flamingo-Las_Vegas_Nevada.html,-1,las vegas,nv,usa,89119,-1,-1,13,2.875,2.625,3.25,3.25,3.25,0.0,3.05,
usa_nevada_las-vegas_tropicana_inn,tropicana inn,http://www.tripadvisor.com/ShowUserReviews-g45963-d91968-r50238520-Tropicana_Inn-Las_Vegas_Nevada.html,-1,las vegas,nv,usa,89119,-1,-1,70,2.96875,2.71875,3.03125,3.875,2.875,0.0,3.09375,
usa_nevada_las-vegas_bonanza_lodge,bonanza lodge,http://www.tripadvisor.com/ShowUserReviews-g45963-d91733-r855962-Bonanza_Lodge-Las_Vegas_Nevada.html,-1,las vegas,nv,usa,89101,-1,-1,-1,0.0,0.0,0.0,0.0,0.0,0.0,-1.0,
usa_nevada_las-vegas_jet_luxury_resorts_palms_place,jet luxury resorts palms place,http://www.tripadvisor.com/ShowUserReviews-g45963-d1234439-r46259679-Jet_Luxury_Resorts_Palms_Place-Las_Vegas_Nevada.html,-1,las vegas,nv,usa,89103,-1,-1,1,3.0,5.0,3.0,2.0,4.0,0.0,3.4,
usa_nevada_las-vegas_the_suites_boulder_strip,the suites boulder strip,http://www.tripadvisor.com/ShowUserReviews-g45963-d91745-r42283543-The_Suites_Boulder_Strip-Las_Vegas_Nevada.html,-1,las vegas,nv,usa,89119,-1,-1,2,3.0,3.0,3.0,4.0,3.0,0.0,3.2,
usa_nevada_las-vegas_siegel_slots_and_suites,siegel slots and suites,http://www.tripadvisor.com/ShowUserReviews-g45963-d91702-r49983184-Siegel_Slots_and_Suites-Las_Vegas_Nevada.html,-1,las vegas,nv,usa,89115,-1,-1,7,3.25,3.0,3.25,3.25,4.25,0.0,3.4,
usa_nevada_las-vegas_friendship_inn_king_albert,friendship inn king albert,http://www.tripadvisor.com/ShowUserReviews-g45963-d91819-r1510201-Friendship_Inn_King_Albert-Las_Vegas_Nevada.html,-1,las vegas,nv,usa,89109,-1,-1,-1,0.0,0.0,0.0,0.0,0.0,0.0,-1.0,
usa_nevada_las-vegas_stardust_resort_casino,stardust resort casino,http://www.tripadvisor.com/ShowUserReviews-g45963-d1204933-r28196285-Stardust_Resort_Casino-Las_Vegas_Nevada.html,-1,las vegas,nv,usa,-1,-1,-1,1,3.0,3.0,3.0,3.0,3.0,0.0,3.0,
usa_nevada_las-vegas_viva_las_vegas_villas,viva las vegas villas,http://www.tripadvisor.com/ShowUserReviews-g45963-d268481-r4123848-Viva_Las_Vegas_Villas-Las_Vegas_Nevada.html,-1,las vegas,nv,usa,89104,-1,-1,5,0.0,0.0,0.0,0.0,0.0,0.0,-1.0,
usa_nevada_las-vegas_the_stay_in_summerlin,the stay in summerlin,http://www.tripadvisor.com/ShowUserReviews-g45963-d505800-r3460454-The_Stay_in_Summerlin-Las_Vegas_Nevada.html,-1,las vegas,nv,usa,89135,-1,-1,-1,0.0,0.0,0.0,0.0,0.0,0.0,-1.0,
usa_nevada_las-vegas_wild_wild_west_gambling_hall_and_hotel,wild wild west gambling hall and hotel,http://www.tripadvisor.com/ShowUserReviews-g45963-d91981-r50003800-Wild_Wild_West_Gambling_Hall_and_Hotel-Las_Vegas_Nevada.html,-1,las vegas,nv,usa,89103,-1,-1,90,2.688888888888889,2.4,2.2888888888888888,2.8666666666666667,2.6222222222222222,0.0,2.5733333333333333,
usa_nevada_las-vegas_super_suites,super suites,http://www.tripadvisor.com/ShowUserReviews-g45963-d121317-r1662037-Super_Suites-Las_Vegas_Nevada.html,-1,las vegas,nv,usa,89121,-1,-1,-1,0.0,0.0,0.0,0.0,0.0,0.0,-1.0,
usa_nevada_las-vegas_malibu_bay_suites,malibu bay suites,http://www.tripadvisor.com/ShowUserReviews-g45963-d253129-r1443289-Malibu_Bay_Suites-Las_Vegas_Nevada.html,-1,las vegas,nv,usa,89123,-1,-1,4,0.0,0.0,0.0,0.0,0.0,0.0,-1.0,
usa_nevada_las-vegas_aztec_inn,aztec inn,http://www.tripadvisor.com/ShowUserReviews-g45963-d91698-r3293990-Aztec_Inn-Las_Vegas_Nevada.html,-1,las vegas,nv,usa,89104,-1,-1,6,0.0,0.0,0.0,0.0,0.0,0.0,-1.0,
usa_nevada_las-vegas_bel_aire_west,bel aire west,http://www.tripadvisor.com/ShowUserReviews-g45963-d277718-r1530369-Bel_Aire_West-Las_Vegas_Nevada.html,-1,las vegas,nv,usa,89147,-1,-1,5,0.0,0.0,0.0,0.0,0.0,0.0,-1.0,
usa_nevada_las-vegas_quality_inn_key_largo_casino,quality inn key largo casino,http://www.tripadvisor.com/ShowUserReviews-g45963-d570083-r21586643-Quality_Inn_Key_Largo_Casino-Las_Vegas_Nevada.html,-1,las vegas,nv,usa,89109,-1,-1,2,3.5,3.5,4.0,3.5,4.0,0.0,3.7,
usa_nevada_las-vegas_nevada_hotel_casino,nevada hotel casino,http://www.tripadvisor.com/ShowUserReviews-g45963-d654305-r8592331-Nevada_Hotel_Casino-Las_Vegas_Nevada.html,-1,las vegas,nv,usa,89101,-1,-1,1,1.0,1.0,1.0,1.0,1.0,0.0,1.0,
usa_nevada_las-vegas_town_and_country_manor_iii,town and country manor iii,http://www.tripadvisor.com/ShowUserReviews-g45963-d121302-r38626366-Town_and_Country_Manor_III-Las_Vegas_Nevada.html,-1,las vegas,nv,usa,89122,-1,-1,4,3.3333333333333335,3.0,3.0,3.6666666666666665,3.3333333333333335,0.0,3.2666666666666666,
usa_nevada_las-vegas_fiesta_hotel_and_casino,fiesta hotel and casino,http://www.tripadvisor.com/ShowUserReviews-g45963-d121329-r34900247-Fiesta_Hotel_and_Casino-Las_Vegas_Nevada.html,-1,las vegas,nv,usa,89130,-1,-1,18,2.3636363636363638,2.1818181818181817,2.3636363636363638,1.7272727272727273,2.6363636363636362,0.0,2.2545454545454544,
usa_nevada_las-vegas_best_western_nellis_motor_inn,best western nellis motor inn,http://www.tripadvisor.com/ShowUserReviews-g45963-d76073-r20729046-Best_Western_Nellis_Motor_Inn-Las_Vegas_Nevada.html,-1,las vegas,nv,usa,89115,-1,-1,10,2.857142857142857,2.5714285714285716,3.0,2.5714285714285716,2.7142857142857144,0.0,2.742857142857143,
usa_nevada_las-vegas_americas_best_value_inn,americas best value inn,http://www.tripadvisor.com/ShowUserReviews-g45963-d97750-r45932544-Americas_Best_Value_Inn-Las_Vegas_Nevada.html,-1,las vegas,nv,usa,89115,-1,-1,5,3.0,2.6,2.8,4.4,3.4,0.0,3.2399999999999998,
usa_nevada_las-vegas_downtowner_motel,downtowner motel,http://www.tripadvisor.com/ShowUserReviews-g45963-d121309-r18578903-Downtowner_Motel-Las_Vegas_Nevada.html,-1,las vegas,nv,usa,89101,-1,-1,10,4.0,4.0,4.0,3.0,2.0,0.0,3.4,
usa_nevada_las-vegas_howard_johnson_las_vegas_strip,howard johnson las vegas strip,http://www.tripadvisor.com/ShowUserReviews-g45963-d91962-r50126045-Howard_Johnson_Las_Vegas_Strip-Las_Vegas_Nevada.html,-1,las vegas,nv,usa,89104,-1,-1,32,2.590909090909091,2.1818181818181817,2.590909090909091,2.409090909090909,2.4545454545454546,0.0,2.4454545454545453,
usa_nevada_las-vegas_blair_house_suites,blair house suites,http://www.tripadvisor.com/ShowUserReviews-g45963-d91730-r46822565-Blair_House_Suites-Las_Vegas_Nevada.html,-1,las vegas,nv,usa,89109,-1,-1,36,2.6875,2.5,2.875,3.4375,3.0625,0.0,2.9125,
usa_nevada_las-vegas_super_8_las_vegas_nellis_afb,super 8 las vegas nellis afb,http://www.tripadvisor.com/ShowUserReviews-g45963-d91946-r17091906-Super_8_Las_Vegas_Nellis_AFB-Las_Vegas_Nevada.html,-1,las vegas,nv,usa,89115,-1,-1,8,4.0,2.75,3.25,2.75,3.0,0.0,3.15,
usa_nevada_las-vegas_las_vegas_south_strip_travelodge,las vegas south strip travelodge,http://www.tripadvisor.com/ShowUserReviews-g45963-d91965-r48973246-Las_Vegas_South_Strip_Travelodge-Las_Vegas_Nevada.html,-1,las vegas,nv,usa,89109,-1,-1,44,3.176470588235294,2.588235294117647,3.3529411764705883,4.235294117647059,3.0588235294117645,0.0,3.2823529411764705,
usa_nevada_las-vegas_aruba_hotel,aruba hotel,http://www.tripadvisor.com/ShowUserReviews-g45963-d91950-r48837145-Aruba_Hotel-Las_Vegas_Nevada.html,-1,las vegas,nv,usa,89104,-1,-1,34,2.5384615384615383,2.5384615384615383,3.1538461538461537,2.3846153846153846,3.0,0.0,2.723076923076923,
usa_nevada_las-vegas_atrium_suites_hotel_las_vegas,atrium suites hotel las vegas,http://www.tripadvisor.com/ShowUserReviews-g45963-d91915-r18628809-Atrium_Suites_Hotel_Las_Vegas-Las_Vegas_Nevada.html,-1,las vegas,nv,usa,89119,-1,-1,38,3.5,2.875,3.625,3.0,3.0,0.0,3.2,
usa_nevada_las-vegas_budget_suites_of_america_stardust_road,budget suites of america stardust road,http://www.tripadvisor.com/ShowUserReviews-g45963-d91754-r4389834-Budget_Suites_of_America_Stardust_Road-Las_Vegas_Nevada.html,-1,las vegas,nv,usa,89109,-1,-1,4,0.0,0.0,0.0,0.0,0.0,0.0,-1.0,
usa_nevada_las-vegas_budget_suites_of_america_wynn,budget suites of america wynn,http://www.tripadvisor.com/ShowUserReviews-g45963-d91761-r29044439-Budget_Suites_of_America_Wynn-Las_Vegas_Nevada.html,-1,las vegas,nv,usa,89103,-1,-1,9,2.3333333333333335,2.3333333333333335,2.6666666666666665,2.6666666666666665,2.3333333333333335,0.0,2.466666666666667,
usa_nevada_las-vegas_golden_palm_hotel,golden palm hotel,http://www.tripadvisor.com/ShowUserReviews-g45963-d654272-r30358512-Golden_Palm_Hotel-Las_Vegas_Nevada.html,-1,las vegas,nv,usa,89103,-1,-1,5,1.5,1.0,2.0,2.0,2.0,0.0,1.7,
usa_nevada_las-vegas_the_new_frontier_hotel_and_casino,the new frontier hotel and casino,http://www.tripadvisor.com/ShowUserReviews-g45963-d1161677-r36225629-The_New_Frontier_Hotel_And_Casino-Las_Vegas_Nevada.html,-1,las vegas,nv,usa,89109,-1,-1,2,1.5,1.0,1.0,2.0,1.0,0.0,1.3,
usa_nevada_las-vegas_fairfield_inn_suites_las_vegas_south,fairfield inn suites las vegas south,http://www.tripadvisor.com/ShowUserReviews-g45963-d294797-r47728811-Fairfield_Inn_Suites_Las_Vegas_South-Las_Vegas_Nevada.html,-1,las vegas,nv,usa,89118,-1,-1,12,4.8,3.6,4.4,3.6,3.4,0.0,3.96,
usa_nevada_las-vegas_a_fishers_inn,a fishers inn,http://www.tripadvisor.com/ShowUserReviews-g45963-d91686-r12271535-A_Fishers_Inn-Las_Vegas_Nevada.html,-1,las vegas,nv,usa,89121,-1,-1,2,0.0,0.0,0.0,0.0,0.0,0.0,-1.0,
usa_nevada_las-vegas_budget_suites_of_america_tropicana_i_15,budget suites of america tropicana i 15,http://www.tripadvisor.com/ShowUserReviews-g45963-d91757-r15459879-Budget_Suites_of_America_Tropicana_I_15-Las_Vegas_Nevada.html,-1,las vegas,nv,usa,89103,-1,-1,4,0.0,0.0,0.0,0.0,0.0,0.0,-1.0,
usa_nevada_las-vegas_happi_inn,happi inn,http://www.tripadvisor.com/ShowUserReviews-g45963-d1025270-r14567708-Happi_Inn-Las_Vegas_Nevada.html,-1,las vegas,nv,usa,89119,-1,-1,-1,0.0,0.0,0.0,0.0,0.0,0.0,-1.0,
usa_nevada_las-vegas_santa_fe_station_hotel,santa fe station hotel,http://www.tripadvisor.com/ShowUserReviews-g45963-d91930-r39869930-Santa_Fe_Station_Hotel-Las_Vegas_Nevada.html,-1,las vegas,nv,usa,89130,-1,-1,22,2.727272727272727,2.1818181818181817,2.272727272727273,2.272727272727273,2.4545454545454546,0.0,2.381818181818182,
usa_nevada_las-vegas_oasis_motel,oasis motel,http://www.tripadvisor.com/ShowUserReviews-g45963-d289159-r39176931-Oasis_Motel-Las_Vegas_Nevada.html,-1,las vegas,nv,usa,89104,-1,-1,1,1.0,1.0,1.0,2.0,1.0,0.0,1.2,
usa_nevada_las-vegas_super_8_las_vegas_boulder_highway,super 8 las vegas boulder highway,http://www.tripadvisor.com/ShowUserReviews-g45963-d91947-r34238284-Super_8_Las_Vegas_Boulder_Highway-Las_Vegas_Nevada.html,-1,las vegas,nv,usa,89122,-1,-1,11,2.3333333333333335,2.5,3.3333333333333335,3.0,2.6666666666666665,0.0,2.7666666666666666,
usa_nevada_las-vegas_super_8_motel_las_vegas_downtown,super 8 motel las vegas downtown,http://www.tripadvisor.com/ShowUserReviews-g45963-d91772-r20852089-Super_8_Motel_Las_Vegas_Downtown-Las_Vegas_Nevada.html,-1,las vegas,nv,usa,89101,-1,-1,10,2.5,2.75,2.5,3.25,2.5,0.0,2.7,
usa_nevada_las-vegas_extended_stayamerica_las_vegas_valley_view,extended stayamerica las vegas valley view,http://www.tripadvisor.com/ShowUserReviews-g45963-d91813-r22775730-Extended_StayAmerica_Las_Vegas_Valley_View-Las_Vegas_Nevada.html,-1,las vegas,nv,usa,89103,-1,-1,15,2.857142857142857,2.2857142857142856,3.0,3.2857142857142856,2.2857142857142856,0.0,2.742857142857143,
usa_nevada_las-vegas_the_resort_on_mount_charleston,the resort on mount charleston,http://www.tripadvisor.com/ShowUserReviews-g45963-d557993-r49438286-The_Resort_on_Mount_Charleston-Las_Vegas_Nevada.html,-1,las vegas,nv,usa,89124,-1,-1,46,2.230769230769231,2.1538461538461537,2.5384615384615383,3.6923076923076925,2.769230769230769,0.0,2.6769230769230767,
usa_nevada_las-vegas_knights_inn_las_vegas,knights inn las vegas,http://www.tripadvisor.com/ShowUserReviews-g45963-d601417-r32196918-Knights_Inn_Las_Vegas-Las_Vegas_Nevada.html,-1,las vegas,nv,usa,89119,-1,-1,31,2.0,1.631578947368421,1.5789473684210527,2.3684210526315788,1.6842105263157894,0.0,1.8526315789473684,
usa_nevada_las-vegas_budget_suites_of_america_las_vegas,budget suites of america las vegas,http://www.tripadvisor.com/ShowUserReviews-g45963-d678320-r21655035-Budget_Suites_of_America_Las_Vegas-Las_Vegas_Nevada.html,-1,las vegas,nv,usa,89123-1607,-1,-1,2,2.0,2.0,1.0,3.0,2.0,0.0,2.0,
usa_nevada_las-vegas_budget_suites_of_america_north_rancho_drive,budget suites of america north rancho drive,http://www.tripadvisor.com/ShowUserReviews-g45963-d91750-r19962943-Budget_Suites_of_America_North_Rancho_Drive-Las_Vegas_Nevada.html,-1,las vegas,nv,usa,89130,-1,-1,2,1.5,1.0,1.0,2.0,1.0,0.0,1.3,
usa_nevada_las-vegas_emerald_suites_tropicana,emerald suites tropicana,http://www.tripadvisor.com/ShowUserReviews-g45963-d275326-r46595501-Emerald_Suites_Tropicana-Las_Vegas_Nevada.html,-1,las vegas,nv,usa,89118,-1,-1,41,2.9285714285714284,2.857142857142857,2.7142857142857144,2.642857142857143,2.9285714285714284,0.0,2.814285714285714,
usa_nevada_las-vegas_circus_circus_manor_motor_lodge,circus circus manor motor lodge,http://www.tripadvisor.com/ShowUserReviews-g45963-d310164-r46279561-Circus_Circus_Manor_Motor_Lodge-Las_Vegas_Nevada.html,-1,las vegas,nv,usa,89109,-1,-1,48,2.8076923076923075,2.269230769230769,2.423076923076923,2.423076923076923,2.6538461538461537,0.0,2.5153846153846153,
usa_nevada_las-vegas_aae_todds_hotel,aae todds hotel,http://www.tripadvisor.com/ShowUserReviews-g45963-d1186259-r39429366-AAE_Todds_Hotel-Las_Vegas_Nevada.html,-1,las vegas,nv,usa,89104,-1,-1,1,1.0,1.0,1.0,2.0,2.0,0.0,1.4,
usa_nevada_las-vegas_branding_iron_motel,branding iron motel,http://www.tripadvisor.com/ShowUserReviews-g45963-d91741-r30313079-Branding_Iron_Motel-Las_Vegas_Nevada.html,-1,las vegas,nv,usa,89030,-1,-1,1,1.0,1.0,1.0,2.0,1.0,0.0,1.2,
usa_nevada_las-vegas_sahara_westwood_hotel,sahara westwood hotel,http://www.tripadvisor.com/ShowUserReviews-g45963-d258899-r46313648-Sahara_Westwood_Hotel-Las_Vegas_Nevada.html,-1,las vegas,nv,usa,89109,-1,-1,18,2.3076923076923075,2.230769230769231,2.3076923076923075,2.230769230769231,2.3076923076923075,0.0,2.276923076923077,
usa_nevada_las-vegas_manor_suites,manor suites,http://www.tripadvisor.com/ShowUserReviews-g45963-d590247-r33850316-Manor_Suites-Las_Vegas_Nevada.html,-1,las vegas,nv,usa,89119,-1,-1,9,2.3333333333333335,1.6666666666666667,2.3333333333333335,3.6666666666666665,1.3333333333333333,0.0,2.2666666666666666,
usa_nevada_las-vegas_clarion_emerald_springs,clarion emerald springs,http://www.tripadvisor.com/ShowUserReviews-g45963-d186054-r46154448-Clarion_Emerald_Springs-Las_Vegas_Nevada.html,-1,las vegas,nv,usa,89109,-1,-1,41,1.7,1.9,1.9,2.3,1.85,0.0,1.9300000000000002,
usa_nevada_las-vegas_motel_6_las_vegas_boulder_highway,motel 6 las vegas boulder highway,http://www.tripadvisor.com/ShowUserReviews-g45963-d91896-r21557462-Motel_6_Las_Vegas_Boulder_Highway-Las_Vegas_Nevada.html,-1,las vegas,nv,usa,89121,-1,-1,6,1.0,1.0,1.6666666666666667,2.6666666666666665,1.0,0.0,1.4666666666666668,
usa_nevada_las-vegas_motel_6,motel 6,http://www.tripadvisor.com/ShowUserReviews-g45963-d91794-r44041554-Motel_6-Las_Vegas_Nevada.html,-1,las vegas,nv,usa,89101,-1,-1,23,1.3636363636363635,1.2727272727272727,1.1818181818181819,2.5454545454545454,1.4545454545454546,0.0,1.5636363636363637,
usa_nevada_las-vegas_americana_5,americana 5,http://www.tripadvisor.com/ShowUserReviews-g45963-d552905-r49783825-Americana_5-Las_Vegas_Nevada.html,-1,las vegas,nv,usa,89118,-1,-1,7,2.142857142857143,1.7142857142857142,2.857142857142857,2.142857142857143,1.7142857142857142,0.0,2.1142857142857143,
usa_nevada_las-vegas_extended_stayamerica_las_vegas_boulder_hwy,extended stayamerica las vegas boulder hwy,http://www.tripadvisor.com/ShowUserReviews-g45963-d97850-r37543811-Extended_StayAmerica_Las_Vegas_Boulder_Hwy-Las_Vegas_Nevada.html,-1,las vegas,nv,usa,89121,-1,-1,10,2.8,3.0,3.0,3.2,3.0,0.0,3.0,
usa_nevada_las-vegas_motel_6_las_vegas_i_15,motel 6 las vegas i 15,http://www.tripadvisor.com/ShowUserReviews-g45963-d91895-r34405769-Motel_6_Las_Vegas_I_15-Las_Vegas_Nevada.html,-1,las vegas,nv,usa,89118,-1,-1,6,1.5,1.5,2.0,2.0,2.0,0.0,1.8,
usa_nevada_las-vegas_the_suites,the suites,http://www.tripadvisor.com/ShowUserReviews-g45963-d91747-r39167354-The_Suites-Las_Vegas_Nevada.html,-1,las vegas,nv,usa,89122,-1,-1,20,2.0,2.25,1.25,2.75,1.75,0.0,2.0,
usa_nevada_las-vegas_sportsman_s_royal_manor,sportsman s royal manor,http://www.tripadvisor.com/ShowUserReviews-g45963-d91937-r39144273-Sportsman_s_Royal_Manor-Las_Vegas_Nevada.html,-1,las vegas,nv,usa,89112,-1,-1,7,1.5,1.5,1.0,2.5,1.0,0.0,1.5,
usa_nevada_las-vegas_knights_inn,knights inn,http://www.tripadvisor.com/ShowUserReviews-g45963-d91862-r16037740-Knights_Inn-Las_Vegas_Nevada.html,-1,las vegas,nv,usa,89119,-1,-1,67,1.9411764705882353,1.8823529411764706,1.6470588235294117,2.7058823529411766,1.7647058823529411,0.0,1.988235294117647,
usa_nevada_las-vegas_artisan_hotel,artisan hotel,http://www.tripadvisor.com/ShowUserReviews-g45963-d265890-r50512711-Artisan_Hotel-Las_Vegas_Nevada.html,-1,las vegas,nv,usa,89102,-1,-1,147,2.86046511627907,2.5348837209302326,2.4186046511627906,2.2093023255813953,2.302325581395349,0.0,2.4651162790697674,
