doc_id,hotel_name,hotel_url,street,city,state,country,zip,class,price,num_reviews,CLEANLINESS,ROOM,SERVICE,LOCATION,VALUE,COMFORT,overall_ratingsource
can_montreal_le_relais_lyonnais,le relais lyonnais,http://www.tripadvisor.com/ShowUserReviews-g155032-d631714-r49933883-Le_Relais_Lyonnais-Montreal_Quebec.html,1595 rue st denis,montreal,quebec,CAN,h2x 2k3,-1,-1,97,4.976470588235294,4.847058823529411,4.6,4.811764705882353,4.635294117647059,0.0,4.774117647058824,
can_montreal_le_petit_hotel,le petit hotel,http://www.tripadvisor.com/ShowUserReviews-g155032-d1473790-r49915963-Le_Petit_Hotel-Montreal_Quebec.html,168 rue st-paul ouest,montreal,quebec,CAN,h2y 1z7,-1,-1,23,4.857142857142857,4.809523809523809,4.761904761904762,4.904761904761905,4.523809523809524,0.0,4.771428571428571,
can_montreal_hotel_le_st_james,hotel le st james,http://www.tripadvisor.com/ShowUserReviews-g155032-d252386-r50217776-Hotel_Le_St_James-Montreal_Quebec.html,355 st-jacques,montreal,quebec,CAN,h2y 1n9,-1,-1,84,4.945454545454545,4.709090909090909,4.581818181818182,4.672727272727273,4.381818181818182,0.0,4.658181818181818,
can_montreal_le_square_phillips_hotel_suites,le square phillips hotel suites,http://www.tripadvisor.com/ShowUserReviews-g155032-d259456-r49901990-Le_Square_Phillips_Hotel_Suites-Montreal_Quebec.html,1193 place phillips,montreal,quebec,CAN,h3b 3c9,-1,-1,435,4.757709251101321,4.647577092511013,4.488986784140969,4.691629955947136,4.506607929515418,0.0,4.618502202643172,
can_montreal_le_saint_sulpice,le saint sulpice,http://www.tripadvisor.com/ShowUserReviews-g155032-d224665-r48396434-Le_Saint_Sulpice-Montreal_Quebec.html,414 rue saint sulpice,montreal,quebec,CAN,h2y 2v5,-1,-1,230,4.548672566371682,4.486725663716814,4.283185840707965,4.823008849557522,4.212389380530974,0.0,4.470796460176991,
can_montreal_loews_hotel_vogue,loews hotel vogue,http://www.tripadvisor.com/ShowUserReviews-g155032-d183258-r49198482-Loews_Hotel_Vogue-Montreal_Quebec.html,1425 rue de la montagne,montreal,quebec,CAN,h3g 1z3,-1,-1,210,4.839285714285714,4.633928571428571,4.714285714285714,4.758928571428571,4.517857142857143,0.0,4.692857142857143,
can_montreal_hotel_gault,hotel gault,http://www.tripadvisor.com/ShowUserReviews-g155032-d264340-r48863147-Hotel_Gault-Montreal_Quebec.html,449 sainte-helene,montreal,quebec,CAN,h2y 2k9,-1,-1,155,4.582278481012659,4.670886075949367,4.582278481012659,4.708860759493671,4.506329113924051,0.0,4.610126582278481,
can_montreal_holiday_inn_express_hotel_suites_montreal_airport,holiday inn express hotel suites montreal airport,http://www.tripadvisor.com/ShowUserReviews-g155032-d1225564-r50035109-Holiday_Inn_Express_Hotel_Suites_Montreal_Airport-Montreal_Quebec.html,10888 cote de liesse,montreal,quebec,CAN,h8t 1a6,-1,-1,36,4.848484848484849,4.7272727272727275,4.575757575757576,3.878787878787879,4.606060606060606,0.0,4.527272727272727,
can_montreal_embassy_suites_montreal,embassy suites montreal,http://www.tripadvisor.com/ShowUserReviews-g155032-d671513-r50556537-Embassy_Suites_Montreal-Montreal_Quebec.html,208 saint antoine ouest,montreal,quebec,CAN,h2y 0a6,-1,-1,112,4.631067961165049,4.679611650485437,4.378640776699029,4.601941747572815,4.388349514563107,0.0,4.535922330097088,
can_montreal_hotel_kutuma,hotel kutuma,http://www.tripadvisor.com/ShowUserReviews-g155032-d592139-r50424070-Hotel_Kutuma-Montreal_Quebec.html,3708 st. denis street,montreal,quebec,CAN,h2x 3l7,-1,-1,50,4.75,4.613636363636363,4.545454545454546,4.659090909090909,4.5227272727272725,0.0,4.618181818181818,
can_montreal_hotel_xixe_siecle,hotel xixe siecle,http://www.tripadvisor.com/ShowUserReviews-g155032-d254348-r50306285-Hotel_Xixe_Siecle-Montreal_Quebec.html,262 st jacques west,montreal,quebec,CAN,h2y 1n1,-1,-1,124,4.63013698630137,4.47945205479452,4.383561643835616,4.602739726027397,4.397260273972603,0.0,4.498630136986302,
can_montreal_auberge_bonaparte,auberge bonaparte,http://www.tripadvisor.com/ShowUserReviews-g155032-d155208-r49763547-Auberge_Bonaparte-Montreal_Quebec.html,447 st.-francois xavier,montreal,quebec,CAN,h2y 2t1,-1,-1,103,4.73015873015873,4.380952380952381,4.4603174603174605,4.761904761904762,4.365079365079365,0.0,4.5396825396825395,
can_montreal_hotel_le_crystal,hotel le crystal,http://www.tripadvisor.com/ShowUserReviews-g155032-d1006904-r50541888-Hotel_Le_Crystal-Montreal_Quebec.html,1100 rue de la montagne,montreal,quebec,CAN,h3g 0a1,-1,-1,97,4.616279069767442,4.651162790697675,4.441860465116279,4.558139534883721,4.3023255813953485,0.0,4.513953488372093,
can_montreal_sofitel_montreal,sofitel montreal,http://www.tripadvisor.com/ShowUserReviews-g155032-d254354-r50082689-Sofitel_Montreal-Montreal_Quebec.html,1155 sherbrooke west,montreal,quebec,CAN,h3a 2n3,-1,-1,182,4.719298245614035,4.526315789473684,4.5,4.5,4.184210526315789,0.0,4.485964912280702,
can_montreal_le_place_d_armes_hotel_suites,le place d armes hotel suites,http://www.tripadvisor.com/ShowUserReviews-g155032-d254461-r49600316-Le_Place_d_Armes_Hotel_Suites-Montreal_Quebec.html,55 saint-jacques w,montreal,quebec,CAN,h2y 3x2,-1,-1,209,4.541666666666667,4.525,4.283333333333333,4.758333333333334,4.141666666666667,0.0,4.450000000000001,
can_montreal_le_germain_hotel_montreal,le germain hotel montreal,http://www.tripadvisor.com/ShowUserReviews-g155032-d185644-r48988336-Le_Germain_Hotel_Montreal-Montreal_Quebec.html,2050 rue mansfield,montreal,quebec,CAN,h3a 1y9,-1,-1,45,4.583333333333333,4.791666666666667,4.708333333333333,4.791666666666667,4.125,0.0,4.6,
can_montreal_hilton_garden_inn_montreal_centre_ville,hilton garden inn montreal centre ville,http://www.tripadvisor.com/ShowUserReviews-g155032-d1064610-r49978816-Hilton_Garden_Inn_Montreal_Centre_ville-Montreal_Quebec.html,380 sherbrooke st. west,montreal,quebec,CAN,h3a 0b1,-1,-1,62,4.793103448275862,4.5344827586206895,4.362068965517241,4.482758620689655,4.293103448275862,0.0,4.493103448275862,
can_montreal_hotel_nelligan,hotel nelligan,http://www.tripadvisor.com/ShowUserReviews-g155032-d263978-r49852467-Hotel_Nelligan-Montreal_Quebec.html,106 saint paul st w,montreal,quebec,CAN,h2y 1z3,-1,-1,256,4.703030303030303,4.612121212121212,4.5212121212121215,4.781818181818182,4.3090909090909095,0.0,4.585454545454546,
can_montreal_parc_suites_hotel,parc suites hotel,http://www.tripadvisor.com/ShowUserReviews-g155032-d1017598-r50523981-Parc_Suites_Hotel-Montreal_Quebec.html,3463 avenue du parc,montreal,quebec,CAN,h2x 2h6,-1,-1,64,4.816666666666666,4.433333333333334,4.6,4.4,4.566666666666666,0.0,4.5633333333333335,
can_montreal_residence_inn_by_marriott_montreal_downtown,residence inn by marriott montreal downtown,http://www.tripadvisor.com/ShowUserReviews-g155032-d183228-r50133850-Residence_Inn_by_Marriott_Montreal_Downtown-Montreal_Quebec.html,2045 peel street,montreal,quebec,CAN,h3a 1t6,-1,-1,179,4.412280701754386,4.140350877192983,4.324561403508772,4.7368421052631575,4.157894736842105,0.0,4.3543859649122805,
can_montreal_hotel_dauphin_montreal_downtown,hotel dauphin montreal downtown,http://www.tripadvisor.com/ShowUserReviews-g155032-d639063-r49117146-Hotel_Dauphin_Montreal_Downtown-Montreal_Quebec.html,1025 de bleury street,montreal,quebec,CAN,h2z 1m7,-1,-1,45,4.684210526315789,4.5,4.105263157894737,4.578947368421052,4.526315789473684,0.0,4.478947368421052,
can_montreal_w_montreal,w montreal,http://www.tripadvisor.com/ShowUserReviews-g155032-d497207-r50374855-W_Montreal-Montreal_Quebec.html,901 victoria square,montreal,quebec,CAN,h2z 1r1,-1,-1,205,4.441860465116279,4.348837209302325,4.271317829457364,4.457364341085271,3.7906976744186047,0.0,4.262015503875968,
can_montreal_hotel_du_fort,hotel du fort,http://www.tripadvisor.com/ShowUserReviews-g155032-d185733-r50046067-Hotel_du_Fort-Montreal_Quebec.html,1390 rue du fort,montreal,quebec,CAN,h3h 2r7,-1,-1,114,4.4714285714285715,4.228571428571429,4.357142857142857,4.257142857142857,4.4,0.0,4.3428571428571425,
can_montreal_courtyard_by_marriott_montreal_airport,courtyard by marriott montreal airport,http://www.tripadvisor.com/ShowUserReviews-g155032-d612721-r47395871-Courtyard_by_Marriott_Montreal_Airport-Montreal_Quebec.html,7000 place robert-joncas,montreal,quebec,CAN,h4m 2z5,-1,-1,22,4.611111111111111,4.555555555555555,4.388888888888889,3.888888888888889,4.277777777777778,0.0,4.344444444444444,
can_montreal_springhill_suites_old_montreal,springhill suites old montreal,http://www.tripadvisor.com/ShowUserReviews-g155032-d224666-r50237196-SpringHill_Suites_Old_Montreal-Montreal_Quebec.html,445 st jean baptiste st,montreal,quebec,CAN,h2y 2z7,-1,-1,147,4.468354430379747,4.1645569620253164,4.3544303797468356,4.8354430379746836,4.215189873417722,0.0,4.407594936708861,
can_montreal_fairfield_inn_suites_montreal_airport,fairfield inn suites montreal airport,http://www.tripadvisor.com/ShowUserReviews-g155032-d817421-r48533436-Fairfield_Inn_Suites_Montreal_Airport-Montreal_Quebec.html,700 avenue michel jasmin,montreal,quebec,CAN,h9p 1c5,-1,-1,19,4.882352941176471,4.764705882352941,4.588235294117647,3.7058823529411766,4.294117647058823,0.0,4.447058823529412,
can_montreal_chateau_de_l_argoat,chateau de l argoat,http://www.tripadvisor.com/ShowUserReviews-g155032-d183227-r50000060-Chateau_de_l_Argoat-Montreal_Quebec.html,524 rue sherbrooke est,montreal,quebec,CAN,h2l 1k1,-1,-1,137,4.365591397849462,3.989247311827957,4.301075268817204,4.473118279569892,4.365591397849462,0.0,4.298924731182796,
can_montreal_marriott_chateau_champlain,marriott chateau champlain,http://www.tripadvisor.com/ShowUserReviews-g155032-d185746-r50434942-Marriott_Chateau_Champlain-Montreal_Quebec.html,1 place du canada,montreal,quebec,CAN,h3b 4c9,-1,-1,207,4.390977443609023,4.067669172932331,4.2556390977443606,4.526315789473684,4.007518796992481,0.0,4.249624060150376,
can_montreal_aloft_montreal_airport,aloft montreal airport,http://www.tripadvisor.com/ShowUserReviews-g155032-d1027281-r47423046-Aloft_Montreal_Airport-Montreal_Quebec.html,500 mcmillan blvd,montreal,quebec,CAN,h9p0a2,-1,-1,39,4.8108108108108105,4.513513513513513,4.054054054054054,3.7837837837837838,4.5675675675675675,0.0,4.345945945945945,
can_montreal_hotel_les_suites_labelle,hotel les suites labelle,http://www.tripadvisor.com/ShowUserReviews-g155032-d596377-r48348136-Hotel_Les_Suites_Labelle-Montreal_Quebec.html,1205 rue labelle,montreal,quebec,CAN,h2l 4c1,-1,-1,59,4.078431372549019,3.8627450980392157,3.8823529411764706,3.7254901960784315,3.9215686274509802,0.0,3.894117647058823,
can_montreal_hotel_omni_mont_royal,hotel omni mont royal,http://www.tripadvisor.com/ShowUserReviews-g155032-d184305-r48736788-Hotel_Omni_Mont_Royal-Montreal_Quebec.html,1050 sherbrooke st. w.,montreal,quebec,CAN,h3a 2r6,-1,-1,263,4.2625,3.85625,4.1875,4.60625,4.04375,0.0,4.191249999999999,
can_montreal_hilton_montreal_bonaventure,hilton montreal bonaventure,http://www.tripadvisor.com/ShowUserReviews-g155032-d185718-r50307514-Hilton_Montreal_Bonaventure-Montreal_Quebec.html,900 de la gauchetiere w,montreal,quebec,CAN,h5a 1e4,-1,-1,158,4.294117647058823,3.9313725490196076,3.980392156862745,4.323529411764706,3.715686274509804,0.0,4.049019607843137,
can_montreal_hotel_de_la_montagne,hotel de la montagne,http://www.tripadvisor.com/ShowUserReviews-g155032-d185732-r48338479-Hotel_de_la_Montagne-Montreal_Quebec.html,1430 rue de la montagne,montreal,quebec,CAN,h3g 1z5,-1,-1,86,4.4,4.22,4.0,4.62,3.82,0.0,4.212000000000001,
can_montreal_auberge_du_vieux_port,auberge du vieux port,http://www.tripadvisor.com/ShowUserReviews-g155032-d155204-r50292254-Auberge_du_Vieux_Port-Montreal_Quebec.html,97 rue de la commune east,montreal,quebec,CAN,h2y 1j1,-1,-1,167,4.421686746987952,4.228915662650603,4.469879518072289,4.578313253012048,4.0120481927710845,0.0,4.3421686746987955,
can_montreal_novotel_montreal_center,novotel montreal center,http://www.tripadvisor.com/ShowUserReviews-g155032-d155206-r49408892-Novotel_Montreal_Center-Montreal_Quebec.html,1180 rue de la montagne,montreal,quebec,CAN,h3g 1z1,-1,-1,121,4.090909090909091,3.909090909090909,3.787878787878788,4.636363636363637,3.9545454545454546,0.0,4.075757575757576,
can_montreal_le_1_rene_levesque,le 1 rene levesque,http://www.tripadvisor.com/ShowUserReviews-g155032-d1102072-r50350903-Le_1_Rene_Levesque-Montreal_Quebec.html,1 blvd rene levesque east,montreal,quebec,CAN,-1,-1,-1,43,4.238095238095238,3.7857142857142856,3.7142857142857144,4.476190476190476,4.285714285714286,0.0,4.1,
can_montreal_marriott_residence_inn_montreal_airport,marriott residence inn montreal airport,http://www.tripadvisor.com/ShowUserReviews-g155032-d612673-r23140537-Marriott_Residence_Inn_Montreal_Airport-Montreal_Quebec.html,6500 place robert-joncas,montreal,quebec,CAN,h4m 2z5,-1,-1,15,4.833333333333333,4.666666666666667,4.166666666666667,3.6666666666666665,4.5,0.0,4.366666666666667,
can_montreal_intercontinental_montreal,intercontinental montreal,http://www.tripadvisor.com/ShowUserReviews-g155032-d185725-r49853681-InterContinental_Montreal-Montreal_Quebec.html,360 rue st-antoine ouest,montreal,quebec,CAN,h2y 3x4,-1,-1,171,4.284403669724771,4.220183486238532,3.9174311926605503,4.256880733944954,3.9541284403669725,0.0,4.126605504587156,
can_montreal_l_appartement_hotel,l appartement hotel,http://www.tripadvisor.com/ShowUserReviews-g155032-d183249-r47189798-L_Appartement_Hotel-Montreal_Quebec.html,455 rue sherbrooke ouest,montreal,quebec,CAN,h3a 1b7,-1,-1,56,4.037037037037037,3.7037037037037037,4.074074074074074,4.37037037037037,4.148148148148148,0.0,4.066666666666667,
can_montreal_sheraton_le_centre_montreal_hotel,sheraton le centre montreal hotel,http://www.tripadvisor.com/ShowUserReviews-g155032-d183253-r50428480-Sheraton_Le_Centre_Montreal_Hotel-Montreal_Quebec.html,1201 boulevard rene-levesque west,montreal,quebec,CAN,h3b 2l7,-1,-1,240,3.9878048780487805,3.597560975609756,3.7560975609756095,4.4939024390243905,3.7134146341463414,0.0,3.909756097560975,
can_montreal_fairmont_the_queen_elizabeth,fairmont the queen elizabeth,http://www.tripadvisor.com/ShowUserReviews-g155032-d185747-r50454161-Fairmont_The_Queen_Elizabeth-Montreal_Quebec.html,900 blvd. rene levesque west,montreal,quebec,CAN,h3b 4a5,-1,-1,237,4.152317880794702,3.629139072847682,3.947019867549669,4.688741721854305,3.662251655629139,0.0,4.0158940397351,
can_montreal_chateau_versailles,chateau versailles,http://www.tripadvisor.com/ShowUserReviews-g155032-d183238-r46886822-Chateau_Versailles-Montreal_Quebec.html,1659 sherbrooke street west,montreal,quebec,CAN,h3h 1e3,-1,-1,70,4.428571428571429,3.7755102040816326,4.3061224489795915,4.183673469387755,3.816326530612245,0.0,4.1020408163265305,
can_montreal_delta_montreal_hotel,delta montreal hotel,http://www.tripadvisor.com/ShowUserReviews-g155032-d186653-r49580566-Delta_Montreal_Hotel-Montreal_Quebec.html,475 president kennedy ave,montreal,quebec,CAN,h3a 1j7,-1,-1,193,3.6991869918699187,3.5528455284552845,3.6747967479674797,4.235772357723577,3.5853658536585367,0.0,3.749593495934959,
can_montreal_candlewood_suites_montreal_centre_ville,candlewood suites montreal centre ville,http://www.tripadvisor.com/ShowUserReviews-g155032-d625171-r50392012-Candlewood_Suites_Montreal_Centre_Ville-Montreal_Quebec.html,191 rene-levesque blvd e,montreal,quebec,CAN,h2x 3z9,-1,-1,56,4.0588235294117645,4.098039215686274,3.450980392156863,4.313725490196078,4.117647058823529,0.0,4.007843137254902,
can_montreal_holiday_inn_express_montreal_centre_ville,holiday inn express montreal centre ville,http://www.tripadvisor.com/ShowUserReviews-g155032-d254352-r49065133-Holiday_Inn_Express_Montreal_Centre_Ville-Montreal_Quebec.html,155 rene levesque boulevard east,montreal,quebec,CAN,h2x 3z8,-1,-1,145,4.014084507042254,4.098591549295775,3.9859154929577465,4.197183098591549,3.9859154929577465,0.0,4.056338028169014,
can_montreal_le_roberval,le roberval,http://www.tripadvisor.com/ShowUserReviews-g155032-d320336-r46755645-Le_Roberval-Montreal_Quebec.html,505 rene levesque east,montreal,quebec,CAN,h2l 5b6,-1,-1,36,3.6538461538461537,3.1153846153846154,3.6153846153846154,4.0,3.5384615384615383,0.0,3.5846153846153848,
can_montreal_opus_hotel_montreal,opus hotel montreal,http://www.tripadvisor.com/ShowUserReviews-g155032-d502093-r48439801-Opus_Hotel_Montreal-Montreal_Quebec.html,10 sherbrooke ouest,montreal,quebec,CAN,h2x 4c9,-1,-1,132,4.5,4.097560975609756,4.024390243902439,4.402439024390244,3.7804878048780486,0.0,4.160975609756098,
can_montreal_gouverneur_hotel_place_dupuis,gouverneur hotel place dupuis,http://www.tripadvisor.com/ShowUserReviews-g155032-d183244-r47477339-Gouverneur_Hotel_Place_Dupuis-Montreal_Quebec.html,1415 rue st-hubert,montreal,quebec,CAN,h2l 3y9,-1,-1,76,4.361111111111111,3.9166666666666665,4.138888888888889,4.444444444444445,3.861111111111111,0.0,4.144444444444444,
can_montreal_hotel_st_denis,hotel st denis,http://www.tripadvisor.com/ShowUserReviews-g155032-d252807-r48786396-Hotel_St_Denis-Montreal_Quebec.html,1254 st-denis,montreal,quebec,CAN,h2x 3j6,-1,-1,97,4.142857142857143,3.517857142857143,3.8392857142857144,4.5,4.089285714285714,0.0,4.017857142857143,
can_montreal_sandman_hotel_montreal_longueuil,sandman hotel montreal longueuil,http://www.tripadvisor.com/ShowUserReviews-g155032-d489010-r50135243-Sandman_Hotel_Montreal_Longueuil-Montreal_Quebec.html,999 de serigny,montreal,quebec,CAN,pq j4k 2t1,-1,-1,63,4.133333333333334,3.6222222222222222,4.088888888888889,3.911111111111111,3.888888888888889,0.0,3.9288888888888893,
can_montreal_hotel_st_paul,hotel st paul,http://www.tripadvisor.com/ShowUserReviews-g155032-d224659-r49936366-Hotel_St_Paul-Montreal_Quebec.html,355 mcgill street,montreal,quebec,CAN,h2y 2e8,-1,-1,103,4.087719298245614,3.807017543859649,3.6315789473684212,4.298245614035087,3.491228070175439,0.0,3.8631578947368417,
can_montreal_delta_centre_ville,delta centre ville,http://www.tripadvisor.com/ShowUserReviews-g155032-d218448-r49253876-Delta_Centre_Ville-Montreal_Quebec.html,777 university street,montreal,quebec,CAN,h3c 3z7,-1,-1,147,3.9,3.63,3.92,4.2,3.64,0.0,3.8579999999999997,
can_montreal_residence_inn_montreal_westmount,residence inn montreal westmount,http://www.tripadvisor.com/ShowUserReviews-g155032-d281178-r49302115-Residence_Inn_Montreal_Westmount-Montreal_Quebec.html,2170 lincoln ave.,montreal,quebec,CAN,h3h 2n5,-1,-1,45,3.9130434782608696,3.260869565217391,3.9130434782608696,3.608695652173913,3.4782608695652173,0.0,3.6347826086956525,
can_montreal_le_westin_montreal,le westin montreal,http://www.tripadvisor.com/ShowUserReviews-g155032-d1172053-r50285991-Le_Westin_Montreal-Montreal_Quebec.html,270 saint-antoine west,montreal,quebec,CAN,h2y 0a3,-1,-1,58,4.351851851851852,4.0,3.759259259259259,4.481481481481482,3.5925925925925926,0.0,4.037037037037036,
can_montreal_hotel_de_l_institut,hotel de l institut,http://www.tripadvisor.com/ShowUserReviews-g155032-d183241-r48405329-Hotel_de_l_Institut-Montreal_Quebec.html,3535 rue st-denis,montreal,quebec,CAN,h2x 3p1,-1,-1,10,4.666666666666667,4.333333333333333,3.8333333333333335,4.5,4.333333333333333,0.0,4.333333333333334,
can_montreal_days_inn_montreal_downtown,days inn montreal downtown,http://www.tripadvisor.com/ShowUserReviews-g155032-d188207-r49120261-Days_Inn_Montreal_Downtown-Montreal_Quebec.html,215 rene levesque boulevard,montreal,quebec,CAN,h2x 1n7,-1,-1,72,3.488888888888889,3.066666666666667,3.311111111111111,3.888888888888889,3.511111111111111,0.0,3.453333333333333,
can_montreal_hyatt_regency_montreal,hyatt regency montreal,http://www.tripadvisor.com/ShowUserReviews-g155032-d183609-r50079653-Hyatt_Regency_Montreal-Montreal_Quebec.html,1255 jeanne mance street,montreal,quebec,CAN,h5b 1e5,-1,-1,233,3.9424460431654675,3.5323741007194243,3.597122302158273,4.359712230215828,3.6690647482014387,0.0,3.8201438848920866,
can_montreal_ritz_carlton_montreal,ritz carlton montreal,http://www.tripadvisor.com/ShowUserReviews-g155032-d155207-r28772830-Ritz_Carlton_Montreal-Montreal_Quebec.html,1228 sherbrooke west,montreal,quebec,CAN,h3g 1h6,-1,-1,117,4.170212765957447,3.74468085106383,4.1063829787234045,4.446808510638298,3.9148936170212765,0.0,4.076595744680851,
can_montreal_le_cantlie_suites_hotel,le cantlie suites hotel,http://www.tripadvisor.com/ShowUserReviews-g155032-d183615-r50341072-Le_Cantlie_Suites_Hotel-Montreal_Quebec.html,1110 rue sherbrooke ouest,montreal,quebec,CAN,h3a 1g9,-1,-1,168,3.5575221238938055,3.265486725663717,3.3008849557522124,4.477876106194691,3.3893805309734515,0.0,3.5982300884955754,
can_montreal_le_saint_andre_hotel_montreal,le saint andre hotel montreal,http://www.tripadvisor.com/ShowUserReviews-g155032-d1210236-r42031566-Le_Saint_Andre_Hotel_Montreal-Montreal_Quebec.html,1285 st-andre street,montreal,quebec,CAN,h2l 3t1,-1,-1,2,4.5,3.0,4.0,4.0,4.5,0.0,4.0,
can_montreal_quality_hotel_downtown,quality hotel downtown,http://www.tripadvisor.com/ShowUserReviews-g155032-d183265-r47920053-Quality_Hotel_Downtown-Montreal_Quebec.html,3440 avenue du parc,montreal,quebec,CAN,h2x 2h5,-1,-1,40,3.5384615384615383,3.423076923076923,3.423076923076923,4.153846153846154,3.5,0.0,3.607692307692308,
can_montreal_courtyard_montreal_downtown,courtyard montreal downtown,http://www.tripadvisor.com/ShowUserReviews-g155032-d185292-r46854827-Courtyard_Montreal_Downtown-Montreal_Quebec.html,410 sherbrooke st. west,montreal,quebec,CAN,h3a 1b3,-1,-1,73,3.7962962962962963,3.3703703703703702,3.8333333333333335,4.12962962962963,3.6481481481481484,0.0,3.7555555555555555,
can_montreal_auberge_de_jeunesse_maeva_montreal,auberge de jeunesse maeva montreal,http://www.tripadvisor.com/ShowUserReviews-g155032-d1202659-r49693495-Auberge_de_Jeunesse_Maeva_Montreal-Montreal_Quebec.html,4755 rue sthubert ,montreal,quebec,CAN,h2j 2x6,-1,-1,3,3.6666666666666665,4.0,3.6666666666666665,4.0,4.666666666666667,0.0,4.000000000000001,
can_montreal_crowne_plaza_hotel_montreal_airport,crowne plaza hotel montreal airport,http://www.tripadvisor.com/ShowUserReviews-g155032-d1138548-r49135492-Crowne_Plaza_Hotel_Montreal_Airport-Montreal_Quebec.html,6600 cote de liesse,montreal,quebec,CAN,h4t 1e3,-1,-1,8,4.571428571428571,4.285714285714286,4.285714285714286,3.857142857142857,4.285714285714286,0.0,4.257142857142857,
can_montreal_hotel_plateau_royale,hotel plateau royale,http://www.tripadvisor.com/ShowUserReviews-g155032-d676573-r46872469-Hotel_Plateau_Royale-Montreal_Quebec.html,4555 avenue du parc,montreal,quebec,CAN,h2v 4e4,-1,-1,18,3.388888888888889,3.388888888888889,3.5,3.7777777777777777,4.0,0.0,3.6111111111111116,
can_montreal_auberge_le_pomerol,auberge le pomerol,http://www.tripadvisor.com/ShowUserReviews-g155032-d281914-r50379372-Auberge_Le_Pomerol-Montreal_Quebec.html,819 blvd de maisonneuve east,montreal,quebec,CAN,h2l 1y7,-1,-1,25,4.416666666666667,4.25,4.416666666666667,3.9166666666666665,4.333333333333333,0.0,4.2666666666666675,
can_montreal_le_nouvel_hotel_montreal,le nouvel hotel montreal,http://www.tripadvisor.com/ShowUserReviews-g155032-d183255-r49286237-Le_Nouvel_Hotel_Montreal-Montreal_Quebec.html,1740 blvd rene-levesque,montreal,quebec,CAN,h3h 1r3,-1,-1,59,3.3513513513513513,2.945945945945946,3.27027027027027,3.5945945945945947,2.972972972972973,0.0,3.2270270270270274,
can_montreal_hotel_ruby_foo_s,hotel ruby foo s,http://www.tripadvisor.com/ShowUserReviews-g155032-d183226-r42765310-Hotel_Ruby_Foo_s-Montreal_Quebec.html,7655 decarie boulevard,montreal,quebec,CAN,h4p 2h2,-1,-1,36,3.5625,3.5,3.625,3.4375,3.3125,0.0,3.4875,
can_montreal_hotel_manoir_des_alpes,hotel manoir des alpes,http://www.tripadvisor.com/ShowUserReviews-g155032-d155314-r44518458-Hotel_Manoir_des_Alpes-Montreal_Quebec.html,1245 rue st-andre,montreal,quebec,CAN,h2l 3t1,-1,-1,55,4.0,3.4166666666666665,3.8055555555555554,4.027777777777778,3.7777777777777777,0.0,3.805555555555556,
can_montreal_grand_plaza_montreal_centre_ville,grand plaza montreal centre ville,http://www.tripadvisor.com/ShowUserReviews-g155032-d183239-r45412419-Grand_Plaza_Montreal_Centre_Ville-Montreal_Quebec.html,505 sherbrooke st e,montreal,quebec,CAN,h2l 4n3,-1,-1,89,3.323943661971831,3.3380281690140845,3.408450704225352,3.76056338028169,3.3661971830985915,0.0,3.4394366197183097,
can_montreal_les_studios_hotel,les studios hotel,http://www.tripadvisor.com/ShowUserReviews-g155032-d1447493-r37941299-Les_Studios_Hotel-Montreal_Quebec.html,2450 boulevard edouard montpetit,montreal,quebec,CAN,h3t 1j4,-1,-1,3,4.333333333333333,3.6666666666666665,3.6666666666666665,3.3333333333333335,4.333333333333333,0.0,3.8666666666666663,
can_montreal_best_western_ville_marie_hotel_suite,best western ville marie hotel suite,http://www.tripadvisor.com/ShowUserReviews-g155032-d183235-r40559566-Best_Western_Ville_Marie_Hotel_Suite-Montreal_Quebec.html,3407 peel st,montreal,quebec,CAN,h3a 1w7,-1,-1,43,3.4166666666666665,3.125,3.625,4.541666666666667,3.0416666666666665,0.0,3.55,
can_montreal_hotel_le_rivage,hotel le rivage,http://www.tripadvisor.com/ShowUserReviews-g155032-d619380-r36182372-Hotel_Le_Rivage-Montreal_Quebec.html,15 boul labelle,montreal,quebec,CAN,j7a 2g9,-1,-1,6,4.5,4.25,3.75,4.5,3.5,0.0,4.1,
can_montreal_auberge_ywca_hotel,auberge ywca hotel,http://www.tripadvisor.com/ShowUserReviews-g155032-d568410-r46570591-Auberge_YWCA_Hotel-Montreal_Quebec.html,1165 crescent street,montreal,quebec,CAN,h3g1t3,-1,-1,5,4.0,3.25,3.75,4.5,4.25,0.0,3.95,
can_montreal_lord_berri,lord berri,http://www.tripadvisor.com/ShowUserReviews-g155032-d183259-r45669954-Lord_Berri-Montreal_Quebec.html,1199 rue berri,montreal,quebec,CAN,h2l 4c6,-1,-1,47,3.4705882352941178,2.9705882352941178,2.9411764705882355,3.735294117647059,3.0,0.0,3.223529411764706,
can_montreal_la_presidence_deluxe_apartments,la presidence deluxe apartments,http://www.tripadvisor.com/ShowUserReviews-g155032-d254349-r35398695-La_Presidence_Deluxe_Apartments-Montreal_Quebec.html,505 sherbrooke st. east,montreal,quebec,CAN,h2l 4n3,-1,-1,23,3.75,3.5,3.625,4.125,3.375,0.0,3.675,
can_montreal_le_meridien_versailles,le meridien versailles,http://www.tripadvisor.com/ShowUserReviews-g155032-d268364-r47227475-Le_Meridien_Versailles-Montreal_Quebec.html,1808  sherbrooke street west,montreal,quebec,CAN,h3h 1e5,-1,-1,60,4.0,3.6052631578947367,4.0,4.052631578947368,3.6052631578947367,0.0,3.8526315789473684,
can_montreal_auberge_louisbourg_hotel,auberge louisbourg hotel,http://www.tripadvisor.com/ShowUserReviews-g155032-d281913-r39712179-Auberge_Louisbourg_Hotel-Montreal_Quebec.html,1649 saint-hubert,montreal,quebec,CAN,h2l 3z1,-1,-1,1,5.0,5.0,4.0,5.0,5.0,0.0,4.8,
can_montreal_hotel_le_saint_andre,hotel le saint andre,http://www.tripadvisor.com/ShowUserReviews-g155032-d296494-r47863993-Hotel_Le_Saint_Andre-Montreal_Quebec.html,1285 rue st-andre,montreal,quebec,CAN,h2l 3t1,-1,-1,63,3.34375,2.84375,3.65625,3.96875,3.5,0.0,3.4625,
can_montreal_studios_quartier_latin,studios quartier latin,http://www.tripadvisor.com/ShowUserReviews-g155032-d183619-r3744919-Studios_Quartier_Latin-Montreal_Quebec.html,2024 st-hubert #a,montreal,quebec,CAN,h2l 3z5,-1,-1,1,5.0,3.0,5.0,5.0,4.0,0.0,4.4,
can_montreal_royal_versailles_hotel,royal versailles hotel,http://www.tripadvisor.com/ShowUserReviews-g155032-d250061-r35703323-Royal_Versailles_Hotel-Montreal_Quebec.html,7200 sherbrooke st. east,montreal,quebec,CAN,h1n 1e7,-1,-1,17,2.888888888888889,2.3333333333333335,2.4444444444444446,3.4444444444444446,2.4444444444444446,0.0,2.7111111111111112,
can_montreal_holiday_inn_select_montreal_centre_ville,holiday inn select montreal centre ville,http://www.tripadvisor.com/ShowUserReviews-g155032-d185290-r49366024-Holiday_Inn_Select_Montreal_Centre_Ville-Montreal_Quebec.html,99 viger avenue & st. urbain st.,montreal,quebec,CAN,h2z 1e9,-1,-1,88,3.689655172413793,3.3620689655172415,3.586206896551724,4.327586206896552,3.5517241379310347,0.0,3.703448275862069,
can_montreal_hotel_l_abri_du_voyageur,hotel l abri du voyageur,http://www.tripadvisor.com/ShowUserReviews-g155032-d185735-r47409807-Hotel_l_Abri_du_Voyageur-Montreal_Quebec.html,9 rue ste-catherine ouest,montreal,quebec,CAN,h2x 1z5,-1,-1,37,3.7058823529411766,3.3529411764705883,3.8823529411764706,3.588235294117647,3.235294117647059,0.0,3.5529411764705885,
can_montreal_hotel_maritime_plaza,hotel maritime plaza,http://www.tripadvisor.com/ShowUserReviews-g155032-d183261-r46845734-Hotel_Maritime_Plaza-Montreal_Quebec.html,1155 rue guy,montreal,quebec,CAN,h3h 2k5,-1,-1,95,3.4565217391304346,3.3260869565217392,3.217391304347826,4.021739130434782,3.1956521739130435,0.0,3.443478260869565,
can_montreal_best_western_europa_downtown,best western europa downtown,http://www.tripadvisor.com/ShowUserReviews-g155032-d183234-r49150251-Best_Western_Europa_Downtown-Montreal_Quebec.html,1240 rue drummond,montreal,quebec,CAN,h3g 1v7,-1,-1,94,3.697674418604651,2.8372093023255816,3.2093023255813953,4.348837209302325,3.302325581395349,0.0,3.479069767441861,
can_montreal_hotel_a2k,hotel a2k,http://www.tripadvisor.com/ShowUserReviews-g155032-d656372-r39064045-Hotel_A2K-Montreal_Quebec.html,1475 rene-levesque west,montreal,quebec,CAN,h3g 1t8,-1,-1,9,4.25,3.75,3.375,4.625,3.625,0.0,3.925,
can_montreal_mcgill_new_residence_hall,mcgill new residence hall,http://www.tripadvisor.com/ShowUserReviews-g155032-d667847-r48854647-McGill_New_Residence_Hall-Montreal_Quebec.html,3625 avenue du parc,montreal,quebec,CAN,h2x 3p8,-1,-1,8,4.0,3.142857142857143,3.7142857142857144,3.7142857142857144,4.142857142857143,0.0,3.742857142857143,
can_montreal_hotel_auberge_universel,hotel auberge universel,http://www.tripadvisor.com/ShowUserReviews-g155032-d183268-r38591802-Hotel_Auberge_Universel-Montreal_Quebec.html,5000 rue sherbrooke east,montreal,quebec,CAN,h1v 1a1,-1,-1,22,3.0,2.8666666666666667,3.2,3.066666666666667,2.7333333333333334,0.0,2.9733333333333336,
can_montreal_quality_hotel_midtown,quality hotel midtown,http://www.tripadvisor.com/ShowUserReviews-g155032-d268107-r48180715-Quality_Hotel_Midtown-Montreal_Quebec.html,6445 boul decarie,montreal,quebec,CAN,h3w 3e1,-1,-1,38,3.4583333333333335,3.25,3.2083333333333335,3.4166666666666665,3.375,0.0,3.3416666666666663,
can_montreal_universite_de_montreal_residence,universite de montreal residence,http://www.tripadvisor.com/ShowUserReviews-g155032-d185755-r47262055-Universite_de_Montreal_Residence-Montreal_Quebec.html,2350 blvd. edouard-montpetit,montreal,quebec,CAN,h3t 1j4,-1,-1,-1,0.0,0.0,0.0,0.0,0.0,0.0,-1.0,
can_montreal_du_fort_hotel_montreal,du fort hotel montreal,http://www.tripadvisor.com/ShowUserReviews-g155032-d1213441-r32707864-Du_Fort_Hotel_Montreal-Montreal_Quebec.html,1390 rue du fort,montreal,quebec,CAN,h3h 2r7,-1,-1,1,5.0,4.0,4.0,4.0,5.0,0.0,4.4,
can_montreal_holiday_inn_montreal_midtown,holiday inn montreal midtown,http://www.tripadvisor.com/ShowUserReviews-g155032-d155203-r49968357-Holiday_Inn_Montreal_Midtown-Montreal_Quebec.html,420 sherbrooke street west,montreal,quebec,CAN,h3a 1b4,-1,-1,106,3.1311475409836067,2.8524590163934427,3.2131147540983607,4.163934426229508,3.1311475409836067,0.0,3.298360655737705,
can_montreal_hotel_de_paris,hotel de paris,http://www.tripadvisor.com/ShowUserReviews-g155032-d226777-r50358004-Hotel_De_Paris-Montreal_Quebec.html,901 rue sherbrooke east,montreal,quebec,CAN,h2l 1l3,-1,-1,68,3.40625,3.0625,3.59375,4.15625,3.375,0.0,3.51875,
can_montreal_le_montfort,le montfort,http://www.tripadvisor.com/ShowUserReviews-g155032-d183230-r23671409-Le_Montfort-Montreal_Quebec.html,1975 de maisonneuve,montreal,quebec,CAN,h3h 1k4,-1,-1,12,4.0,5.0,3.0,4.0,5.0,0.0,4.2,
can_montreal_manoir_ambrose,manoir ambrose,http://www.tripadvisor.com/ShowUserReviews-g155032-d186190-r48604201-Manoir_Ambrose-Montreal_Quebec.html,3422 stanley st,montreal,quebec,CAN,h3a 1r8,-1,-1,18,3.4,3.2,3.2,4.4,3.2,0.0,3.4800000000000004,
can_montreal_hotel_montreal_centrale,hotel montreal centrale,http://www.tripadvisor.com/ShowUserReviews-g155032-d622072-r48064770-Hotel_Montreal_Centrale-Montreal_Quebec.html,1586 st hubert,montreal,quebec,CAN,h2l 3z3,-1,-1,9,4.2,3.4,4.2,4.0,3.8,0.0,3.9200000000000004,
can_montreal_centre_ville_hotel,centre ville hotel,http://www.tripadvisor.com/ShowUserReviews-g155032-d549900-r21876743-Centre_Ville_Hotel-Montreal_Quebec.html,259 ste. catherine est,montreal,quebec,CAN,h2x-1l5,-1,-1,-1,0.0,0.0,0.0,0.0,0.0,0.0,-1.0,
can_montreal_mcgill_student_apartments,mcgill student apartments,http://www.tripadvisor.com/ShowUserReviews-g155032-d185751-r3938751-McGill_Student_Apartments-Montreal_Quebec.html,3935 rue university,montreal,quebec,CAN,h3a 2b4,-1,-1,-1,0.0,0.0,0.0,0.0,0.0,0.0,-1.0,
can_montreal_comfort_hotel_suites_downtown_montreal,comfort hotel suites downtown montreal,http://www.tripadvisor.com/ShowUserReviews-g155032-d183256-r39504751-Comfort_Hotel_Suites_Downtown_Montreal-Montreal_Quebec.html,1600 st hubert,montreal,quebec,CAN,h2l 3z3,-1,-1,58,2.3333333333333335,2.4166666666666665,2.5416666666666665,3.4583333333333335,2.5833333333333335,0.0,2.666666666666667,
can_montreal_le_cafe_st_paul,le cafe st paul,http://www.tripadvisor.com/ShowUserReviews-g155032-d1105903-r17966040-Le_Cafe_St_Paul-Montreal_Quebec.html,43  rue st-paul o corner place royal,montreal,quebec,CAN,h2y 1z5,-1,-1,-1,0.0,0.0,0.0,0.0,0.0,0.0,-1.0,
can_montreal_hotel_viger,hotel viger,http://www.tripadvisor.com/ShowUserReviews-g155032-d252809-r49288267-Hotel_Viger-Montreal_Quebec.html,1001 saint-hubert st,montreal,quebec,CAN,h2l 3y3,-1,-1,35,3.1333333333333333,2.7333333333333334,3.3333333333333335,4.333333333333333,3.533333333333333,0.0,3.413333333333333,
can_montreal_montreal_youth_hostel,montreal youth hostel,http://www.tripadvisor.com/ShowUserReviews-g155032-d1068480-r16509727-Montreal_Youth_Hostel-Montreal_Quebec.html,1030 mackay,montreal,quebec,CAN,h3g 2h1,-1,-1,1,4.0,4.0,5.0,3.0,4.0,0.0,4.0,
can_montreal_hotel_terrasse_royale,hotel terrasse royale,http://www.tripadvisor.com/ShowUserReviews-g155032-d252808-r40835224-Hotel_Terrasse_Royale-Montreal_Quebec.html,5225 cote-des-neiges,montreal,quebec,CAN,h3t 1y1,-1,-1,17,3.2857142857142856,2.7142857142857144,3.142857142857143,4.142857142857143,3.4285714285714284,0.0,3.3428571428571425,
can_montreal_la_tour_belvedere,la tour belvedere,http://www.tripadvisor.com/ShowUserReviews-g155032-d183229-r39524611-La_Tour_Belvedere-Montreal_Quebec.html,2175 de maisonneuve,montreal,quebec,CAN,h3h 1l5,-1,-1,8,4.0,4.0,3.0,4.0,4.0,0.0,3.8,
can_montreal_travelodge_montreal_centre,travelodge montreal centre,http://www.tripadvisor.com/ShowUserReviews-g155032-d188432-r48801209-Travelodge_Montreal_Centre-Montreal_Quebec.html,50 rene-levesque blvd w,montreal,quebec,CAN,h2z 1a2,-1,-1,61,2.6341463414634148,2.0,2.6097560975609757,4.073170731707317,2.6341463414634148,0.0,2.790243902439024,
can_montreal_hotel_elegant,hotel elegant,http://www.tripadvisor.com/ShowUserReviews-g155032-d648187-r49979591-Hotel_Elegant-Montreal_Quebec.html,1683 rue saint-hubert,montreal,quebec,CAN,h2l 3z1,-1,-1,20,3.2,2.65,2.65,3.15,3.1,0.0,2.95,
can_montreal_hotel_visitel,hotel visitel,http://www.tripadvisor.com/ShowUserReviews-g155032-d626555-r7292003-Hotel_Visitel-Montreal_Quebec.html,1617 st hubert,montreal,quebec,CAN,h2l 3z1,-1,-1,1,4.0,3.0,4.0,4.0,5.0,0.0,4.0,
can_montreal_le_chablis_saint_jacques,le chablis saint jacques,http://www.tripadvisor.com/ShowUserReviews-g155032-d252826-r1531840-Le_Chablis_Saint_Jacques-Montreal_Quebec.html,6951 saint-jacques west,montreal,quebec,CAN,h4b 1v3,-1,-1,-1,0.0,0.0,0.0,0.0,0.0,0.0,-1.0,
can_montreal_hotel_dorion,hotel dorion,http://www.tripadvisor.com/ShowUserReviews-g155032-d547783-r42768354-Hotel_Dorion-Montreal_Quebec.html,1477 rue dorion,montreal,quebec,CAN,h2k 4a4,-1,-1,9,2.857142857142857,2.7142857142857144,3.0,4.0,3.2857142857142856,0.0,3.1714285714285717,
can_montreal_clarion_hotel_suites_downtown,clarion hotel suites downtown,http://www.tripadvisor.com/ShowUserReviews-g155032-d183612-r50575674-Clarion_Hotel_Suites_Downtown-Montreal_Quebec.html,2100 de maisonneuve blvd w,montreal,quebec,CAN,h3h 1k6,-1,-1,61,3.054054054054054,2.8378378378378377,2.7027027027027026,3.5945945945945947,3.027027027027027,0.0,3.0432432432432437,
can_montreal_days_hotel_and_conference_center_montreal_metro,days hotel and conference center montreal metro,http://www.tripadvisor.com/ShowUserReviews-g155032-d188204-r40109704-Days_Hotel_and_Conference_Center_Montreal_Metro-Montreal_Quebec.html,1005 guy street,montreal,quebec,CAN,h3h 2k4,-1,-1,27,2.8461538461538463,2.8461538461538463,2.769230769230769,4.076923076923077,2.6923076923076925,0.0,3.0461538461538464,
can_montreal_motel_colibri,motel colibri,http://www.tripadvisor.com/ShowUserReviews-g155032-d1163916-r20089927-Motel_Colibri-Montreal_Quebec.html,6960 rue st-jacques ouest,montreal,quebec,CAN,qc h4b 1v8,-1,-1,1,4.0,4.0,4.0,2.0,4.0,0.0,3.6,
can_montreal_hotel_du_nouveau_forum_montreal,hotel du nouveau forum montreal,http://www.tripadvisor.com/ShowUserReviews-g155032-d183614-r46885921-Hotel_du_Nouveau_Forum_Montreal-Montreal_Quebec.html,1320 rue saint antoine w,montreal,quebec,CAN,h3c 1c2,-1,-1,19,3.0,2.3846153846153846,2.769230769230769,4.0,3.4615384615384617,0.0,3.123076923076923,
can_montreal_comfort_inn_south,comfort inn south,http://www.tripadvisor.com/ShowUserReviews-g155032-d183618-r8667162-Comfort_Inn_South-Montreal_Quebec.html,7863 boul. taschereau,montreal,quebec,CAN,j4y 1a4,-1,-1,4,3.0,2.0,4.0,3.0,3.0,0.0,3.0,
can_montreal_hotel_7_saisons,hotel 7 saisons,http://www.tripadvisor.com/ShowUserReviews-g155032-d502916-r47354017-Hotel_7_Saisons-Montreal_Quebec.html,1659 st. hubert,montreal,quebec,CAN,h2l-3z1,-1,-1,8,2.625,2.75,3.25,3.875,2.875,0.0,3.075,
can_montreal_hotel_champ_de_mars,hotel champ de mars,http://www.tripadvisor.com/ShowUserReviews-g155032-d324340-r47796481-Hotel_Champ_De_Mars-Montreal_Quebec.html,756 rue berri,montreal,quebec,CAN,h2y 3e6,-1,-1,65,2.641025641025641,2.1794871794871793,2.6153846153846154,3.6153846153846154,2.717948717948718,0.0,2.753846153846154,
can_montreal_hotel_du_manoir_saint_denis,hotel du manoir saint denis,http://www.tripadvisor.com/ShowUserReviews-g155032-d183245-r47343657-Hotel_du_Manoir_Saint_Denis-Montreal_Quebec.html,2006 rue saint-denis,montreal,quebec,CAN,h2x 3k7,-1,-1,18,2.5833333333333335,2.5833333333333335,2.75,3.6666666666666665,2.8333333333333335,0.0,2.8833333333333337,
can_montreal_hotel_villa,hotel villa,http://www.tripadvisor.com/ShowUserReviews-g155032-d663078-r34691554-Hotel_Villa-Montreal_Quebec.html,57 sainte-catherine est,montreal,quebec,CAN,h2x 1k5,-1,-1,13,2.8,2.2,2.9,3.3,2.9,0.0,2.8200000000000003,
can_montreal_hotel_casa_bella,hotel casa bella,http://www.tripadvisor.com/ShowUserReviews-g155032-d282001-r38071171-Hotel_Casa_Bella-Montreal_Quebec.html,264 sherbrooke west,montreal,quebec,CAN,h2x 1x9,-1,-1,22,2.75,2.375,2.75,3.5,2.75,0.0,2.825,
can_montreal_quality_inn_downtown,quality inn downtown,http://www.tripadvisor.com/ShowUserReviews-g155032-d155205-r50307030-Quality_Inn_Downtown-Montreal_Quebec.html,1214 crescent st,montreal,quebec,CAN,h3g 2a9,-1,-1,42,2.7241379310344827,2.689655172413793,3.2758620689655173,4.0,2.8275862068965516,0.0,3.103448275862069,
can_montreal_red_carpet_inn_parc_olympique,red carpet inn parc olympique,http://www.tripadvisor.com/ShowUserReviews-g155032-d262891-r8691561-Red_Carpet_Inn_Parc_Olympique-Montreal_Quebec.html,4645 metropolitan east,montreal,quebec,CAN,h1r 1z4,-1,-1,6,1.0,1.0,1.0,1.0,1.0,0.0,1.0,
can_montreal_le_saint_malo,le saint malo,http://www.tripadvisor.com/ShowUserReviews-g155032-d183257-r49495998-Le_Saint_Malo-Montreal_Quebec.html,1455 rue du fort,montreal,quebec,CAN,h3h 2c2,-1,-1,44,2.8076923076923075,2.5,2.576923076923077,3.923076923076923,2.6923076923076925,0.0,2.9,
can_montreal_quartier_latin_hotel,quartier latin hotel,http://www.tripadvisor.com/ShowUserReviews-g155032-d254357-r38519034-Quartier_Latin_Hotel-Montreal_Quebec.html,1763 st. denis,montreal,quebec,CAN,h2x 3k4,-1,-1,39,2.2,1.8666666666666667,2.2,3.8,2.066666666666667,0.0,2.4266666666666667,
can_montreal_holiday_inn_montreal_airport,holiday inn montreal airport,http://www.tripadvisor.com/ShowUserReviews-g155032-d240020-r46687960-Holiday_Inn_Montreal_Airport-Montreal_Quebec.html,6500 cote de liesse,montreal,quebec,CAN,h4t 1e3,-1,-1,50,2.4705882352941178,2.3529411764705883,2.7058823529411766,2.676470588235294,2.5,0.0,2.541176470588235,
can_montreal_hotel_bon_accueil,hotel bon accueil,http://www.tripadvisor.com/ShowUserReviews-g155032-d1115896-r19016009-Hotel_Bon_Accueil-Montreal_Quebec.html,1601 rue st-hubert,montreal,quebec,CAN,h2l 3z1,-1,-1,2,3.5,2.5,4.0,3.0,3.0,0.0,3.2,
can_montreal_hotel_le_bourbon,hotel le bourbon,http://www.tripadvisor.com/ShowUserReviews-g155032-d155315-r18557951-Hotel_Le_Bourbon-Montreal_Quebec.html,1578  rue sainte-catherine est,montreal,quebec,CAN,h2l 2j2,-1,-1,17,2.75,3.0,2.75,4.5,3.5,0.0,3.3,
can_montreal_hotel_de_kais,hotel de kais,http://www.tripadvisor.com/ShowUserReviews-g155032-d254180-r5932564-Hotel_de_Kais-Montreal_Quebec.html,910  de maisonneuve est,montreal,quebec,CAN,h2h 1z1,-1,-1,1,1.0,1.0,1.0,4.0,1.0,0.0,1.6,
can_montreal_econo_lodge_downtown,econo lodge downtown,http://www.tripadvisor.com/ShowUserReviews-g155032-d224655-r46871500-Econo_Lodge_Downtown-Montreal_Quebec.html,2060 rue st-dominique,montreal,quebec,CAN,h2x 2x1,-1,-1,39,2.230769230769231,2.0384615384615383,2.1923076923076925,3.1153846153846154,2.423076923076923,0.0,2.4,
can_montreal_hotel_de_l_elysee,hotel de l elysee,http://www.tripadvisor.com/ShowUserReviews-g155032-d483995-r29238813-Hotel_de_L_Elysee-Montreal_Quebec.html,1633  rue saint-hubert,montreal,quebec,CAN,h2l 3z1,-1,-1,37,1.7142857142857142,1.7142857142857142,1.5714285714285714,2.4285714285714284,1.5714285714285714,0.0,1.7999999999999996,
can_montreal_la_tour_centre_ville,la tour centre ville,http://www.tripadvisor.com/ShowUserReviews-g155032-d184301-r48373158-La_Tour_Centre_Ville-Montreal_Quebec.html,400 rene-levesque blvd west,montreal,quebec,CAN,h2z 1v5,-1,-1,93,1.7586206896551724,1.6551724137931034,1.9310344827586208,3.9310344827586206,1.9827586206896552,0.0,2.2517241379310344,
can_montreal_hotel_le_breton,hotel le breton,http://www.tripadvisor.com/ShowUserReviews-g155032-d252806-r29191447-Hotel_Le_Breton-Montreal_Quebec.html,1609 saint-hubert st.,montreal,quebec,CAN,h2l 3z1,-1,-1,8,2.3333333333333335,1.6666666666666667,3.3333333333333335,1.6666666666666667,2.0,0.0,2.2,
can_montreal_hotel_europeenne,hotel europeenne,http://www.tripadvisor.com/ShowUserReviews-g155032-d285078-r41341914-Hotel_Europeenne-Montreal_Quebec.html,1620 rue st-hubert,montreal,quebec,CAN,h2l 3z3,-1,-1,30,3.3333333333333335,2.5833333333333335,2.75,3.9166666666666665,3.0833333333333335,0.0,3.1333333333333337,
can_montreal_la_residence_du_voyageur,la residence du voyageur,http://www.tripadvisor.com/ShowUserReviews-g155032-d183251-r43143933-La_Residence_Du_Voyageur-Montreal_Quebec.html,847 rue sherbrooke est,montreal,quebec,CAN,h2l 1k6,-1,-1,26,2.6153846153846154,2.1538461538461537,3.0,3.5384615384615383,2.5384615384615383,0.0,2.769230769230769,
can_montreal_knights_inn_montreal_west,knights inn montreal west,http://www.tripadvisor.com/ShowUserReviews-g155032-d754477-r27749380-Knights_Inn_Montreal_West-Montreal_Quebec.html,7455 blvd de ste-anne-de-bellevue,montreal,quebec,CAN,h4b1t5,-1,-1,6,1.6,1.6,2.2,2.4,1.8,0.0,1.92,
can_montreal_hotel_le_prestige,hotel le prestige,http://www.tripadvisor.com/ShowUserReviews-g155032-d602406-r36707317-Hotel_Le_Prestige-Montreal_Quebec.html,12555 sherbrooke east,montreal,quebec,CAN,h1b 1c8,-1,-1,2,2.5,3.0,2.5,1.5,2.5,0.0,2.4,
can_montreal_hotel_park_avenue,hotel park avenue,http://www.tripadvisor.com/ShowUserReviews-g155032-d183613-r49600700-Hotel_Park_Avenue-Montreal_Quebec.html,4544 avenue du parc,montreal,quebec,CAN,h2v 4e3,-1,-1,19,1.4,1.1,1.9,2.7,1.3,0.0,1.6800000000000002,
can_montreal_hotel_newstar,hotel newstar,http://www.tripadvisor.com/ShowUserReviews-g155032-d1475949-r41173338-Hotel_Newstar-Montreal_Quebec.html,5240  rue jarry est,montreal,quebec,CAN,h1r 3a9,-1,-1,1,1.0,1.0,1.0,3.0,1.0,0.0,1.4,
can_montreal_motel_lido,motel lido,http://www.tripadvisor.com/ShowUserReviews-g155032-d1077643-r50453825-Motel_Lido-Montreal_Quebec.html,5905 boulevarde metropolitain est,montreal,quebec,CAN,h1p 1y3,-1,-1,2,1.0,1.5,1.0,3.0,1.5,0.0,1.6,
can_montreal_terrace_st_denis,terrace st denis,http://www.tripadvisor.com/ShowUserReviews-g155032-d1222838-r48847048-Terrace_St_Denis-Montreal_Quebec.html,2020 rue st denis,montreal,quebec,CAN,h2x3k7,-1,-1,1,1.0,1.0,1.0,3.0,2.0,0.0,1.6,
can_montreal_hotel_de_la_couronne,hotel de la couronne,http://www.tripadvisor.com/ShowUserReviews-g155032-d626511-r19678922-Hotel_De_La_Couronne-Montreal_Quebec.html,1029 st denis,montreal,quebec,CAN,h2x 3h9,-1,-1,7,1.5,1.5,1.6666666666666667,2.6666666666666665,1.5,0.0,1.7666666666666668,
can_montreal_hotel_eureka,hotel eureka,http://www.tripadvisor.com/ShowUserReviews-g155032-d568234-r42667763-Hotel_Eureka-Montreal_Quebec.html,1553 st-andre,montreal,quebec,CAN,h2l 3t5,-1,-1,23,2.1333333333333333,1.6666666666666667,1.8666666666666667,2.8,1.8666666666666667,0.0,2.0666666666666664,
can_montreal_motel_pignon_rouges,motel pignon rouges,http://www.tripadvisor.com/ShowUserReviews-g155032-d1396532-r37790182-Motel_Pignon_Rouges-Montreal_Quebec.html,15777 sherbrooke east,montreal,quebec,CAN,h1a 3r1,-1,-1,4,1.0,1.0,1.0,1.25,1.0,0.0,1.05,
