doc_id,hotel_name,hotel_url,street,city,state,country,zip,class,price,num_reviews,CLEANLINESS,ROOM,SERVICE,LOCATION,VALUE,COMFORT,overall_ratingsource
india_new delhi_amarya_garden,amarya garden,http://www.tripadvisor.com/ShowUserReviews-g304551-d776043-r49315190-Amarya_Garden-New_Delhi_National_Capital_Territory_of_Delhi.html,c 179 defence colony,new delhi,-1,India,110024,-1,-1,20,4.888888888888889,4.888888888888889,4.944444444444445,4.722222222222222,4.777777777777778,0.0,4.844444444444444,
india_new delhi_shanti_home,shanti home,http://www.tripadvisor.com/ShowUserReviews-g304551-d675225-r49847951-Shanti_Home-New_Delhi_National_Capital_Territory_of_Delhi.html,a-1/300 janakpuri,new delhi,-1,India,110058,-1,-1,157,4.86,4.64,4.826666666666667,3.6733333333333333,4.533333333333333,0.0,4.506666666666666,
india_new delhi_taj_mahal_hotel,taj mahal hotel,http://www.tripadvisor.com/ShowUserReviews-g304551-d302182-r50481846-Taj_Mahal_Hotel-New_Delhi_National_Capital_Territory_of_Delhi.html,1 mansingh rd,new delhi,-1,India,110 011,-1,-1,118,4.689655172413793,4.413793103448276,4.724137931034483,4.471264367816092,4.149425287356322,0.0,4.489655172413793,
india_new delhi_the_amber,the amber,http://www.tripadvisor.com/ShowUserReviews-g304551-d1030533-r50557775-The_Amber-New_Delhi_National_Capital_Territory_of_Delhi.html,198 sukhdev vihar,new delhi,-1,India,110025,-1,-1,49,4.866666666666666,4.777777777777778,4.533333333333333,3.6444444444444444,4.333333333333333,0.0,4.431111111111112,
india_new delhi_oberoi_new_delhi,oberoi new delhi,http://www.tripadvisor.com/ShowUserReviews-g304551-d304216-r50547017-Oberoi_New_Delhi-New_Delhi_National_Capital_Territory_of_Delhi.html,dr. zakir hussain marg,new delhi,-1,India,110 003,-1,-1,121,4.7073170731707314,4.439024390243903,4.621951219512195,4.304878048780488,4.073170731707317,0.0,4.429268292682926,
india_new delhi_hotel_le_roi,hotel le roi,http://www.tripadvisor.com/ShowUserReviews-g304551-d1545232-r50311506-Hotel_Le_Roi-New_Delhi_National_Capital_Territory_of_Delhi.html,2206  chuna mandi  pahar ganj,new delhi,-1,India,110055,-1,-1,13,4.75,4.75,4.833333333333333,4.583333333333333,4.75,0.0,4.7333333333333325,
india_new delhi_raunak_plaza,raunak plaza,http://www.tripadvisor.com/ShowUserReviews-g304551-d1160079-r50560408-Raunak_Plaza-New_Delhi_National_Capital_Territory_of_Delhi.html,12a/29 w.e.a saraswati marg karol  bagh,new delhi,-1,India,110005,-1,-1,30,4.285714285714286,4.392857142857143,4.464285714285714,4.357142857142857,4.428571428571429,0.0,4.385714285714285,
india_new delhi_svelte_hotel_and_personal_suites,svelte hotel and personal suites,http://www.tripadvisor.com/ShowUserReviews-g304551-d1150036-r49786172-Svelte_Hotel_and_Personal_Suites-New_Delhi_National_Capital_Territory_of_Delhi.html,a-3  district centre,new delhi,-1,India,110017,-1,-1,16,4.846153846153846,5.0,4.6923076923076925,3.6153846153846154,3.923076923076923,0.0,4.415384615384616,
india_new delhi_itc_maurya_new_delhi,itc maurya new delhi,http://www.tripadvisor.com/ShowUserReviews-g304551-d301777-r50575514-ITC_Maurya_New_Delhi-New_Delhi_National_Capital_Territory_of_Delhi.html,diplomatic enclave  sadar patel marg,new delhi,-1,India,110 021,-1,-1,110,4.62962962962963,4.530864197530864,4.45679012345679,4.098765432098766,3.950617283950617,0.0,4.333333333333334,
india_new delhi_the_manor,the manor,http://www.tripadvisor.com/ShowUserReviews-g304551-d321126-r47276519-The_Manor-New_Delhi_National_Capital_Territory_of_Delhi.html,77 friends colony w,new delhi,-1,India,110065,-1,-1,79,4.471698113207547,4.188679245283019,4.6415094339622645,3.8679245283018866,3.8679245283018866,0.0,4.207547169811321,
india_new delhi_the_imperial,the imperial,http://www.tripadvisor.com/ShowUserReviews-g304551-d301472-r50436525-The_Imperial-New_Delhi_National_Capital_Territory_of_Delhi.html,janpath,new delhi,-1,India,110001,-1,-1,250,4.596385542168675,4.337349397590361,4.162650602409639,4.481927710843373,3.746987951807229,0.0,4.265060240963855,
india_new delhi_hotel_palace_heights,hotel palace heights,http://www.tripadvisor.com/ShowUserReviews-g304551-d661234-r50413152-Hotel_Palace_Heights-New_Delhi_National_Capital_Territory_of_Delhi.html,d - 26/28  connaught place,new delhi,-1,India,110001,-1,-1,68,4.507936507936508,4.158730158730159,4.412698412698413,4.587301587301587,4.031746031746032,0.0,4.339682539682539,
india_new delhi_aman_new_delhi,aman new delhi,http://www.tripadvisor.com/ShowUserReviews-g304551-d1383462-r47181390-Aman_New_Delhi-New_Delhi_National_Capital_Territory_of_Delhi.html,lodhi road,new delhi,-1,India,110003,-1,-1,4,5.0,5.0,5.0,5.0,4.666666666666667,0.0,4.933333333333334,
india_new delhi_ginger_new_delhi,ginger new delhi,http://www.tripadvisor.com/ShowUserReviews-g304551-d1163205-r50490889-Ginger_New_Delhi-New_Delhi_National_Capital_Territory_of_Delhi.html,irctc- rail yatri niwas,new delhi,-1,India,110 002,-1,-1,83,4.285714285714286,4.0,3.6142857142857143,3.9714285714285715,4.514285714285714,0.0,4.077142857142857,
india_new delhi_taj_palace_hotel,taj palace hotel,http://www.tripadvisor.com/ShowUserReviews-g304551-d302181-r50551475-Taj_Palace_Hotel-New_Delhi_National_Capital_Territory_of_Delhi.html,sardar patel marg  diplomatic encleve,new delhi,-1,India,110021,-1,-1,128,4.2988505747126435,4.0344827586206895,4.287356321839081,3.942528735632184,3.67816091954023,0.0,4.048275862068965,
india_new delhi_shangri_la_hotel_new_delhi,shangri la hotel new delhi,http://www.tripadvisor.com/ShowUserReviews-g304551-d578527-r48451271-Shangri_La_Hotel_New_Delhi-New_Delhi_National_Capital_Territory_of_Delhi.html,19 ashoka rd,new delhi,-1,India,110 001,-1,-1,144,4.510204081632653,4.244897959183674,4.1020408163265305,4.448979591836735,3.642857142857143,0.0,4.189795918367347,
india_new delhi_le_meridien_new_delhi,le meridien new delhi,http://www.tripadvisor.com/ShowUserReviews-g304551-d301904-r50468808-Le_Meridien_New_Delhi-New_Delhi_National_Capital_Territory_of_Delhi.html,windsor place,new delhi,-1,India,110 001,-1,-1,109,4.48051948051948,4.363636363636363,4.025974025974026,4.402597402597403,3.6233766233766236,0.0,4.179220779220779,
india_new delhi_hotel_grand_park_inn,hotel grand park inn,http://www.tripadvisor.com/ShowUserReviews-g304551-d630377-r50379218-Hotel_Grand_Park_Inn-New_Delhi_National_Capital_Territory_of_Delhi.html,1041/17  abdul rahman road,new delhi,-1,India,110005,-1,-1,62,4.280701754385965,3.9649122807017543,4.105263157894737,3.2982456140350878,4.0,0.0,3.929824561403508,
india_new delhi_sheraton_new_delhi,sheraton new delhi,http://www.tripadvisor.com/ShowUserReviews-g304551-d299757-r50392965-Sheraton_New_Delhi-New_Delhi_National_Capital_Territory_of_Delhi.html,district centre  saket,new delhi,-1,India,110017,-1,-1,42,4.482758620689655,4.172413793103448,3.9310344827586206,3.3793103448275863,3.896551724137931,0.0,3.972413793103448,
india_new delhi_hotel_aster_inn,hotel aster inn,http://www.tripadvisor.com/ShowUserReviews-g304551-d1443038-r49965176-Hotel_Aster_Inn-New_Delhi_National_Capital_Territory_of_Delhi.html,1078-80  hardhyan singh road,new delhi,-1,India,110005,-1,-1,12,4.363636363636363,3.909090909090909,4.0,3.727272727272727,4.181818181818182,0.0,4.036363636363636,
india_new delhi_hans_plaza,hans plaza,http://www.tripadvisor.com/ShowUserReviews-g304551-d306940-r48422813-Hans_Plaza-New_Delhi_National_Capital_Territory_of_Delhi.html,15 barakhamba road  connaught place,new delhi,-1,India,110001,-1,-1,57,3.7948717948717947,3.717948717948718,3.7435897435897436,4.128205128205129,3.5128205128205128,0.0,3.7794871794871794,
india_new delhi_maidens_hotel,maidens hotel,http://www.tripadvisor.com/ShowUserReviews-g304551-d304406-r49713692-Maidens_Hotel-New_Delhi_National_Capital_Territory_of_Delhi.html,7 sham nath marg,new delhi,-1,India,110 054,-1,-1,51,4.352941176470588,3.9705882352941178,4.205882352941177,3.7941176470588234,3.8823529411764706,0.0,4.041176470588235,
india_new delhi_the_lalit_new_delhi,the lalit new delhi,http://www.tripadvisor.com/ShowUserReviews-g304551-d299120-r50556070-The_Lalit_New_Delhi-New_Delhi_National_Capital_Territory_of_Delhi.html,barakhamba avenue,new delhi,-1,India,110001,-1,-1,154,4.019417475728155,4.009708737864078,3.4466019417475726,3.9805825242718447,3.3398058252427183,0.0,3.7592233009708735,
india_new delhi_hyatt_regency_delhi,hyatt regency delhi,http://www.tripadvisor.com/ShowUserReviews-g304551-d306931-r49659247-Hyatt_Regency_Delhi-New_Delhi_National_Capital_Territory_of_Delhi.html,bhikaiji cama place,new delhi,-1,India,110066,-1,-1,93,4.161764705882353,3.8676470588235294,4.117647058823529,3.75,3.426470588235294,0.0,3.8647058823529408,
india_new delhi_radisson_hotel_delhi,radisson hotel delhi,http://www.tripadvisor.com/ShowUserReviews-g304551-d306957-r50393011-Radisson_Hotel_Delhi-New_Delhi_National_Capital_Territory_of_Delhi.html,national highway 8,new delhi,-1,India,110037,-1,-1,88,4.147540983606557,3.7704918032786887,3.8852459016393444,3.9836065573770494,3.4262295081967213,0.0,3.8426229508196728,
india_new delhi_hotel_pearl_plaza,hotel pearl plaza,http://www.tripadvisor.com/ShowUserReviews-g304551-d1160796-r50350760-Hotel_Pearl_Plaza-New_Delhi_National_Capital_Territory_of_Delhi.html,2348-2350 raj guru road,new delhi,-1,India,110055,-1,-1,6,4.2,3.6,4.0,4.0,4.4,0.0,4.04,
india_new delhi_jaypee_vasant_continental,jaypee vasant continental,http://www.tripadvisor.com/ShowUserReviews-g304551-d306954-r48012873-Jaypee_Vasant_Continental-New_Delhi_National_Capital_Territory_of_Delhi.html,basant lok  vasant vihar,new delhi,-1,India,110 057,-1,-1,24,4.052631578947368,3.8947368421052633,3.8421052631578947,3.9473684210526314,3.9473684210526314,0.0,3.9368421052631577,
india_new delhi_ambassador_hotel,ambassador hotel,http://www.tripadvisor.com/ShowUserReviews-g304551-d305021-r50367629-Ambassador_Hotel-New_Delhi_National_Capital_Territory_of_Delhi.html,sujan singh park cornwallis rd,new delhi,-1,India,110 003,-1,-1,50,4.131578947368421,3.763157894736842,4.078947368421052,4.157894736842105,3.5,0.0,3.9263157894736844,
india_new delhi_intercontinental_eros_nehru_place,intercontinental eros nehru place,http://www.tripadvisor.com/ShowUserReviews-g304551-d299121-r48884611-InterContinental_Eros_Nehru_Place-New_Delhi_National_Capital_Territory_of_Delhi.html,nehru place,new delhi,-1,India,110019,-1,-1,87,4.216666666666667,3.933333333333333,3.9166666666666665,3.783333333333333,3.566666666666667,0.0,3.883333333333333,
india_new delhi_hotel_tara_palace,hotel tara palace,http://www.tripadvisor.com/ShowUserReviews-g304551-d651014-r50412659-Hotel_Tara_Palace-New_Delhi_National_Capital_Territory_of_Delhi.html,419 esplande road,new delhi,-1,India,110006,-1,-1,64,4.1525423728813555,3.7966101694915255,3.864406779661017,3.3728813559322033,3.8983050847457625,0.0,3.816949152542373,
india_new delhi_the_florence_inn,the florence inn,http://www.tripadvisor.com/ShowUserReviews-g304551-d634352-r48184425-The_Florence_Inn-New_Delhi_National_Capital_Territory_of_Delhi.html,15-a/6  w.e.a. ajmal khan road  karol bagh,new delhi,-1,India,110 005,-1,-1,43,4.111111111111111,3.8333333333333335,3.7222222222222223,3.1944444444444446,3.75,0.0,3.7222222222222223,
india_new delhi_hotel_c_park_inn,hotel c park inn,http://www.tripadvisor.com/ShowUserReviews-g304551-d630379-r50463929-Hotel_C_Park_Inn-New_Delhi_National_Capital_Territory_of_Delhi.html,1042/15  abdul rahman road,new delhi,-1,India,110005,-1,-1,9,4.125,3.5,4.25,3.25,3.875,0.0,3.8,
india_new delhi_the_claridges,the claridges,http://www.tripadvisor.com/ShowUserReviews-g304551-d306937-r49340009-The_Claridges-New_Delhi_National_Capital_Territory_of_Delhi.html,12 aurengzeb road,new delhi,-1,India,110 011,-1,-1,95,4.015625,3.625,3.59375,3.875,2.96875,0.0,3.615625,
india_new delhi_crowne_plaza_delhi,crowne plaza delhi,http://www.tripadvisor.com/ShowUserReviews-g304551-d306949-r49811657-Crowne_Plaza_Delhi-New_Delhi_National_Capital_Territory_of_Delhi.html,new friends colony,new delhi,-1,India,110065,-1,-1,90,3.9846153846153847,3.646153846153846,3.723076923076923,3.2615384615384615,3.3230769230769233,0.0,3.5876923076923077,
india_new delhi_hotel_raunak_international,hotel raunak international,http://www.tripadvisor.com/ShowUserReviews-g304551-d1016628-r50532892-Hotel_Raunak_International-New_Delhi_National_Capital_Territory_of_Delhi.html,4/38  w. e. a. krishna market  saraswati marg,new delhi,-1,India,110005,-1,-1,96,4.294117647058823,4.176470588235294,4.329411764705882,4.1647058823529415,4.329411764705882,0.0,4.258823529411765,
india_new delhi_hotel_aura,hotel aura,http://www.tripadvisor.com/ShowUserReviews-g304551-d1421721-r49471096-Hotel_Aura-New_Delhi_National_Capital_Territory_of_Delhi.html,31  arakashan road,new delhi,-1,India,-1,-1,-1,1,4.0,5.0,4.0,5.0,5.0,0.0,4.6,
india_new delhi_uppal_s_orchid_an_ecotel_hotel,uppal s orchid an ecotel hotel,http://www.tripadvisor.com/ShowUserReviews-g304551-d306962-r46414887-Uppal_s_Orchid_an_Ecotel_Hotel-New_Delhi_National_Capital_Territory_of_Delhi.html,national highway 8,new delhi,-1,India,110037,-1,-1,35,4.423076923076923,4.0,4.038461538461538,3.6153846153846154,3.8461538461538463,0.0,3.9846153846153847,
india_new delhi_hotel_florence,hotel florence,http://www.tripadvisor.com/ShowUserReviews-g304551-d1009173-r43121779-Hotel_Florence-New_Delhi_National_Capital_Territory_of_Delhi.html,2719 bank street,new delhi,-1,India,110005,-1,-1,10,4.625,4.125,4.25,3.875,3.875,0.0,4.15,
india_new delhi_hari_piorko_international,hari piorko international,http://www.tripadvisor.com/ShowUserReviews-g304551-d1415547-r32375430-Hari_Piorko_International-New_Delhi_National_Capital_Territory_of_Delhi.html,4768  main bazar pahar ganj  opposite mousque,new delhi,-1,India,110055,-1,-1,3,4.0,4.333333333333333,3.6666666666666665,4.0,4.666666666666667,0.0,4.133333333333334,
india_new delhi_taj_princess_hotel,taj princess hotel,http://www.tripadvisor.com/ShowUserReviews-g304551-d1142157-r47778994-Taj_Princess_Hotel-New_Delhi_National_Capital_Territory_of_Delhi.html,15a/25  w.e.a.  ajmal khan road,new delhi,-1,India,110005,-1,-1,-1,0.0,0.0,0.0,0.0,0.0,0.0,-1.0,
india_new delhi_nirula_s_hotel,nirula s hotel,http://www.tripadvisor.com/ShowUserReviews-g304551-d641645-r31606753-Nirula_s_Hotel-New_Delhi_National_Capital_Territory_of_Delhi.html,l-block  connaught circus,new delhi,-1,India,110 001,-1,-1,2,3.5,3.5,3.0,5.0,3.5,0.0,3.7,
india_new delhi_hotel_royal_holidays,hotel royal holidays,http://www.tripadvisor.com/ShowUserReviews-g304551-d1127614-r49389575-Hotel_Royal_Holidays-New_Delhi_National_Capital_Territory_of_Delhi.html,17 a/35  w.e.a.,new delhi,-1,India,110005,-1,-1,44,3.4615384615384617,3.5128205128205128,3.6153846153846154,3.9743589743589745,3.2564102564102564,0.0,3.5641025641025643,
india_new delhi_the_metropolitan_hotel_new_delhi,the metropolitan hotel new delhi,http://www.tripadvisor.com/ShowUserReviews-g304551-d301910-r49722302-The_Metropolitan_Hotel_New_Delhi-New_Delhi_National_Capital_Territory_of_Delhi.html,bangla sahib rd,new delhi,-1,India,110001,-1,-1,124,3.7884615384615383,3.4423076923076925,3.2596153846153846,3.701923076923077,3.0673076923076925,0.0,3.4519230769230775,
india_new delhi_hotel_shimla_heritage,hotel shimla heritage,http://www.tripadvisor.com/ShowUserReviews-g304551-d1588406-r50418332-Hotel_Shimla_Heritage-New_Delhi_National_Capital_Territory_of_Delhi.html,7a/36 w.e.a channa market,new delhi,-1,India,110005,-1,-1,2,4.5,4.0,5.0,3.5,5.0,0.0,4.4,
india_new delhi_hotel_clark_international,hotel clark international,http://www.tripadvisor.com/ShowUserReviews-g304551-d304409-r50108716-Hotel_Clark_International-New_Delhi_National_Capital_Territory_of_Delhi.html,5/47  w.e.a.  saraswati marg,new delhi,-1,India,110005,-1,-1,118,3.6555555555555554,3.411111111111111,3.888888888888889,3.188888888888889,3.5555555555555554,0.0,3.54,
india_new delhi_hotel_star_plaza,hotel star plaza,http://www.tripadvisor.com/ShowUserReviews-g304551-d1436714-r34815107-Hotel_Star_Plaza-New_Delhi_National_Capital_Territory_of_Delhi.html,5158  main bazar ,new delhi,-1,India,110055,-1,-1,2,4.5,4.0,4.5,4.5,3.5,0.0,4.2,
india_new delhi_hotel_cottage_crown_plaza,hotel cottage crown plaza,http://www.tripadvisor.com/ShowUserReviews-g304551-d1222236-r48590147-Hotel_Cottage_Crown_Plaza-New_Delhi_National_Capital_Territory_of_Delhi.html,5136  main bazar,new delhi,-1,India,110055,-1,-1,4,4.5,4.25,4.0,4.25,4.75,0.0,4.35,
india_new delhi_megha_sheraton,megha sheraton,http://www.tripadvisor.com/ShowUserReviews-g304551-d651435-r49617475-Megha_Sheraton-New_Delhi_National_Capital_Territory_of_Delhi.html,53/1  bazar marg old rajinder nagar,new delhi,-1,India,110060,-1,-1,25,3.652173913043478,3.347826086956522,4.391304347826087,3.739130434782609,4.086956521739131,0.0,3.8434782608695657,
india_new delhi_hotel_madonna,hotel madonna,http://www.tripadvisor.com/ShowUserReviews-g304551-d622306-r49171258-Hotel_Madonna-New_Delhi_National_Capital_Territory_of_Delhi.html,53/7 old rajinder nagar (near market),new delhi,-1,India,110060,-1,-1,49,3.3684210526315788,3.263157894736842,3.6842105263157894,3.5526315789473686,3.4473684210526314,0.0,3.4631578947368427,
india_new delhi_hotel_sri_nanak_continental,hotel sri nanak continental,http://www.tripadvisor.com/ShowUserReviews-g304551-d599166-r50537480-Hotel_Sri_Nanak_Continental-New_Delhi_National_Capital_Territory_of_Delhi.html,2222 hardhiyan singh rd,new delhi,-1,India,110005,-1,-1,117,3.4653465346534653,3.3465346534653464,3.702970297029703,2.99009900990099,3.4653465346534653,0.0,3.3940594059405944,
india_new delhi_grand_godwin_hotel,grand godwin hotel,http://www.tripadvisor.com/ShowUserReviews-g304551-d592998-r50186223-Grand_Godwin_Hotel-New_Delhi_National_Capital_Territory_of_Delhi.html,8502 / 41 arakashan rd  ram nagar  paharganj,new delhi,-1,India,110055,-1,-1,73,3.46875,3.265625,3.109375,3.34375,3.328125,0.0,3.303125,
india_new delhi_hotel_express_66,hotel express 66,http://www.tripadvisor.com/ShowUserReviews-g304551-d1008391-r47928312-Hotel_Express_66-New_Delhi_National_Capital_Territory_of_Delhi.html,thapar chamber 3rd  2 deshbandhu gupta road  pahar ganj,new delhi,-1,India,110055,-1,-1,18,3.9411764705882355,3.8823529411764706,3.764705882352941,2.6470588235294117,3.588235294117647,0.0,3.5647058823529414,
india_new delhi_hotel_swati_deluxe,hotel swati deluxe,http://www.tripadvisor.com/ShowUserReviews-g304551-d653153-r46526347-Hotel_Swati_Deluxe-New_Delhi_National_Capital_Territory_of_Delhi.html,17 - a / 32  gurudwara road,new delhi,-1,India,110005,-1,-1,13,3.5454545454545454,3.4545454545454546,3.727272727272727,4.090909090909091,3.6363636363636362,0.0,3.6909090909090914,
india_new delhi_hotel_cabana,hotel cabana,http://www.tripadvisor.com/ShowUserReviews-g304551-d1405664-r49864779-Hotel_Cabana-New_Delhi_National_Capital_Territory_of_Delhi.html,r23  greater kailash 1,new delhi,-1,India,110 048,-1,-1,3,4.666666666666667,4.666666666666667,3.3333333333333335,4.666666666666667,4.0,0.0,4.2666666666666675,
india_new delhi_hotel_city_park,hotel city park,http://www.tripadvisor.com/ShowUserReviews-g304551-d549544-r50080650-Hotel_City_Park-New_Delhi_National_Capital_Territory_of_Delhi.html,k p block,new delhi,-1,India,110088,-1,-1,23,4.214285714285714,3.7857142857142856,3.7857142857142856,2.7142857142857144,3.4285714285714284,0.0,3.5857142857142863,
india_new delhi_hotel_park_view,hotel park view,http://www.tripadvisor.com/ShowUserReviews-g304551-d1455405-r31478802-Hotel_Park_View-New_Delhi_National_Capital_Territory_of_Delhi.html,15a/60  w.e.a. karol bagh,new delhi,-1,India,110005,-1,-1,1,5.0,5.0,5.0,5.0,5.0,0.0,5.0,
india_new delhi_le_meridian,le meridian,http://www.tripadvisor.com/ShowUserReviews-g304551-d1523677-r50500615-Le_Meridian-New_Delhi_National_Capital_Territory_of_Delhi.html,windsor place,new delhi,-1,India,-1,-1,-1,3,4.0,4.333333333333333,3.6666666666666665,4.666666666666667,3.3333333333333335,0.0,4.0,
india_new delhi_hotel_prince_international,hotel prince international,http://www.tripadvisor.com/ShowUserReviews-g304551-d1179449-r47607185-Hotel_Prince_International-New_Delhi_National_Capital_Territory_of_Delhi.html,14a/24  w.e.a. channa market  karol bagh  new delhi 110005 india,new delhi,-1,India,-1,-1,-1,4,3.6666666666666665,3.6666666666666665,3.6666666666666665,3.6666666666666665,4.0,0.0,3.733333333333333,
india_new delhi_hotel_good_palace,hotel good palace,http://www.tripadvisor.com/ShowUserReviews-g304551-d647940-r35451423-Hotel_Good_Palace-New_Delhi_National_Capital_Territory_of_Delhi.html,15a/63  w.e.a. karol bagh,new delhi,-1,India,110005,-1,-1,8,3.5,3.375,3.75,3.375,3.5,0.0,3.5,
india_new delhi_hotel_surya_shelter,hotel surya shelter,http://www.tripadvisor.com/ShowUserReviews-g304551-d308370-r46735750-Hotel_Surya_Shelter-New_Delhi_National_Capital_Territory_of_Delhi.html,4/33 saraswati marg  w.e.a. karol bagh,new delhi,-1,India,110005,-1,-1,2,4.0,4.0,4.5,3.5,4.0,0.0,4.0,
india_new delhi_ananda_hotel,ananda hotel,http://www.tripadvisor.com/ShowUserReviews-g304551-d1409076-r50425327-Ananda_Hotel-New_Delhi_National_Capital_Territory_of_Delhi.html,8/41  w.e.a. abdul aziz road,new delhi,-1,India,110005,-1,-1,34,3.4,3.2,3.6,3.4,3.7333333333333334,0.0,3.4666666666666672,
india_new delhi_the_legend_inn,the legend inn,http://www.tripadvisor.com/ShowUserReviews-g304551-d729975-r48714378-The_Legend_Inn-New_Delhi_National_Capital_Territory_of_Delhi.html,e-4  east of kailash,new delhi,-1,India,110 065,-1,-1,2,4.0,4.0,4.5,4.0,3.5,0.0,4.0,
india_new delhi_hotel_kingston_park,hotel kingston park,http://www.tripadvisor.com/ShowUserReviews-g304551-d1533219-r49630863-Hotel_Kingston_Park-New_Delhi_National_Capital_Territory_of_Delhi.html,8/5  w.e.a.  karol bagh,new delhi,-1,India,110005,-1,-1,3,3.6666666666666665,3.6666666666666665,3.3333333333333335,3.0,3.0,0.0,3.3333333333333335,
india_new delhi_hotel_lal_s_haveli,hotel lal s haveli,http://www.tripadvisor.com/ShowUserReviews-g304551-d604855-r50567992-Hotel_Lal_s_Haveli-New_Delhi_National_Capital_Territory_of_Delhi.html,8892/95 multani dhanda,new delhi,-1,India,110055,-1,-1,13,4.166666666666667,3.75,4.25,3.0,4.0,0.0,3.8333333333333335,
india_new delhi_hotel_rajdoot,hotel rajdoot,http://www.tripadvisor.com/ShowUserReviews-g304551-d598996-r31605766-Hotel_Rajdoot-New_Delhi_National_Capital_Territory_of_Delhi.html,13-b jangpura,new delhi,-1,India,110014,-1,-1,3,4.0,3.3333333333333335,4.333333333333333,3.6666666666666665,4.0,0.0,3.8666666666666663,
india_new delhi_chirag_residency,chirag residency,http://www.tripadvisor.com/ShowUserReviews-g304551-d1171950-r47785484-Chirag_Residency-New_Delhi_National_Capital_Territory_of_Delhi.html,b-18  chirag enclave,new delhi,-1,India,110019,-1,-1,3,3.3333333333333335,3.0,3.3333333333333335,4.333333333333333,3.3333333333333335,0.0,3.4666666666666663,
india_new delhi_claremont_hotel_and_convention_centre,claremont hotel and convention centre,http://www.tripadvisor.com/ShowUserReviews-g304551-d659582-r49174555-Claremont_Hotel_and_Convention_Centre-New_Delhi_National_Capital_Territory_of_Delhi.html,aaya nagar,new delhi,-1,India,110030,-1,-1,11,3.375,3.125,3.5,2.75,3.125,0.0,3.175,
india_new delhi_comfort_inn_president,comfort inn president,http://www.tripadvisor.com/ShowUserReviews-g304551-d1177892-r24388751-Comfort_Inn_President-New_Delhi_National_Capital_Territory_of_Delhi.html,4/23 b asaf ali road,new delhi,-1,India,110002,-1,-1,1,5.0,5.0,5.0,4.0,5.0,0.0,4.8,
india_new delhi_hotel_today_international,hotel today international,http://www.tripadvisor.com/ShowUserReviews-g304551-d1533875-r46984062-Hotel_Today_International-New_Delhi_National_Capital_Territory_of_Delhi.html,3 / 11 db gupta rd,new delhi,-1,India,110055,-1,-1,2,4.5,4.0,4.5,4.5,4.0,0.0,4.3,
india_new delhi_hotel_de_holiday_inn,hotel de holiday inn,http://www.tripadvisor.com/ShowUserReviews-g304551-d866576-r47757278-Hotel_De_Holiday_Inn-New_Delhi_National_Capital_Territory_of_Delhi.html,22/18  raj guru road  chuna mandi,new delhi,-1,India,110055,-1,-1,2,4.5,4.0,5.0,5.0,4.5,0.0,4.6,
india_new delhi_hotel_jyoti_deluxe,hotel jyoti deluxe,http://www.tripadvisor.com/ShowUserReviews-g304551-d678162-r47769340-Hotel_Jyoti_Deluxe-New_Delhi_National_Capital_Territory_of_Delhi.html,4/68  w.e.a. saraswati marg,new delhi,-1,India,110005,-1,-1,2,4.0,4.0,4.5,4.5,5.0,0.0,4.4,
india_new delhi_hotel_classic,hotel classic,http://www.tripadvisor.com/ShowUserReviews-g304551-d601509-r50149319-Hotel_Classic-New_Delhi_National_Capital_Territory_of_Delhi.html,17a/59 wea karol bagh,new delhi,-1,India,110005,-1,-1,40,3.6052631578947367,3.5526315789473686,3.8157894736842106,3.8421052631578947,3.5789473684210527,0.0,3.6789473684210527,
india_new delhi_hotel_clark_heights,hotel clark heights,http://www.tripadvisor.com/ShowUserReviews-g304551-d1110798-r50259234-Hotel_Clark_Heights-New_Delhi_National_Capital_Territory_of_Delhi.html,1/1 west patel nagar,new delhi,-1,India,110008,-1,-1,23,3.619047619047619,3.761904761904762,3.380952380952381,3.0952380952380953,3.2857142857142856,0.0,3.4285714285714284,
india_new delhi_ajanta_hotel,ajanta hotel,http://www.tripadvisor.com/ShowUserReviews-g304551-d306951-r50514964-Ajanta_Hotel-New_Delhi_National_Capital_Territory_of_Delhi.html,36 arakashan rd,new delhi,-1,India,110055,-1,-1,182,3.2413793103448274,3.0551724137931036,3.117241379310345,3.3655172413793104,3.179310344827586,0.0,3.1917241379310344,
india_new delhi_hotel_kwality,hotel kwality,http://www.tripadvisor.com/ShowUserReviews-g304551-d547006-r47610373-Hotel_Kwality-New_Delhi_National_Capital_Territory_of_Delhi.html,53 arakashan road,new delhi,-1,India,110055,-1,-1,2,4.0,4.0,4.5,4.5,4.0,0.0,4.2,
india_new delhi_nice_palace_hotel_new_delhi,nice palace hotel new delhi,http://www.tripadvisor.com/ShowUserReviews-g304551-d1211053-r50470243-Nice_Palace_Hotel_New_Delhi-New_Delhi_National_Capital_Territory_of_Delhi.html,17a/13 wea opp jassa ram hospital  karol bagh 110005 new delhi,new delhi,-1,India,-1,-1,-1,2,4.0,4.0,4.0,4.5,4.5,0.0,4.2,
india_new delhi_avalon_courtyard,avalon courtyard,http://www.tripadvisor.com/ShowUserReviews-g304551-d601707-r50027837-Avalon_Courtyard-New_Delhi_National_Capital_Territory_of_Delhi.html,empire estate  mehrauli gurgaon road,new delhi,-1,India,110 030,-1,-1,12,4.4,3.7,3.7,1.6,2.6,0.0,3.2,
india_new delhi_hotel_shanti_palace,hotel shanti palace,http://www.tripadvisor.com/ShowUserReviews-g304551-d625698-r36689662-Hotel_Shanti_Palace-New_Delhi_National_Capital_Territory_of_Delhi.html,a-67 mahipalpur extn.  national highway-8,new delhi,-1,India,110001,-1,-1,14,3.5454545454545454,3.090909090909091,3.1818181818181817,3.272727272727273,2.8181818181818183,0.0,3.1818181818181817,
india_new delhi_cottage_yes_please,cottage yes please,http://www.tripadvisor.com/ShowUserReviews-g304551-d636798-r50021646-Cottage_Yes_Please-New_Delhi_National_Capital_Territory_of_Delhi.html,1843-44 laxmi narayan street  raguru road  chuna manid,new delhi,-1,India,110055,-1,-1,21,3.3,3.3,3.2,3.7,3.45,0.0,3.3899999999999997,
india_new delhi_metro_continental_hotel,metro continental hotel,http://www.tripadvisor.com/ShowUserReviews-g304551-d968824-r31825417-Metro_Continental_Hotel-New_Delhi_National_Capital_Territory_of_Delhi.html,15a/5 wea  opp. ajmal khan road,new delhi,-1,India,110005,-1,-1,1,4.0,4.0,1.0,4.0,4.0,0.0,3.4,
india_new delhi_jaypee_siddharth,jaypee siddharth,http://www.tripadvisor.com/ShowUserReviews-g304551-d304639-r38476988-Jaypee_Siddharth-New_Delhi_National_Capital_Territory_of_Delhi.html,3  rajendra place,new delhi,-1,India,110008,-1,-1,18,3.4444444444444446,3.2222222222222223,3.5555555555555554,3.2222222222222223,3.3333333333333335,0.0,3.3555555555555556,
india_new delhi_hotel_waves,hotel waves,http://www.tripadvisor.com/ShowUserReviews-g304551-d1149960-r34976200-Hotel_Waves-New_Delhi_National_Capital_Territory_of_Delhi.html,mahipalpur extn. a- block  n.h.-8 near airport,new delhi,-1,India,110037,-1,-1,2,4.0,3.5,3.0,4.5,3.5,0.0,3.7,
india_new delhi_hotel_swati,hotel swati,http://www.tripadvisor.com/ShowUserReviews-g304551-d633507-r46832079-Hotel_Swati-New_Delhi_National_Capital_Territory_of_Delhi.html,15a/56  w.e.a karol bagh,new delhi,-1,India,110005,-1,-1,17,3.533333333333333,3.2,3.7333333333333334,3.933333333333333,3.2,0.0,3.5200000000000005,
india_new delhi_hotel_vikram,hotel vikram,http://www.tripadvisor.com/ShowUserReviews-g304551-d530858-r49612713-Hotel_Vikram-New_Delhi_National_Capital_Territory_of_Delhi.html,ring rd lajpat nagar,new delhi,-1,India,110 024,-1,-1,22,3.6875,3.625,3.6875,3.375,3.25,0.0,3.525,
india_new delhi_the_park_new_delhi,the park new delhi,http://www.tripadvisor.com/ShowUserReviews-g304551-d302332-r50547498-The_Park_New_Delhi-New_Delhi_National_Capital_Territory_of_Delhi.html,15 parliament street,new delhi,-1,India,110001,-1,-1,138,3.485148514851485,3.267326732673267,3.3069306930693068,3.9603960396039604,2.8415841584158414,0.0,3.3722772277227717,
india_new delhi_hotel_park_plaza_new_delhi,hotel park plaza new delhi,http://www.tripadvisor.com/ShowUserReviews-g304551-d1211046-r50423828-Hotel_Park_Plaza_New_Delhi-New_Delhi_National_Capital_Territory_of_Delhi.html,b-block  sushant lok phase - i,new delhi,-1,India,122 002,-1,-1,1,4.0,5.0,5.0,4.0,4.0,0.0,4.4,
india_new delhi_hotel_hilton_palace,hotel hilton palace,http://www.tripadvisor.com/ShowUserReviews-g304551-d1009284-r31095282-Hotel_Hilton_Palace-New_Delhi_National_Capital_Territory_of_Delhi.html,c-91 shankar road,new delhi,-1,India,110060,-1,-1,2,4.5,3.5,4.5,4.5,4.0,0.0,4.2,
india_new delhi_hotel_thirty_three,hotel thirty three,http://www.tripadvisor.com/ShowUserReviews-g304551-d941051-r23991990-Hotel_Thirty_Three-New_Delhi_National_Capital_Territory_of_Delhi.html,33 sirifort rd,new delhi,-1,India,110049,-1,-1,2,4.0,3.5,4.0,3.5,3.5,0.0,3.7,
india_new delhi_hotel_rak_international,hotel rak international,http://www.tripadvisor.com/ShowUserReviews-g304551-d1051171-r38298063-Hotel_Rak_International-New_Delhi_National_Capital_Territory_of_Delhi.html,820 main bazaar,new delhi,-1,India,110 055,-1,-1,6,3.0,2.8333333333333335,3.3333333333333335,3.8333333333333335,2.8333333333333335,0.0,3.166666666666667,
india_new delhi_hotel_grand_central,hotel grand central,http://www.tripadvisor.com/ShowUserReviews-g304551-d1149720-r39006276-Hotel_Grand_Central-New_Delhi_National_Capital_Territory_of_Delhi.html,15-a 32 wea  ajmal khan road,new delhi,-1,India,110005,-1,-1,3,3.6666666666666665,4.333333333333333,3.6666666666666665,3.0,4.333333333333333,0.0,3.8,
india_new delhi_hotel_legend_international,hotel legend international,http://www.tripadvisor.com/ShowUserReviews-g304551-d1051175-r50209777-Hotel_Legend_International-New_Delhi_National_Capital_Territory_of_Delhi.html,8525  hotel lane,new delhi,-1,India,110055,-1,-1,36,3.696969696969697,3.606060606060606,3.3333333333333335,3.6666666666666665,3.727272727272727,0.0,3.6060606060606055,
india_new delhi_metropolis_tourist_home,metropolis tourist home,http://www.tripadvisor.com/ShowUserReviews-g304551-d631510-r41363112-Metropolis_Tourist_Home-New_Delhi_National_Capital_Territory_of_Delhi.html,1634-35  main bazar  pahar ganj,new delhi,-1,India,-1,-1,-1,13,3.0,3.0,3.5555555555555554,3.7777777777777777,3.0,0.0,3.2666666666666666,
india_new delhi_hotel_vasundhara,hotel vasundhara,http://www.tripadvisor.com/ShowUserReviews-g304551-d1234186-r27650841-Hotel_Vasundhara-New_Delhi_National_Capital_Territory_of_Delhi.html,c-662,new delhi,-1,India,110065,-1,-1,2,4.0,3.5,4.0,3.5,4.0,0.0,3.8,
india_new delhi_the_grand_new_delhi,the grand new delhi,http://www.tripadvisor.com/ShowUserReviews-g304551-d304415-r50188807-The_Grand_New_Delhi-New_Delhi_National_Capital_Territory_of_Delhi.html,vasant kunj phase ii  nelson mandela rd.,new delhi,-1,India,110070,-1,-1,44,4.25,4.333333333333333,3.5833333333333335,3.4166666666666665,3.375,0.0,3.791666666666667,
india_new delhi_hotel_blue_bell,hotel blue bell,http://www.tripadvisor.com/ShowUserReviews-g304551-d1063177-r42781951-Hotel_Blue_Bell-New_Delhi_National_Capital_Territory_of_Delhi.html,t-2526  elahibaksh road,new delhi,-1,India,110005,-1,-1,3,4.0,4.333333333333333,3.3333333333333335,3.3333333333333335,4.0,0.0,3.8,
india_new delhi_shervani_new_delhi,shervani new delhi,http://www.tripadvisor.com/ShowUserReviews-g304551-d647245-r46713934-Shervani_New_Delhi-New_Delhi_National_Capital_Territory_of_Delhi.html,11  sunder nagar,new delhi,-1,India,110003,-1,-1,12,3.8181818181818183,3.727272727272727,3.090909090909091,3.909090909090909,3.3636363636363638,0.0,3.581818181818181,
india_new delhi_hotel_suncity,hotel suncity,http://www.tripadvisor.com/ShowUserReviews-g304551-d604906-r50534167-Hotel_Suncity-New_Delhi_National_Capital_Territory_of_Delhi.html,11a/34  w.e.a  channa market,new delhi,-1,India,110005,-1,-1,4,4.5,4.5,4.25,4.0,5.0,0.0,4.45,
india_new delhi_hotel_diplomat,hotel diplomat,http://www.tripadvisor.com/ShowUserReviews-g304551-d1493427-r38007686-Hotel_Diplomat-New_Delhi_National_Capital_Territory_of_Delhi.html,9  sardar patel marg  diplomatic enclave,new delhi,-1,India,-1,-1,-1,1,4.0,5.0,2.0,4.0,1.0,0.0,3.2,
india_new delhi_park_premier_hotel_new_delhi,park premier hotel new delhi,http://www.tripadvisor.com/ShowUserReviews-g304551-d1211049-r35060065-Park_Premier_Hotel_New_Delhi-New_Delhi_National_Capital_Territory_of_Delhi.html,353-357  sector 29  city center,new delhi,-1,India,-1,-1,-1,1,4.0,4.0,4.0,4.0,3.0,0.0,3.8,
india_new delhi_tourist_holiday_home,tourist holiday home,http://www.tripadvisor.com/ShowUserReviews-g304551-d653168-r18033661-Tourist_Holiday_Home-New_Delhi_National_Capital_Territory_of_Delhi.html,7 link road,new delhi,-1,India,110014,-1,-1,1,5.0,4.0,5.0,4.0,5.0,0.0,4.6,
india_new delhi_raja_hotel,raja hotel,http://www.tripadvisor.com/ShowUserReviews-g304551-d478018-r49807755-Raja_Hotel-New_Delhi_National_Capital_Territory_of_Delhi.html,5  ara kashan road  ram nagar,new delhi,-1,India,110055,-1,-1,2,3.0,3.0,3.5,3.0,3.0,0.0,3.1,
india_new delhi_raunak_international,raunak international,http://www.tripadvisor.com/ShowUserReviews-g304551-d1585649-r49398963-Raunak_International-New_Delhi_National_Capital_Territory_of_Delhi.html,4/38  w. e. a. krishna market ,new delhi,-1,India,110005,-1,-1,2,4.0,3.5,5.0,3.5,4.0,0.0,4.0,
india_new delhi_ashoka_hotel,ashoka hotel,http://www.tripadvisor.com/ShowUserReviews-g304551-d1462013-r32178857-Ashoka_Hotel-New_Delhi_National_Capital_Territory_of_Delhi.html,jan path,new delhi,-1,India,-1,-1,-1,1,4.0,4.0,4.0,3.0,3.0,0.0,3.6,
india_new delhi_hotel_swagath,hotel swagath,http://www.tripadvisor.com/ShowUserReviews-g304551-d1150088-r49496869-Hotel_Swagath-New_Delhi_National_Capital_Territory_of_Delhi.html,c-8  malviya nagar,new delhi,-1,India,110017,-1,-1,1,5.0,4.0,3.0,5.0,4.0,0.0,4.2,
india_new delhi_the_residence_greater_kailash,the residence greater kailash,http://www.tripadvisor.com/ShowUserReviews-g304551-d1201334-r28642670-The_Residence_Greater_Kailash-New_Delhi_National_Capital_Territory_of_Delhi.html,r-53 great kailash -1,new delhi,-1,India,110048,-1,-1,3,3.6666666666666665,3.6666666666666665,3.6666666666666665,3.3333333333333335,3.0,0.0,3.4666666666666663,
india_new delhi_hotel_naman_palace,hotel naman palace,http://www.tripadvisor.com/ShowUserReviews-g304551-d789554-r28896929-Hotel_Naman_Palace-New_Delhi_National_Capital_Territory_of_Delhi.html,4/32  w.e.a  karol bagh,new delhi,-1,India,110005,-1,-1,1,3.0,3.0,3.0,4.0,4.0,0.0,3.4,
india_new delhi_hotel_singh_international,hotel singh international,http://www.tripadvisor.com/ShowUserReviews-g304551-d678326-r21689041-Hotel_Singh_International-New_Delhi_National_Capital_Territory_of_Delhi.html,4/64 padam singh road  karol bagh,new delhi,-1,India,110005,-1,-1,1,4.0,3.0,4.0,4.0,4.0,0.0,3.8,
india_new delhi_clarion_collection_qutab_hotel_apartments,clarion collection qutab hotel apartments,http://www.tripadvisor.com/ShowUserReviews-g304551-d456050-r33122983-Clarion_Collection_Qutab_Hotel_Apartments-New_Delhi_National_Capital_Territory_of_Delhi.html,shaheed jeet singh marg,new delhi,-1,India,110 016,-1,-1,15,3.6363636363636362,3.4545454545454546,3.272727272727273,2.909090909090909,3.090909090909091,0.0,3.2727272727272725,
india_new delhi_lords_inn,lords inn,http://www.tripadvisor.com/ShowUserReviews-g304551-d1142078-r25279465-Lords_Inn-New_Delhi_National_Capital_Territory_of_Delhi.html,a-10  c.r park,new delhi,-1,India,110019,-1,-1,1,4.0,4.0,5.0,1.0,4.0,0.0,3.6,
india_new delhi_megha_palace,megha palace,http://www.tripadvisor.com/ShowUserReviews-g304551-d651434-r50462500-Megha_Palace-New_Delhi_National_Capital_Territory_of_Delhi.html,39/3 old rajinder nagar,new delhi,-1,India,110060,-1,-1,8,2.857142857142857,3.0,3.2857142857142856,2.7142857142857144,2.5714285714285716,0.0,2.885714285714286,
india_new delhi_ahuja_residency,ahuja residency,http://www.tripadvisor.com/ShowUserReviews-g304551-d1014366-r50368569-Ahuja_Residency-New_Delhi_National_Capital_Territory_of_Delhi.html,193 golf links,new delhi,-1,India,110 003,-1,-1,3,3.3333333333333335,3.0,3.6666666666666665,4.333333333333333,3.3333333333333335,0.0,3.5333333333333328,
india_new delhi_tourist_deluxe_hotel,tourist deluxe hotel,http://www.tripadvisor.com/ShowUserReviews-g304551-d1142163-r32072968-Tourist_Deluxe_Hotel-New_Delhi_National_Capital_Territory_of_Delhi.html,7361  ram nagar  qutab road,new delhi,-1,India,110055,-1,-1,2,3.5,3.0,3.5,3.5,3.0,0.0,3.3,
india_new delhi_hotel_grand_peepal,hotel grand peepal,http://www.tripadvisor.com/ShowUserReviews-g304551-d1074368-r50431766-Hotel_Grand_Peepal-New_Delhi_National_Capital_Territory_of_Delhi.html,4/1 wea  saraswati marg  karol bagh,new delhi,-1,India,110005,-1,-1,8,3.142857142857143,3.2857142857142856,3.0,3.2857142857142856,2.7142857142857144,0.0,3.0857142857142854,
india_new delhi_ashoka_intercontinental,ashoka intercontinental,http://www.tripadvisor.com/ShowUserReviews-g304551-d1159807-r39294793-Ashoka_InterContinental-New_Delhi_National_Capital_Territory_of_Delhi.html,8383  arakashan road  pahar ganj,new delhi,-1,India,110005,-1,-1,3,3.3333333333333335,3.0,4.0,3.6666666666666665,3.0,0.0,3.4,
india_new delhi_karat_87_inn,karat 87 inn,http://www.tripadvisor.com/ShowUserReviews-g304551-d1173662-r37537166-Karat_87_Inn-New_Delhi_National_Capital_Territory_of_Delhi.html,18 / 19 wea  padam singh rd,new delhi,-1,India,110005,-1,-1,2,3.0,3.0,2.5,3.0,3.0,0.0,2.9,
india_new delhi_hotel_broadway,hotel broadway,http://www.tripadvisor.com/ShowUserReviews-g304551-d650012-r37478859-Hotel_Broadway-New_Delhi_National_Capital_Territory_of_Delhi.html,4/15a asabroadway hotelf ali road,new delhi,-1,India,110 002,-1,-1,19,3.2666666666666666,3.0,3.6,3.2,3.6,0.0,3.333333333333333,
india_new delhi_ashok_country_resort,ashok country resort,http://www.tripadvisor.com/ShowUserReviews-g304551-d553659-r50502327-Ashok_Country_Resort-New_Delhi_National_Capital_Territory_of_Delhi.html,30 rajokri road,new delhi,-1,India,110037,-1,-1,58,3.13953488372093,2.813953488372093,2.9767441860465116,3.2325581395348837,2.7674418604651163,0.0,2.986046511627907,
india_new delhi_lamba_s_house,lamba s house,http://www.tripadvisor.com/ShowUserReviews-g304551-d674999-r32084603-Lamba_s_House-New_Delhi_National_Capital_Territory_of_Delhi.html,c-5  kalkaji,new delhi,-1,India,110019,-1,-1,2,3.5,3.0,4.0,3.5,3.0,0.0,3.4,
india_new delhi_ambica_palace,ambica palace,http://www.tripadvisor.com/ShowUserReviews-g304551-d1154083-r49458497-Ambica_Palace-New_Delhi_National_Capital_Territory_of_Delhi.html,a 1/300  safdarjung enclave,new delhi,-1,India,110029,-1,-1,2,3.5,3.0,3.5,3.5,3.5,0.0,3.4,
india_new delhi_the_beaufort_inn,the beaufort inn,http://www.tripadvisor.com/ShowUserReviews-g304551-d729905-r28187102-The_Beaufort_Inn-New_Delhi_National_Capital_Territory_of_Delhi.html,main mathura road,new delhi,-1,India,-1,-1,-1,1,3.0,4.0,3.0,4.0,4.0,0.0,3.6,
india_new delhi_comfort_homestay,comfort homestay,http://www.tripadvisor.com/ShowUserReviews-g304551-d1101555-r25093745-Comfort_Homestay-New_Delhi_National_Capital_Territory_of_Delhi.html,-1,new delhi,-1,India,-1,-1,-1,1,4.0,4.0,3.0,3.0,3.0,0.0,3.4,
india_new delhi_aman_otel,aman otel,http://www.tripadvisor.com/ShowUserReviews-g304551-d667860-r31466802-Aman_Otel-New_Delhi_National_Capital_Territory_of_Delhi.html,plot no. 262  west end marg  m.b. road  t point cisf camp,new delhi,-1,India,110030,-1,-1,3,3.6666666666666665,3.3333333333333335,3.6666666666666665,1.6666666666666667,3.0,0.0,3.0666666666666664,
india_new delhi_hotel_park_land_chirag_enclave,hotel park land chirag enclave,http://www.tripadvisor.com/ShowUserReviews-g304551-d1146271-r21121075-Hotel_Park_Land_Chirag_Enclave-New_Delhi_National_Capital_Territory_of_Delhi.html,b-14  chirag enclave,new delhi,-1,India,110048,-1,-1,1,3.0,4.0,4.0,5.0,4.0,0.0,4.0,
india_new delhi_grand_sartaj_hotel,grand sartaj hotel,http://www.tripadvisor.com/ShowUserReviews-g304551-d1174703-r38432691-Grand_Sartaj_Hotel-New_Delhi_National_Capital_Territory_of_Delhi.html,a-3 green marg  aurobindo marg,new delhi,-1,India,110016,-1,-1,5,3.4,3.4,4.0,2.8,3.8,0.0,3.4799999999999995,
india_new delhi_rani_castle_hotel,rani castle hotel,http://www.tripadvisor.com/ShowUserReviews-g304551-d1142128-r32283928-Rani_Castle_Hotel-New_Delhi_National_Capital_Territory_of_Delhi.html,c 10  greater kailash,new delhi,-1,India,110048,-1,-1,2,3.0,3.5,3.5,5.0,4.0,0.0,3.8,
india_new delhi_cottage_ganga_inn,cottage ganga inn,http://www.tripadvisor.com/ShowUserReviews-g304551-d1425839-r33411964-Cottage_Ganga_Inn-New_Delhi_National_Capital_Territory_of_Delhi.html,1532 bazaar sngtrashan pahar ganj ,new delhi,-1,India,55,-1,-1,2,3.5,3.0,3.5,4.0,3.5,0.0,3.5,
india_new delhi_hotel_vishesh_continental,hotel vishesh continental,http://www.tripadvisor.com/ShowUserReviews-g304551-d1009433-r17774417-Hotel_Vishesh_Continental-New_Delhi_National_Capital_Territory_of_Delhi.html,7 a/12  w.e.a,new delhi,-1,India,110005,-1,-1,1,5.0,3.0,4.0,4.0,4.0,0.0,4.0,
india_new delhi_the_muse_hotel,the muse hotel,http://www.tripadvisor.com/ShowUserReviews-g304551-d1067282-r37011564-The_Muse_Hotel-New_Delhi_National_Capital_Territory_of_Delhi.html,a-1 chirag enclave  nehru palace,new delhi,-1,India,110048,-1,-1,7,3.6666666666666665,3.5,3.1666666666666665,3.5,3.5,0.0,3.4666666666666663,
india_new delhi_rahul_palace_hotel,rahul palace hotel,http://www.tripadvisor.com/ShowUserReviews-g304551-d505777-r32673899-Rahul_Palace_Hotel-New_Delhi_National_Capital_Territory_of_Delhi.html,5 / 3  wea  main ajmal khan rd,new delhi,-1,India,110005,-1,-1,42,2.9130434782608696,2.652173913043478,3.0434782608695654,3.130434782608696,2.739130434782609,0.0,2.895652173913043,
india_new delhi_hotel_host_inn,hotel host inn,http://www.tripadvisor.com/ShowUserReviews-g304551-d653132-r38145217-Hotel_Host_Inn-New_Delhi_National_Capital_Territory_of_Delhi.html,f-33 connaught place,new delhi,-1,India,110001,-1,-1,1,4.0,3.0,3.0,4.0,4.0,0.0,3.6,
india_new delhi_hotel_parkland_sufderjang_enclave,hotel parkland sufderjang enclave,http://www.tripadvisor.com/ShowUserReviews-g304551-d1110599-r28187091-Hotel_Parkland_Sufderjang_Enclave-New_Delhi_National_Capital_Territory_of_Delhi.html,a 2/5  safdarjung enclave,new delhi,-1,India,110029,-1,-1,1,4.0,4.0,4.0,3.0,4.0,0.0,3.8,
india_new delhi_hotel_southern,hotel southern,http://www.tripadvisor.com/ShowUserReviews-g304551-d615847-r45725896-Hotel_Southern-New_Delhi_National_Capital_Territory_of_Delhi.html,18/1  arya samaj road,new delhi,-1,India,110005,-1,-1,29,3.3157894736842106,3.1578947368421053,3.3157894736842106,3.1578947368421053,3.0,0.0,3.1894736842105265,
india_new delhi_hotel_red_castle,hotel red castle,http://www.tripadvisor.com/ShowUserReviews-g304551-d1020167-r14480411-Hotel_Red_Castle-New_Delhi_National_Capital_Territory_of_Delhi.html,7a/78 wea channa market,new delhi,-1,India,110005,-1,-1,-1,0.0,0.0,0.0,0.0,0.0,0.0,-1.0,
india_new delhi_hotel_raunak,hotel raunak,http://www.tripadvisor.com/ShowUserReviews-g304551-d1224318-r44174885-Hotel_Raunak-New_Delhi_National_Capital_Territory_of_Delhi.html,4/70  w. e. a. krishna market ,new delhi,-1,India,110 005,-1,-1,4,3.0,3.0,3.0,4.75,3.25,0.0,3.4,
india_new delhi_conclave_executive,conclave executive,http://www.tripadvisor.com/ShowUserReviews-g304551-d653129-r28730887-Conclave_Executive-New_Delhi_National_Capital_Territory_of_Delhi.html,r-30 nehru enclave,new delhi,-1,India,110019,-1,-1,2,4.5,4.0,3.5,4.0,3.5,0.0,3.9,
india_new delhi_hotel_asian_international,hotel asian international,http://www.tripadvisor.com/ShowUserReviews-g304551-d652635-r48545990-Hotel_Asian_International-New_Delhi_National_Capital_Territory_of_Delhi.html,janpath lane,new delhi,-1,India,110001,-1,-1,3,3.0,2.6666666666666665,4.0,4.666666666666667,3.3333333333333335,0.0,3.5333333333333337,
india_new delhi_pamposh_guest_house,pamposh guest house,http://www.tripadvisor.com/ShowUserReviews-g304551-d483715-r45666562-Pamposh_Guest_House-New_Delhi_National_Capital_Territory_of_Delhi.html,m - 83 greater kailash ii (mkt),new delhi,-1,India,110048,-1,-1,8,3.142857142857143,3.4285714285714284,3.142857142857143,3.5714285714285716,3.0,0.0,3.257142857142857,
india_new delhi_hotel_mandakani_palace,hotel mandakani palace,http://www.tripadvisor.com/ShowUserReviews-g304551-d673953-r22413025-Hotel_Mandakani_Palace-New_Delhi_National_Capital_Territory_of_Delhi.html,8/29  wea karol bagh,new delhi,-1,India,110005,-1,-1,1,5.0,5.0,5.0,3.0,4.0,0.0,4.4,
india_new delhi_icon_villa_hotel,icon villa hotel,http://www.tripadvisor.com/ShowUserReviews-g304551-d1142062-r28538218-Icon_Villa_Hotel-New_Delhi_National_Capital_Territory_of_Delhi.html,f-75  poorvi marg,new delhi,-1,India,110057,-1,-1,1,5.0,4.0,5.0,4.0,5.0,0.0,4.6,
india_new delhi_hotel_syal,hotel syal,http://www.tripadvisor.com/ShowUserReviews-g304551-d547163-r14759897-Hotel_Syal-New_Delhi_National_Capital_Territory_of_Delhi.html,43 arakashan road  ram nagar,new delhi,-1,India,110055,-1,-1,1,4.0,4.0,4.0,3.0,4.0,0.0,3.8,
india_new delhi_j_s_inn_hotel,j s inn hotel,http://www.tripadvisor.com/ShowUserReviews-g304551-d1142071-r31460724-J_s_Inn_Hotel-New_Delhi_National_Capital_Territory_of_Delhi.html,b-14  vasant marg,new delhi,-1,India,110057,-1,-1,1,3.0,4.0,4.0,4.0,4.0,0.0,3.8,
india_new delhi_the_connaught,the connaught,http://www.tripadvisor.com/ShowUserReviews-g304551-d456055-r50532742-The_Connaught-New_Delhi_National_Capital_Territory_of_Delhi.html,37 shaheed bhagat singh marg,new delhi,-1,India,110001,-1,-1,61,2.810810810810811,2.72972972972973,2.945945945945946,3.810810810810811,2.7837837837837838,0.0,3.016216216216216,
india_new delhi_central_court_hotel,central court hotel,http://www.tripadvisor.com/ShowUserReviews-g304551-d1070701-r31631487-Central_Court_Hotel-New_Delhi_National_Capital_Territory_of_Delhi.html,n block  connaught circle,new delhi,-1,India,110001,-1,-1,2,3.5,3.5,3.5,4.5,4.5,0.0,3.9,
india_new delhi_hotel_sunstar_residency,hotel sunstar residency,http://www.tripadvisor.com/ShowUserReviews-g304551-d477944-r24931768-Hotel_Sunstar_Residency-New_Delhi_National_Capital_Territory_of_Delhi.html,8a/50  w.e.a.  channa market  karol bagh ,new delhi,-1,India,110005,-1,-1,10,3.6666666666666665,3.3333333333333335,2.0,2.6666666666666665,3.0,0.0,2.933333333333333,
india_new delhi_hotel_sunrise,hotel sunrise,http://www.tripadvisor.com/ShowUserReviews-g304551-d1488838-r50407220-Hotel_Sunrise-New_Delhi_National_Capital_Territory_of_Delhi.html,4/52  wea  saraswati marg  karol bagh,new delhi,-1,India,110005,-1,-1,33,3.8,3.7,3.7,3.533333333333333,3.7666666666666666,0.0,3.7,
india_new delhi_hotel_landmark_inn,hotel landmark inn,http://www.tripadvisor.com/ShowUserReviews-g304551-d595681-r21695273-Hotel_Landmark_Inn-New_Delhi_National_Capital_Territory_of_Delhi.html,10184  suriya kiran mansion,new delhi,-1,India,110005,-1,-1,1,5.0,5.0,4.0,5.0,4.0,0.0,4.6,
india_new delhi_hotel_comfort_zone,hotel comfort zone,http://www.tripadvisor.com/ShowUserReviews-g304551-d678327-r10019157-Hotel_Comfort_Zone-New_Delhi_National_Capital_Territory_of_Delhi.html,e586 greater kailash-ii,new delhi,-1,India,110048,-1,-1,-1,0.0,0.0,0.0,0.0,0.0,0.0,-1.0,
india_new delhi_rockland_inn,rockland inn,http://www.tripadvisor.com/ShowUserReviews-g304551-d729963-r30758352-Rockland_Inn-New_Delhi_National_Capital_Territory_of_Delhi.html,b-207 cr park,new delhi,-1,India,110019,-1,-1,4,3.3333333333333335,2.6666666666666665,3.0,2.0,3.0,0.0,2.8,
india_new delhi_hotel_sobti,hotel sobti,http://www.tripadvisor.com/ShowUserReviews-g304551-d653151-r29142239-Hotel_Sobti-New_Delhi_National_Capital_Territory_of_Delhi.html,2397 - 98  hardhian singh road,new delhi,-1,India,110005,-1,-1,1,4.0,4.0,4.0,5.0,5.0,0.0,4.4,
india_new delhi_silver_ferns_hotel,silver ferns hotel,http://www.tripadvisor.com/ShowUserReviews-g304551-d678147-r29956134-Silver_Ferns_Hotel-New_Delhi_National_Capital_Territory_of_Delhi.html,31-32  community centre,new delhi,-1,India,110017,-1,-1,8,3.142857142857143,3.142857142857143,2.2857142857142856,2.857142857142857,2.5714285714285716,0.0,2.8,
india_new delhi_hotel_major_s_den,hotel major s den,http://www.tripadvisor.com/ShowUserReviews-g304551-d1015625-r39159255-Hotel_Major_s_Den-New_Delhi_National_Capital_Territory_of_Delhi.html,#234  behind imperial cinema  paharganj,new delhi,-1,India,110055,-1,-1,2,1.5,1.5,3.0,2.0,2.5,0.0,2.1,
india_new delhi_boutique_hotel_cartel_palace,boutique hotel cartel palace,http://www.tripadvisor.com/ShowUserReviews-g304551-d1584924-r49976784-Boutique_Hotel_Cartel_Palace-New_Delhi_National_Capital_Territory_of_Delhi.html,8a/49  w.e.a channa market ,new delhi,-1,India,110005,-1,-1,1,3.0,3.0,3.0,4.0,5.0,0.0,3.6,
india_new delhi_hotel_tourist_lodge,hotel tourist lodge,http://www.tripadvisor.com/ShowUserReviews-g304551-d653170-r37039020-Hotel_Tourist_Lodge-New_Delhi_National_Capital_Territory_of_Delhi.html,26  arakashan road,new delhi,-1,India,110055,-1,-1,2,2.0,2.5,2.0,3.5,3.0,0.0,2.6,
india_new delhi_hotel_orchid,hotel orchid,http://www.tripadvisor.com/ShowUserReviews-g304551-d653144-r46435005-Hotel_Orchid-New_Delhi_National_Capital_Territory_of_Delhi.html,g-4  south extension,new delhi,-1,India,110049,-1,-1,-1,0.0,0.0,0.0,0.0,0.0,0.0,-1.0,
india_new delhi_batra_holiday_home,batra holiday home,http://www.tripadvisor.com/ShowUserReviews-g304551-d1142050-r37037928-Batra_Holiday_Home-New_Delhi_National_Capital_Territory_of_Delhi.html,4  bhogal road  jangpura,new delhi,-1,India,110014,-1,-1,1,2.0,3.0,3.0,3.0,3.0,0.0,2.8,
india_new delhi_hotel_payal,hotel payal,http://www.tripadvisor.com/ShowUserReviews-g304551-d1517357-r43321611-Hotel_Payal-New_Delhi_National_Capital_Territory_of_Delhi.html,1182  main bazar  paharganj,new delhi,-1,India,110055,-1,-1,1,3.0,4.0,4.0,5.0,3.0,0.0,3.8,
india_new delhi_the_grand_inn,the grand inn,http://www.tripadvisor.com/ShowUserReviews-g304551-d604996-r32032640-The_Grand_Inn-New_Delhi_National_Capital_Territory_of_Delhi.html,59/37 new rohtak road near liberty cinema,new delhi,-1,India,110005,-1,-1,9,3.0,3.0,3.625,3.25,3.25,0.0,3.225,
india_new delhi_hotel_cosmo,hotel cosmo,http://www.tripadvisor.com/ShowUserReviews-g304551-d968562-r37708999-Hotel_Cosmo-New_Delhi_National_Capital_Territory_of_Delhi.html,7a 40 w e a,new delhi,-1,India,110005,-1,-1,1,4.0,4.0,3.0,3.0,4.0,0.0,3.6,
india_new delhi_vaishnaw_hotel,vaishnaw hotel,http://www.tripadvisor.com/ShowUserReviews-g304551-d1566741-r46111388-Vaishnaw_Hotel-New_Delhi_National_Capital_Territory_of_Delhi.html,23  gandhi gali ,new delhi,-1,India,110006,-1,-1,1,5.0,4.0,4.0,3.0,4.0,0.0,4.0,
india_new delhi_janpath_guest_house,janpath guest house,http://www.tripadvisor.com/ShowUserReviews-g304551-d1142074-r24085534-Janpath_Guest_House-New_Delhi_National_Capital_Territory_of_Delhi.html,82-84  janpath,new delhi,-1,India,110001,-1,-1,2,2.5,3.0,3.0,4.5,3.0,0.0,3.2,
india_new delhi_park_residency_hotel,park residency hotel,http://www.tripadvisor.com/ShowUserReviews-g304551-d1009502-r32174699-Park_Residency_Hotel-New_Delhi_National_Capital_Territory_of_Delhi.html,d-1  green park  ashirwad building,new delhi,-1,India,110016,-1,-1,3,3.3333333333333335,3.3333333333333335,3.3333333333333335,3.6666666666666665,3.6666666666666665,0.0,3.4666666666666663,
india_new delhi_hotel_apra_international,hotel apra international,http://www.tripadvisor.com/ShowUserReviews-g304551-d730059-r28300831-Hotel_Apra_International-New_Delhi_National_Capital_Territory_of_Delhi.html,15a/57  wea  opp. roopak store lane,new delhi,-1,India,110005,-1,-1,1,4.0,3.0,4.0,5.0,3.0,0.0,3.8,
india_new delhi_melrose_guest_house,melrose guest house,http://www.tripadvisor.com/ShowUserReviews-g304551-d1142093-r32163001-Melrose_Guest_House-New_Delhi_National_Capital_Territory_of_Delhi.html,a-27  south extention part-i,new delhi,-1,India,110049,-1,-1,1,3.0,3.0,3.0,5.0,4.0,0.0,3.6,
india_new delhi_unique_international_hotel,unique international hotel,http://www.tripadvisor.com/ShowUserReviews-g304551-d1143629-r19224811-Unique_International_Hotel-New_Delhi_National_Capital_Territory_of_Delhi.html,902  chandiwali galli,new delhi,-1,India,110055,-1,-1,1,4.0,3.0,3.0,4.0,3.0,0.0,3.4,
india_new delhi_hillview_hotel,hillview hotel,http://www.tripadvisor.com/ShowUserReviews-g304551-d579134-r4564677-Hillview_Hotel-New_Delhi_National_Capital_Territory_of_Delhi.html,shooting range rd,new delhi,-1,India,121001,-1,-1,-1,0.0,0.0,0.0,0.0,0.0,0.0,-1.0,
india_new delhi_hotel_paras_international,hotel paras international,http://www.tripadvisor.com/ShowUserReviews-g304551-d675995-r12428159-Hotel_Paras_International-New_Delhi_National_Capital_Territory_of_Delhi.html,5/25 w.e.a.  karol bagh,new delhi,-1,India,110005,-1,-1,1,4.0,4.0,4.0,4.0,4.0,0.0,4.0,
india_new delhi_the_qutub,the qutub,http://www.tripadvisor.com/ShowUserReviews-g304551-d1184479-r29663906-The_Qutub-New_Delhi_National_Capital_Territory_of_Delhi.html,28  municipal market  110016 new delh india,new delhi,-1,India,110016,-1,-1,1,4.0,5.0,3.0,4.0,4.0,0.0,4.0,
india_new delhi_hotel_55,hotel 55,http://www.tripadvisor.com/ShowUserReviews-g304551-d632473-r50288565-Hotel_55-New_Delhi_National_Capital_Territory_of_Delhi.html,h-55  connaught circus,new delhi,-1,India,110 001,-1,-1,17,2.1666666666666665,2.0,2.75,3.5,2.1666666666666665,0.0,2.5166666666666666,
india_new delhi_maharani_guesthouse,maharani guesthouse,http://www.tripadvisor.com/ShowUserReviews-g304551-d309520-r32339163-Maharani_Guesthouse-New_Delhi_National_Capital_Territory_of_Delhi.html,3 sunder nagar,new delhi,-1,India,110003,-1,-1,10,1.6666666666666667,1.5,2.0,3.6666666666666665,2.0,0.0,2.1666666666666665,
india_new delhi_hotel_kafila,hotel kafila,http://www.tripadvisor.com/ShowUserReviews-g304551-d736555-r36870397-Hotel_Kafila-New_Delhi_National_Capital_Territory_of_Delhi.html,10185c  arya samaj road,new delhi,-1,India,110005,-1,-1,3,3.6666666666666665,3.0,3.6666666666666665,4.0,4.0,0.0,3.6666666666666665,
india_new delhi_hotel_prince_polonia,hotel prince polonia,http://www.tripadvisor.com/ShowUserReviews-g304551-d953283-r48445822-Hotel_Prince_Polonia-New_Delhi_National_Capital_Territory_of_Delhi.html,2325 - 26 tilak st,new delhi,-1,India,110055,-1,-1,13,2.8461538461538463,2.769230769230769,3.076923076923077,3.3076923076923075,2.923076923076923,0.0,2.9846153846153847,
india_new delhi_hotel_metro_heights,hotel metro heights,http://www.tripadvisor.com/ShowUserReviews-g304551-d583643-r46508034-Hotel_Metro_Heights-New_Delhi_National_Capital_Territory_of_Delhi.html,8/35 wea padam singh rd,new delhi,-1,India,110005,-1,-1,17,2.9166666666666665,2.5,2.5,2.6666666666666665,2.5,0.0,2.6166666666666663,
india_new delhi_lhasa_house,lhasa house,http://www.tripadvisor.com/ShowUserReviews-g304551-d754723-r15116377-Lhasa_House-New_Delhi_National_Capital_Territory_of_Delhi.html,16-15  new tibetan camp,new delhi,-1,India,110054,-1,-1,2,2.0,2.5,3.0,1.5,3.0,0.0,2.4,
india_new delhi_hotel_mehar_castle,hotel mehar castle,http://www.tripadvisor.com/ShowUserReviews-g304551-d951723-r50094334-Hotel_Mehar_Castle-New_Delhi_National_Capital_Territory_of_Delhi.html,15 a/9  w.e.a.  karol bagh opp. pooja park,new delhi,-1,India,110005,-1,-1,5,2.25,1.75,3.25,2.75,2.0,0.0,2.4,
india_new delhi_indraprastha_hotel,indraprastha hotel,http://www.tripadvisor.com/ShowUserReviews-g304551-d653134-r43208763-Indraprastha_Hotel-New_Delhi_National_Capital_Territory_of_Delhi.html,17a/45  w.e.a  karol bagh,new delhi,-1,India,110005,-1,-1,5,2.75,2.75,3.75,3.0,3.25,0.0,3.1,
india_new delhi_corus_hotel,corus hotel,http://www.tripadvisor.com/ShowUserReviews-g304551-d549543-r49400436-Corus_Hotel-New_Delhi_National_Capital_Territory_of_Delhi.html,b-49 connaught place,new delhi,-1,India,110001,-1,-1,25,3.0625,2.5625,3.125,4.3125,3.125,0.0,3.2375,
india_new delhi_solo_victoria,solo victoria,http://www.tripadvisor.com/ShowUserReviews-g304551-d653166-r31452690-Solo_Victoria-New_Delhi_National_Capital_Territory_of_Delhi.html,c-8  greater kailash,new delhi,-1,India,110048,-1,-1,2,3.0,3.0,3.0,3.0,2.5,0.0,2.9,
india_new delhi_hotel_singh_sons,hotel singh sons,http://www.tripadvisor.com/ShowUserReviews-g304551-d639252-r48731726-Hotel_Singh_Sons-New_Delhi_National_Capital_Territory_of_Delhi.html,7a/10  w.e.a.  channa market,new delhi,-1,India,110005,-1,-1,29,3.3333333333333335,2.9583333333333335,2.7083333333333335,2.875,2.7916666666666665,0.0,2.9333333333333336,
india_new delhi_hotel_r_s_international,hotel r s international,http://www.tripadvisor.com/ShowUserReviews-g304551-d1110780-r45969717-Hotel_R_S_International-New_Delhi_National_Capital_Territory_of_Delhi.html,869-870 chandi wali street main bazar  pahar ganj  near railway station.,new delhi,-1,India,1100055,-1,-1,1,2.0,2.0,1.0,3.0,1.0,0.0,1.8,
india_new delhi_hotel_apra_inn,hotel apra inn,http://www.tripadvisor.com/ShowUserReviews-g304551-d658347-r32420168-Hotel_Apra_Inn-New_Delhi_National_Capital_Territory_of_Delhi.html,15a/61 wea  roopak stores lane,new delhi,-1,India,110005,-1,-1,5,2.8,2.6,2.6,2.4,2.6,0.0,2.6,
india_new delhi_royal_guest_house,royal guest house,http://www.tripadvisor.com/ShowUserReviews-g304551-d1151467-r24045202-Royal_Guest_House-New_Delhi_National_Capital_Territory_of_Delhi.html,4464  main bazaar pahar ganj,new delhi,-1,India,110055,-1,-1,3,3.0,3.3333333333333335,3.3333333333333335,3.3333333333333335,3.0,0.0,3.2,
india_new delhi_hotel_ranjit,hotel ranjit,http://www.tripadvisor.com/ShowUserReviews-g304551-d477997-r29737597-Hotel_Ranjit-New_Delhi_National_Capital_Territory_of_Delhi.html,maharaja ranjit singh marg ,new delhi,-1,India,110002,-1,-1,1,4.0,4.0,3.0,5.0,4.0,0.0,4.0,
india_new delhi_parkland_green_park_hotel_new_delhi,parkland green park hotel new delhi,http://www.tripadvisor.com/ShowUserReviews-g304551-d1211051-r29407203-Parkland_Green_Park_Hotel_New_Delhi-New_Delhi_National_Capital_Territory_of_Delhi.html,a 4 green park,new delhi,-1,India,-1,-1,-1,2,3.5,3.0,2.0,1.5,1.5,0.0,2.3,
india_new delhi_ashok_hotel,ashok hotel,http://www.tripadvisor.com/ShowUserReviews-g304551-d306948-r49708166-Ashok_Hotel-New_Delhi_National_Capital_Territory_of_Delhi.html,50 b chanakyapuri,new delhi,-1,India,110 021,-1,-1,65,2.081081081081081,2.027027027027027,2.135135135135135,3.027027027027027,1.6486486486486487,0.0,2.1837837837837837,
india_new delhi_hotel_sunrise_villa,hotel sunrise villa,http://www.tripadvisor.com/ShowUserReviews-g304551-d1149914-r48502256-Hotel_Sunrise_Villa-New_Delhi_National_Capital_Territory_of_Delhi.html,l-13  kalkaji,new delhi,-1,India,110019,-1,-1,2,4.0,4.0,3.0,3.5,4.0,0.0,3.7,
india_new delhi_the_hans_new_delhi,the hans new delhi,http://www.tripadvisor.com/ShowUserReviews-g304551-d1210356-r49174971-The_Hans_New_Delhi-New_Delhi_National_Capital_Territory_of_Delhi.html,15 barakhamba road,new delhi,-1,India,110001,-1,-1,10,3.875,3.125,4.25,3.875,3.0,0.0,3.625,
india_new delhi_hotel_white_house,hotel white house,http://www.tripadvisor.com/ShowUserReviews-g304551-d596809-r21981337-Hotel_White_House-New_Delhi_National_Capital_Territory_of_Delhi.html,14-a/41  w.e.a. channa market  karol bagh,new delhi,-1,India,110005,-1,-1,10,3.3333333333333335,3.2222222222222223,2.7777777777777777,2.7777777777777777,2.4444444444444446,0.0,2.911111111111111,
india_new delhi_hotel_park_view,hotel park view,http://www.tripadvisor.com/ShowUserReviews-g304551-d653783-r11912524-Hotel_Park_View-New_Delhi_National_Capital_Territory_of_Delhi.html,23/7 e patel nagar  main market,new delhi,-1,India,110008,-1,-1,1,5.0,4.0,5.0,3.0,4.0,0.0,4.2,
india_new delhi_velvet_apple,velvet apple,http://www.tripadvisor.com/ShowUserReviews-g304551-d1200115-r48625986-Velvet_Apple-New_Delhi_National_Capital_Territory_of_Delhi.html,e-82 greater kailash part 1,new delhi,-1,India,110048,-1,-1,3,4.0,3.5,4.5,4.5,4.5,0.0,4.2,
india_new delhi_vivek_hotel,vivek hotel,http://www.tripadvisor.com/ShowUserReviews-g304551-d304418-r49804681-Vivek_Hotel-New_Delhi_National_Capital_Territory_of_Delhi.html,1534-50 main bazar,new delhi,-1,India,110055,-1,-1,29,2.608695652173913,2.4782608695652173,2.5652173913043477,3.6956521739130435,2.4782608695652173,0.0,2.765217391304348,
india_new delhi_suncourt_hotel_yatri,suncourt hotel yatri,http://www.tripadvisor.com/ShowUserReviews-g304551-d609761-r49176745-Suncourt_Hotel_Yatri-New_Delhi_National_Capital_Territory_of_Delhi.html,8a/33 w.e.a. channa market,new delhi,-1,India,110005,-1,-1,12,2.0,2.25,2.5,2.625,1.875,0.0,2.25,
india_new delhi_amar_inn_hotel,amar inn hotel,http://www.tripadvisor.com/ShowUserReviews-g304551-d1142044-r24090512-Amar_Inn_Hotel-New_Delhi_National_Capital_Territory_of_Delhi.html,k 102  lajpat nagar- ii,new delhi,-1,India,110024,-1,-1,1,3.0,4.0,2.0,4.0,2.0,0.0,3.0,
india_new delhi_ajay_guest_house,ajay guest house,http://www.tripadvisor.com/ShowUserReviews-g304551-d606773-r47767846-Ajay_Guest_House-New_Delhi_National_Capital_Territory_of_Delhi.html,5084-a main bazar,new delhi,-1,India,110055,-1,-1,12,2.75,2.625,2.25,3.75,2.5,0.0,2.775,
india_new delhi_hotel_singh_sahib,hotel singh sahib,http://www.tripadvisor.com/ShowUserReviews-g304551-d808436-r45941078-Hotel_Singh_Sahib-New_Delhi_National_Capital_Territory_of_Delhi.html,8/34 w.e.a. satbharawan school road,new delhi,-1,India,110005,-1,-1,7,3.6,2.4,2.8,3.8,2.6,0.0,3.04,
india_new delhi_qutub_residency,qutub residency,http://www.tripadvisor.com/ShowUserReviews-g304551-d677427-r28526144-Qutub_Residency-New_Delhi_National_Capital_Territory_of_Delhi.html,81/4  adchini  sri aurbindo marg,new delhi,-1,India,110017,-1,-1,3,2.0,2.3333333333333335,2.6666666666666665,1.6666666666666667,2.0,0.0,2.1333333333333333,
india_new delhi_hotel_kabeer,hotel kabeer,http://www.tripadvisor.com/ShowUserReviews-g304551-d653140-r12399509-Hotel_Kabeer-New_Delhi_National_Capital_Territory_of_Delhi.html,3/4  arakashan road,new delhi,-1,India,110055,-1,-1,1,1.0,1.0,1.0,1.0,1.0,0.0,1.0,
india_new delhi_hotel_rupam,hotel rupam,http://www.tripadvisor.com/ShowUserReviews-g304551-d594146-r28942585-Hotel_Rupam-New_Delhi_National_Capital_Territory_of_Delhi.html,9a/35 w.e.a. channa market ,new delhi,-1,India,110005,-1,-1,1,3.0,2.0,3.0,3.0,3.0,0.0,2.8,
india_new delhi_jukaso_inn_downtown,jukaso inn downtown,http://www.tripadvisor.com/ShowUserReviews-g304551-d783093-r28299662-Jukaso_Inn_Downtown-New_Delhi_National_Capital_Territory_of_Delhi.html,l-block,new delhi,-1,India,110 001,-1,-1,7,2.857142857142857,2.857142857142857,2.4285714285714284,4.0,2.2857142857142856,0.0,2.8857142857142857,
india_new delhi_hotel_lohias,hotel lohias,http://www.tripadvisor.com/ShowUserReviews-g304551-d729969-r50367341-Hotel_Lohias-New_Delhi_National_Capital_Territory_of_Delhi.html,a-53 mahipalpur extension  national highway no 8,new delhi,-1,India,110037,-1,-1,8,2.0,2.142857142857143,2.5714285714285716,3.5714285714285716,2.4285714285714284,0.0,2.5428571428571427,
india_new delhi_the_tivoli_garden_resort,the tivoli garden resort,http://www.tripadvisor.com/ShowUserReviews-g304551-d486853-r34531490-The_Tivoli_Garden_Resort-New_Delhi_National_Capital_Territory_of_Delhi.html,chattarpur mandir mord  mg road,new delhi,-1,India,110030,-1,-1,16,3.0,2.6363636363636362,2.6363636363636362,2.0,1.9090909090909092,0.0,2.4363636363636365,
india_new delhi_hotel_arpit_palace,hotel arpit palace,http://www.tripadvisor.com/ShowUserReviews-g304551-d735502-r45369010-Hotel_Arpit_Palace-New_Delhi_National_Capital_Territory_of_Delhi.html,17-a/1  w.e.a. gurudwara road,new delhi,-1,India,110 005,-1,-1,2,2.5,3.0,2.0,3.5,2.5,0.0,2.7,
india_new delhi_hotel_maanvi,hotel maanvi,http://www.tripadvisor.com/ShowUserReviews-g304551-d653141-r12631292-Hotel_Maanvi-New_Delhi_National_Capital_Territory_of_Delhi.html,8281/3 arakashan road,new delhi,-1,India,110055,-1,-1,1,1.0,1.0,1.0,1.0,2.0,0.0,1.2,
india_new delhi_hotel_dee_marks,hotel dee marks,http://www.tripadvisor.com/ShowUserReviews-g304551-d590173-r46998277-Hotel_Dee_Marks-New_Delhi_National_Capital_Territory_of_Delhi.html,adjoining shiv murti national highway-8 ,new delhi,-1,India,110037,-1,-1,6,3.3333333333333335,3.3333333333333335,2.5,2.3333333333333335,2.1666666666666665,0.0,2.7333333333333334,
india_new delhi_petite_hotels,petite hotels,http://www.tripadvisor.com/ShowUserReviews-g304551-d966132-r24154202-Petite_Hotels-New_Delhi_National_Capital_Territory_of_Delhi.html,4a flag staff road  civil lines,new delhi,-1,India,110054,-1,-1,2,1.5,1.5,3.5,2.0,1.5,0.0,2.0,
india_new delhi_shelton_hotel,shelton hotel,http://www.tripadvisor.com/ShowUserReviews-g304551-d1142032-r22791801-Shelton_Hotel-New_Delhi_National_Capital_Territory_of_Delhi.html,5043  main bazaar,new delhi,-1,India,110055,-1,-1,3,2.0,2.3333333333333335,2.6666666666666665,4.0,2.3333333333333335,0.0,2.666666666666667,
india_new delhi_central_plaza,central plaza,http://www.tripadvisor.com/ShowUserReviews-g304551-d1077110-r38999716-Central_Plaza-New_Delhi_National_Capital_Territory_of_Delhi.html,national highway no-8,new delhi,-1,India,110037,-1,-1,1,2.0,1.0,2.0,4.0,1.0,0.0,2.0,
india_new delhi_hotel_jukaso_down_town,hotel jukaso down town,http://www.tripadvisor.com/ShowUserReviews-g304551-d649266-r10079334-Hotel_Jukaso_Down_Town-New_Delhi_National_Capital_Territory_of_Delhi.html,l-block  connaught circus,new delhi,-1,India,110 001,-1,-1,3,2.6666666666666665,2.3333333333333335,2.0,4.0,2.0,0.0,2.6,
india_new delhi_new_haven_hotel,new haven hotel,http://www.tripadvisor.com/ShowUserReviews-g304551-d446885-r26715055-New_Haven_Hotel-New_Delhi_National_Capital_Territory_of_Delhi.html,e - 512,new delhi,-1,India,110048,-1,-1,-1,0.0,0.0,0.0,0.0,0.0,0.0,-1.0,
india_new delhi_york_hotel,york hotel,http://www.tripadvisor.com/ShowUserReviews-g304551-d597580-r40574355-York_Hotel-New_Delhi_National_Capital_Territory_of_Delhi.html,k-10   11 connaught place,new delhi,-1,India,110 001,-1,-1,10,2.3333333333333335,1.8333333333333333,2.3333333333333335,4.166666666666667,2.1666666666666665,0.0,2.566666666666667,
india_new delhi_hotel_kingston,hotel kingston,http://www.tripadvisor.com/ShowUserReviews-g304551-d1540342-r49562020-Hotel_Kingston-New_Delhi_National_Capital_Territory_of_Delhi.html,9 / 12  east patel nagar,new delhi,-1,India,110008,-1,-1,1,2.0,3.0,1.0,4.0,2.0,0.0,2.4,
india_new delhi_hotel_gautam_deluxe,hotel gautam deluxe,http://www.tripadvisor.com/ShowUserReviews-g304551-d1147594-r35070871-Hotel_Gautam_Deluxe-New_Delhi_National_Capital_Territory_of_Delhi.html,2105 d.b. gupta road  karol bagh,new delhi,-1,India,110 005,-1,-1,3,2.3333333333333335,2.6666666666666665,2.6666666666666665,2.0,2.3333333333333335,0.0,2.4,
india_new delhi_hotel_regent_continental,hotel regent continental,http://www.tripadvisor.com/ShowUserReviews-g304551-d477864-r50366461-Hotel_Regent_Continental-New_Delhi_National_Capital_Territory_of_Delhi.html,4/73 wea krishna market,new delhi,-1,India,110005,-1,-1,39,2.4482758620689653,2.413793103448276,2.689655172413793,2.7586206896551726,2.689655172413793,0.0,2.6,
india_new delhi_hotel_namaskar,hotel namaskar,http://www.tripadvisor.com/ShowUserReviews-g304551-d317874-r48847627-Hotel_Namaskar-New_Delhi_National_Capital_Territory_of_Delhi.html,917 chandiwalan  main bazar,new delhi,-1,India,110055,-1,-1,16,2.25,1.6666666666666667,2.5,3.1666666666666665,2.3333333333333335,0.0,2.3833333333333337,
india_new delhi_yuvraj_deluxe_hotel,yuvraj deluxe hotel,http://www.tripadvisor.com/ShowUserReviews-g304551-d308369-r13839894-Yuvraj_Deluxe_Hotel-New_Delhi_National_Capital_Territory_of_Delhi.html,38 arakashan road,new delhi,-1,India,110055,-1,-1,12,2.2,2.2,2.6,2.2,2.2,0.0,2.2800000000000002,
india_new delhi_hotel_omni,hotel omni,http://www.tripadvisor.com/ShowUserReviews-g304551-d625862-r49254179-Hotel_Omni-New_Delhi_National_Capital_Territory_of_Delhi.html,12a/21  wea,new delhi,-1,India,110005,-1,-1,8,2.1666666666666665,2.6666666666666665,2.8333333333333335,2.8333333333333335,2.1666666666666665,0.0,2.533333333333333,
india_new delhi_hotel_singh_continental,hotel singh continental,http://www.tripadvisor.com/ShowUserReviews-g304551-d317871-r32001093-Hotel_Singh_Continental-New_Delhi_National_Capital_Territory_of_Delhi.html,8/a/6  wea channa market  karol bagh,new delhi,-1,India,110 005,-1,-1,3,2.3333333333333335,2.3333333333333335,2.3333333333333335,2.6666666666666665,2.0,0.0,2.3333333333333335,
india_new delhi_hotel_international_inn,hotel international inn,http://www.tripadvisor.com/ShowUserReviews-g304551-d758198-r22164041-Hotel_International_Inn-New_Delhi_National_Capital_Territory_of_Delhi.html,a-78 national highway 8,new delhi,-1,India,110 037,-1,-1,2,1.0,1.5,2.0,4.5,1.5,0.0,2.1,
india_new delhi_hotel_pallvi_palace,hotel pallvi palace,http://www.tripadvisor.com/ShowUserReviews-g304551-d446883-r30019885-Hotel_Pallvi_Palace-New_Delhi_National_Capital_Territory_of_Delhi.html,8572 arakashan rd  paharganj,new delhi,-1,India,110055,-1,-1,3,2.6666666666666665,2.6666666666666665,2.6666666666666665,4.666666666666667,3.0,0.0,3.1333333333333333,
india_new delhi_hotel_star_paradise,hotel star paradise,http://www.tripadvisor.com/ShowUserReviews-g304551-d675445-r50272722-Hotel_Star_Paradise-New_Delhi_National_Capital_Territory_of_Delhi.html,4582 main bazar,new delhi,-1,India,110 055,-1,-1,4,1.0,1.25,3.25,2.0,2.25,0.0,1.95,
india_new delhi_blue_hotel,blue hotel,http://www.tripadvisor.com/ShowUserReviews-g304551-d1142054-r23658067-Blue_Hotel-New_Delhi_National_Capital_Territory_of_Delhi.html,m-126  2nd floor,new delhi,-1,India,110001,-1,-1,1,1.0,2.0,1.0,3.0,1.0,0.0,1.6,
india_new delhi_hotel_janpath_ashok,hotel janpath ashok,http://www.tripadvisor.com/ShowUserReviews-g304551-d505250-r49834986-Hotel_Janpath_Ashok-New_Delhi_National_Capital_Territory_of_Delhi.html,janpath road,new delhi,-1,India,110 001,-1,-1,29,2.2777777777777777,2.3333333333333335,2.5,3.9444444444444446,2.2777777777777777,0.0,2.6666666666666665,
india_new delhi_star_palace_hotel,star palace hotel,http://www.tripadvisor.com/ShowUserReviews-g304551-d1142152-r38619404-Star_Palace_Hotel-New_Delhi_National_Capital_Territory_of_Delhi.html,15a / 17 wea  sarswati marg,new delhi,-1,India,110005,-1,-1,5,2.0,2.4,2.2,3.2,2.6,0.0,2.4800000000000004,
india_new delhi_hotel_park_land_green_park,hotel park land green park,http://www.tripadvisor.com/ShowUserReviews-g304551-d1146160-r21812706-Hotel_Park_Land_Green_Park-New_Delhi_National_Capital_Territory_of_Delhi.html,a4 green park,new delhi,-1,India,110016,-1,-1,1,2.0,2.0,2.0,1.0,2.0,0.0,1.8,
india_new delhi_hotel_shivam_international,hotel shivam international,http://www.tripadvisor.com/ShowUserReviews-g304551-d653150-r22116361-Hotel_Shivam_International-New_Delhi_National_Capital_Territory_of_Delhi.html,sangatrashan 1335,new delhi,-1,India,110055,-1,-1,1,2.0,1.0,2.0,1.0,1.0,0.0,1.4,
india_new delhi_hotel_surya_continental,hotel surya continental,http://www.tripadvisor.com/ShowUserReviews-g304551-d653152-r23444347-Hotel_Surya_Continental-New_Delhi_National_Capital_Territory_of_Delhi.html,j -14  community centre,new delhi,-1,India,110027,-1,-1,1,1.0,1.0,1.0,1.0,1.0,0.0,1.0,
india_new delhi_hotel_geeson,hotel geeson,http://www.tripadvisor.com/ShowUserReviews-g304551-d1140172-r19035384-Hotel_Geeson-New_Delhi_National_Capital_Territory_of_Delhi.html,65 d. b. gupta rd. pahar ganj,new delhi,-1,India,110055,-1,-1,2,3.0,2.5,3.0,1.0,2.0,0.0,2.3,
india_new delhi_hotel_alka,hotel alka,http://www.tripadvisor.com/ShowUserReviews-g304551-d594104-r14874018-Hotel_Alka-New_Delhi_National_Capital_Territory_of_Delhi.html,p block connaught place,new delhi,-1,India,110001,-1,-1,15,2.0,1.75,2.0,3.875,2.125,0.0,2.35,
india_new delhi_hotel_clark_green_new_delhi_airport_hotel_spa_resort,hotel clark green new delhi airport hotel spa resort,http://www.tripadvisor.com/ShowUserReviews-g304551-d1513913-r49308056-Hotel_Clark_Green_New_Delhi_Airport_Hotel_Spa_Resort-New_Delhi_National_Capital_Territory_of_Delhi.html,g-1  pushpanjli farms  dwarka link rd  bijwasan,new delhi,-1,India,110037,-1,-1,1,3.0,3.0,3.0,4.0,3.0,0.0,3.2,
india_new delhi_maurya_heritage_hotel,maurya heritage hotel,http://www.tripadvisor.com/ShowUserReviews-g304551-d634768-r48002315-Maurya_Heritage_Hotel-New_Delhi_National_Capital_Territory_of_Delhi.html,7a/58  wea channa market karol bagh,new delhi,-1,India,110005,-1,-1,5,1.6,1.8,2.2,3.2,2.2,0.0,2.2,
india_new delhi_hotel_chetak_palace,hotel chetak palace,http://www.tripadvisor.com/ShowUserReviews-g304551-d1204442-r21612902-Hotel_Chetak_Palace-New_Delhi_National_Capital_Territory_of_Delhi.html,basant road,new delhi,-1,India,110055,-1,-1,1,2.0,2.0,2.0,4.0,2.0,0.0,2.4,
india_new delhi_hotel_j_p_residency,hotel j p residency,http://www.tripadvisor.com/ShowUserReviews-g304551-d1217071-r22296164-Hotel_J_P_Residency-New_Delhi_National_Capital_Territory_of_Delhi.html,15a/28  saraswati marg,new delhi,-1,India,110005,-1,-1,1,1.0,1.0,1.0,2.0,1.0,0.0,1.2,
india_new delhi_hotel_unistar,hotel unistar,http://www.tripadvisor.com/ShowUserReviews-g304551-d1380935-r27801643-Hotel_Unistar-New_Delhi_National_Capital_Territory_of_Delhi.html,3380 christion colony  db gupta rd,new delhi,-1,India,110005,-1,-1,2,3.5,4.0,4.5,3.5,5.0,0.0,4.1,
india_new delhi_hotel_blessings,hotel blessings,http://www.tripadvisor.com/ShowUserReviews-g304551-d1094870-r43957342-Hotel_Blessings-New_Delhi_National_Capital_Territory_of_Delhi.html,5202-5206 basant road,new delhi,-1,India,110055,-1,-1,5,2.4,2.4,2.4,3.4,2.2,0.0,2.56,
india_new delhi_hotel_sunstar_heritage,hotel sunstar heritage,http://www.tripadvisor.com/ShowUserReviews-g304551-d734887-r48813709-Hotel_Sunstar_Heritage-New_Delhi_National_Capital_Territory_of_Delhi.html,8a/43 wea channa market  karol bagh,new delhi,-1,India,110 005,-1,-1,5,2.5,2.5,1.5,3.0,2.25,0.0,2.35,
india_new delhi_hotel_delhi_city_centre,hotel delhi city centre,http://www.tripadvisor.com/ShowUserReviews-g304551-d1307990-r50393065-Hotel_Delhi_City_Centre-New_Delhi_National_Capital_Territory_of_Delhi.html,8633-45  arakashan road  ram nagar,new delhi,-1,India,110055,-1,-1,19,2.5294117647058822,2.7058823529411766,2.5294117647058822,2.8823529411764706,2.823529411764706,0.0,2.6941176470588237,
india_new delhi_hotel_perfect,hotel perfect,http://www.tripadvisor.com/ShowUserReviews-g304551-d646923-r47757937-Hotel_Perfect-New_Delhi_National_Capital_Territory_of_Delhi.html,16a/2 w e a saraswati marg karol-bagh,new delhi,-1,India,110005,-1,-1,9,2.125,2.25,2.125,2.5,1.875,0.0,2.175,
india_new delhi_hotel_star,hotel star,http://www.tripadvisor.com/ShowUserReviews-g304551-d651259-r49342872-Hotel_Star-New_Delhi_National_Capital_Territory_of_Delhi.html,a-288  national highway no. 8  mahipal pur,new delhi,-1,India,110 037,-1,-1,3,2.0,1.6666666666666667,2.3333333333333335,4.0,1.6666666666666667,0.0,2.3333333333333335,
india_new delhi_samrat_hotel,samrat hotel,http://www.tripadvisor.com/ShowUserReviews-g304551-d456058-r49984123-Samrat_Hotel-New_Delhi_National_Capital_Territory_of_Delhi.html,kautilya marg,new delhi,-1,India,110021,-1,-1,22,1.5833333333333333,1.8333333333333333,1.6666666666666667,2.75,1.5833333333333333,0.0,1.8833333333333333,
india_new delhi_hotel_welcome_palace,hotel welcome palace,http://www.tripadvisor.com/ShowUserReviews-g304551-d484015-r26038076-Hotel_Welcome_Palace-New_Delhi_National_Capital_Territory_of_Delhi.html,17a/12 wea gurdwara road,new delhi,-1,India,110005,-1,-1,17,2.2666666666666666,2.4,2.2,3.3333333333333335,2.4,0.0,2.5200000000000005,
india_new delhi_atrium_hotel_and_conferencing_center,atrium hotel and conferencing center,http://www.tripadvisor.com/ShowUserReviews-g304551-d657158-r26481344-Atrium_Hotel_and_Conferencing_Center-New_Delhi_National_Capital_Territory_of_Delhi.html,shooting range road,new delhi,-1,India,121001,-1,-1,5,2.4,2.0,2.4,1.4,1.8,0.0,2.0,
india_new delhi_hotel_picasso,hotel picasso,http://www.tripadvisor.com/ShowUserReviews-g304551-d1133587-r26001301-Hotel_Picasso-New_Delhi_National_Capital_Territory_of_Delhi.html,e-30  naraina main road,new delhi,-1,India,110028,-1,-1,1,3.0,1.0,1.0,2.0,1.0,0.0,1.6,
india_new delhi_hotel_spb_87,hotel spb 87,http://www.tripadvisor.com/ShowUserReviews-g304551-d1174844-r26323919-Hotel_SPB_87-New_Delhi_National_Capital_Territory_of_Delhi.html,17a /2 w.e.a karol bagh,new delhi,-1,India,110005,-1,-1,1,1.0,1.0,1.0,1.0,1.0,0.0,1.0,
india_new delhi_hotel_balaji_deluxe,hotel balaji deluxe,http://www.tripadvisor.com/ShowUserReviews-g304551-d633216-r49457753-Hotel_Balaji_Deluxe-New_Delhi_National_Capital_Territory_of_Delhi.html,8574 arakashan road,new delhi,-1,India,110055,-1,-1,7,2.142857142857143,2.0,2.4285714285714284,2.857142857142857,2.2857142857142856,0.0,2.3428571428571425,
india_new delhi_sagar_residency,sagar residency,http://www.tripadvisor.com/ShowUserReviews-g304551-d729983-r45853563-Sagar_Residency-New_Delhi_National_Capital_Territory_of_Delhi.html,744 main mathura road  jangpura,new delhi,-1,India,110014,-1,-1,1,2.0,1.0,1.0,3.0,1.0,0.0,1.6,
india_new delhi_hotel_singh_palace,hotel singh palace,http://www.tripadvisor.com/ShowUserReviews-g304551-d1142137-r45341945-Hotel_Singh_Palace-New_Delhi_National_Capital_Territory_of_Delhi.html,8a/30 channa market,new delhi,-1,India,110005,-1,-1,2,1.5,2.0,2.5,3.0,1.5,0.0,2.1,
india_new delhi_new_hotel_woodland,new hotel woodland,http://www.tripadvisor.com/ShowUserReviews-g304551-d679337-r42467722-New_Hotel_Woodland-New_Delhi_National_Capital_Territory_of_Delhi.html,b-7/113 a  safdarjung enclave ext.,new delhi,-1,India,110029,-1,-1,3,2.3333333333333335,2.3333333333333335,2.3333333333333335,2.6666666666666665,2.0,0.0,2.3333333333333335,
india_new delhi_hotel_milan_deluxe,hotel milan deluxe,http://www.tripadvisor.com/ShowUserReviews-g304551-d1547566-r48223560-Hotel_Milan_Deluxe-New_Delhi_National_Capital_Territory_of_Delhi.html,9012-9014  desh bandhu gupta rd  new delhi,new delhi,-1,India,110055,-1,-1,1,4.0,5.0,4.0,5.0,5.0,0.0,4.6,
india_new delhi_hotel_sunstar_grand,hotel sunstar grand,http://www.tripadvisor.com/ShowUserReviews-g304551-d620499-r49026646-Hotel_SunStar_Grand-New_Delhi_National_Capital_Territory_of_Delhi.html,7a/17 channa market w.e.a.,new delhi,-1,India,110 005,-1,-1,15,3.272727272727273,3.0,2.8181818181818183,2.6363636363636362,2.4545454545454546,0.0,2.836363636363637,
india_new delhi_hotel_rockland,hotel rockland,http://www.tripadvisor.com/ShowUserReviews-g304551-d729965-r32580047-Hotel_Rockland-New_Delhi_National_Capital_Territory_of_Delhi.html,c-30  panchsheel enclave,new delhi,-1,India,110017,-1,-1,1,4.0,4.0,3.0,3.0,1.0,0.0,3.0,
india_new delhi_hotel_jageer_palace,hotel jageer palace,http://www.tripadvisor.com/ShowUserReviews-g304551-d653136-r22239566-Hotel_Jageer_Palace-New_Delhi_National_Capital_Territory_of_Delhi.html,c-6/1  mansarover garden ring road,new delhi,-1,India,110015,-1,-1,1,1.0,1.0,1.0,1.0,1.0,0.0,1.0,
india_new delhi_dolphinn_grand,dolphinn grand,http://www.tripadvisor.com/ShowUserReviews-g304551-d1149865-r34189797-Dolphinn_Grand-New_Delhi_National_Capital_Territory_of_Delhi.html,a-10  friends colony east,new delhi,-1,India,110065,-1,-1,3,3.0,3.3333333333333335,2.6666666666666665,3.3333333333333335,3.3333333333333335,0.0,3.1333333333333337,
india_new delhi_hotel_oasis_delhi,hotel oasis delhi,http://www.tripadvisor.com/ShowUserReviews-g304551-d478000-r26553695-Hotel_Oasis_Delhi-New_Delhi_National_Capital_Territory_of_Delhi.html,hotel oasis  hd - 8  pitam pura,new delhi,-1,India,110034,-1,-1,-1,0.0,0.0,0.0,0.0,0.0,0.0,-1.0,
india_new delhi_starview_deluxe_hotel,starview deluxe hotel,http://www.tripadvisor.com/ShowUserReviews-g304551-d631948-r24127819-Starview_Deluxe_Hotel-New_Delhi_National_Capital_Territory_of_Delhi.html,5136 / 1 main bazar,new delhi,-1,India,110 055,-1,-1,5,1.0,1.2,2.2,2.6,1.4,0.0,1.6800000000000002,
india_new delhi_hotel_volga_international,hotel volga international,http://www.tripadvisor.com/ShowUserReviews-g304551-d1009449-r48353049-Hotel_Volga_International-New_Delhi_National_Capital_Territory_of_Delhi.html,3246 gali school wali,new delhi,-1,India,110055,-1,-1,4,1.5,1.5,1.25,1.75,1.25,0.0,1.45,
india_new delhi_hotel_le_seasons,hotel le seasons,http://www.tripadvisor.com/ShowUserReviews-g304551-d1431681-r50506696-Hotel_Le_Seasons-New_Delhi_National_Capital_Territory_of_Delhi.html,a- 1a  a block  mahipalpur extension,new delhi,-1,India,110 037,-1,-1,4,2.75,2.75,2.5,3.25,2.75,0.0,2.8,
india_new delhi_shilon_villa_hotel_new_delhi,shilon villa hotel new delhi,http://www.tripadvisor.com/ShowUserReviews-g304551-d1210355-r39744714-Shilon_Villa_Hotel_New_Delhi-New_Delhi_National_Capital_Territory_of_Delhi.html,f 1/2 vasant vihar,new delhi,-1,India,-1,-1,-1,1,1.0,2.0,1.0,2.0,1.0,0.0,1.4,
india_new delhi_swisston_inn_hotel_new_delhi,swisston inn hotel new delhi,http://www.tripadvisor.com/ShowUserReviews-g304551-d1211059-r47253779-Swisston_Inn_Hotel_New_Delhi-New_Delhi_National_Capital_Territory_of_Delhi.html,8433  arya nagar  street no 1,new delhi,-1,India,110055,-1,-1,-1,0.0,0.0,0.0,0.0,0.0,0.0,-1.0,
india_new delhi_hotel_ashiana,hotel ashiana,http://www.tripadvisor.com/ShowUserReviews-g304551-d673960-r46177847-Hotel_Ashiana-New_Delhi_National_Capital_Territory_of_Delhi.html,50 ara kashan road,new delhi,-1,India,110055,-1,-1,5,1.8,1.8,2.4,2.6,2.0,0.0,2.12,
india_new delhi_hotel_bill_palace,hotel bill palace,http://www.tripadvisor.com/ShowUserReviews-g304551-d635350-r47488239-Hotel_Bill_Palace-New_Delhi_National_Capital_Territory_of_Delhi.html,7a/18  w.e.a.channa market karol bagh,new delhi,-1,India,110005,-1,-1,3,2.6666666666666665,1.6666666666666667,1.6666666666666667,1.6666666666666667,1.3333333333333333,0.0,1.8,
india_new delhi_hotel_royal_castle,hotel royal castle,http://www.tripadvisor.com/ShowUserReviews-g304551-d678142-r45982110-Hotel_Royal_Castle-New_Delhi_National_Capital_Territory_of_Delhi.html,b-364  chittaranjan park,new delhi,-1,India,110019,-1,-1,4,3.0,2.25,2.25,2.25,1.75,0.0,2.3,
india_new delhi_the_grand_shoba,the grand shoba,http://www.tripadvisor.com/ShowUserReviews-g304551-d1149958-r49199352-The_Grand_Shoba-New_Delhi_National_Capital_Territory_of_Delhi.html,kh no.-1028/1  road no.-6  vpo- mahipalpur,new delhi,-1,India,110037,-1,-1,1,1.0,1.0,1.0,1.0,1.0,0.0,1.0,
india_new delhi_royal_residency_hotel,royal residency hotel,http://www.tripadvisor.com/ShowUserReviews-g304551-d609757-r29735743-Royal_Residency_Hotel-New_Delhi_National_Capital_Territory_of_Delhi.html,12/a23 wea saraswati marg,new delhi,-1,India,110005,-1,-1,4,1.5,1.75,2.25,2.5,1.75,0.0,1.95,
india_new delhi_hotel_westend_inn,hotel westend inn,http://www.tripadvisor.com/ShowUserReviews-g304551-d514460-r31682832-Hotel_Westend_Inn-New_Delhi_National_Capital_Territory_of_Delhi.html,near shiv murti national highway no 8 rang puri,new delhi,-1,India,110037,-1,-1,15,1.8333333333333333,1.6666666666666667,2.0,3.0,1.5,0.0,2.0000000000000004,
india_new delhi_ramada_plaza_new_delhi,ramada plaza new delhi,http://www.tripadvisor.com/ShowUserReviews-g304551-d1200682-r49872681-Ramada_Plaza_New_Delhi-New_Delhi_National_Capital_Territory_of_Delhi.html,19 ashoka rd,new delhi,-1,India,110001,-1,-1,11,2.6666666666666665,2.1666666666666665,2.0,3.5,2.0,0.0,2.4666666666666663,
india_new delhi_hotel_chand_palace,hotel chand palace,http://www.tripadvisor.com/ShowUserReviews-g304551-d430750-r34965394-Hotel_Chand_Palace-New_Delhi_National_Capital_Territory_of_Delhi.html,54 arakashan road  paharganj,new delhi,-1,India,110055,-1,-1,18,2.0,2.111111111111111,2.5555555555555554,2.3333333333333335,2.4444444444444446,0.0,2.2888888888888888,
india_new delhi_hotel_blue_sapphire_national_highway,hotel blue sapphire national highway,http://www.tripadvisor.com/ShowUserReviews-g304551-d777810-r50054834-Hotel_Blue_Sapphire_National_Highway-New_Delhi_National_Capital_Territory_of_Delhi.html,a-23 mahipalpur  national highway-8,new delhi,-1,India,110037,-1,-1,2,1.5,1.5,2.0,2.5,2.0,0.0,1.9,
india_new delhi_pablas_international_hotel,pablas international hotel,http://www.tripadvisor.com/ShowUserReviews-g304551-d604902-r47473323-Pablas_International_Hotel-New_Delhi_National_Capital_Territory_of_Delhi.html,12 a / 22  wea  saraswati marg,new delhi,-1,India,110005,-1,-1,13,1.5714285714285714,1.7142857142857142,1.5714285714285714,2.142857142857143,1.4285714285714286,0.0,1.6857142857142857,
india_new delhi_bb_palace_hotel,bb palace hotel,http://www.tripadvisor.com/ShowUserReviews-g304551-d637219-r37381302-BB_Palace_Hotel-New_Delhi_National_Capital_Territory_of_Delhi.html,2638 & 2642 gurudwara rd bank st,new delhi,-1,India,110005,-1,-1,3,3.6666666666666665,3.6666666666666665,3.3333333333333335,3.3333333333333335,3.6666666666666665,0.0,3.5333333333333337,
india_new delhi_hotel_mohan_international,hotel mohan international,http://www.tripadvisor.com/ShowUserReviews-g304551-d446884-r39301948-Hotel_Mohan_International-New_Delhi_National_Capital_Territory_of_Delhi.html,2 arakashan road  paharganj,new delhi,-1,India,110055,-1,-1,10,2.0,1.6666666666666667,1.8333333333333333,3.1666666666666665,1.8333333333333333,0.0,2.1,
india_new delhi_hotel_astoria,hotel astoria,http://www.tripadvisor.com/ShowUserReviews-g304551-d798260-r39638435-Hotel_Astoria-New_Delhi_National_Capital_Territory_of_Delhi.html,11a/28 w.e.a channa market,new delhi,-1,India,110005,-1,-1,3,1.3333333333333333,1.0,1.0,1.0,1.3333333333333333,0.0,1.1333333333333333,
india_new delhi_conclave_comfort,conclave comfort,http://www.tripadvisor.com/ShowUserReviews-g304551-d1135762-r30015295-Conclave_Comfort-New_Delhi_National_Capital_Territory_of_Delhi.html,d-150  east of kailash,new delhi,-1,India,110048,-1,-1,3,2.0,2.0,2.3333333333333335,3.3333333333333335,1.6666666666666667,0.0,2.2666666666666666,
india_new delhi_hotel_royal_castle_grand,hotel royal castle grand,http://www.tripadvisor.com/ShowUserReviews-g304551-d678143-r21815637-Hotel_Royal_Castle_Grand-New_Delhi_National_Capital_Territory_of_Delhi.html,d-616 chittaranjan park ,new delhi,-1,India,110019,-1,-1,3,1.0,1.0,1.3333333333333333,1.0,1.0,0.0,1.0666666666666667,
india_new delhi_marina_hotel_new_delhi,marina hotel new delhi,http://www.tripadvisor.com/ShowUserReviews-g304551-d583011-r25315476-Marina_Hotel_New_Delhi-New_Delhi_National_Capital_Territory_of_Delhi.html,g-59  connaught circus,new delhi,-1,India,110001,-1,-1,22,1.6428571428571428,1.5714285714285714,2.5,3.2142857142857144,1.6428571428571428,0.0,2.114285714285714,
india_new delhi_hotel_nice_palace,hotel nice palace,http://www.tripadvisor.com/ShowUserReviews-g304551-d735499-r48801942-Hotel_Nice_Palace-New_Delhi_National_Capital_Territory_of_Delhi.html,17a /13 w.e.a gurudwara road,new delhi,-1,India,110005,-1,-1,3,3.6666666666666665,3.6666666666666665,3.6666666666666665,3.3333333333333335,3.3333333333333335,0.0,3.5333333333333337,
india_new delhi_crest_inn_hotel_new_delhi,crest inn hotel new delhi,http://www.tripadvisor.com/ShowUserReviews-g304551-d584663-r49054557-Crest_Inn_Hotel_New_Delhi-New_Delhi_National_Capital_Territory_of_Delhi.html,saraswati marg,new delhi,-1,India,110 005,-1,-1,9,2.1666666666666665,2.1666666666666665,3.0,2.1666666666666665,2.3333333333333335,0.0,2.3666666666666663,
india_new delhi_airport_hotel,airport hotel,http://www.tripadvisor.com/ShowUserReviews-g304551-d758220-r48532312-Airport_Hotel-New_Delhi_National_Capital_Territory_of_Delhi.html,mehram nagar  delhi cantt.,new delhi,-1,India,110010,-1,-1,9,1.5714285714285714,1.4285714285714286,2.142857142857143,2.7142857142857144,1.4285714285714286,0.0,1.8571428571428572,
india_new delhi_western_queen_hotel,western queen hotel,http://www.tripadvisor.com/ShowUserReviews-g304551-d1142167-r31541591-Western_Queen_Hotel-New_Delhi_National_Capital_Territory_of_Delhi.html,14a/25 w.e.a  channa market,new delhi,-1,India,110005,-1,-1,2,1.0,2.0,1.0,2.0,1.5,0.0,1.5,
india_new delhi_hotel_garden_view,hotel garden view,http://www.tripadvisor.com/ShowUserReviews-g304551-d658866-r50460576-Hotel_Garden_View-New_Delhi_National_Capital_Territory_of_Delhi.html,5/12 saraswati marg,new delhi,-1,India,110005,-1,-1,3,2.6666666666666665,2.6666666666666665,2.6666666666666665,4.0,2.3333333333333335,0.0,2.8666666666666663,
