doc_id,hotel_name,hotel_url,street,city,state,country,zip,class,price,num_reviews,CLEANLINESS,ROOM,SERVICE,LOCATION,VALUE,COMFORT,overall_ratingsource
usa_new york city_inn_new_york_city,inn new york city,http://www.tripadvisor.com/ShowUserReviews-g60763-d80092-r48562223-Inn_New_York_City-New_York_City_New_York.html,266 west 71st st.,new york city,ny,USA,10023,-1,-1,98,4.984848484848484,4.9393939393939394,4.96969696969697,4.893939393939394,4.757575757575758,0.0,4.909090909090908,
usa_new york city_casablanca_hotel,casablanca hotel,http://www.tripadvisor.com/ShowUserReviews-g60763-d113317-r50468901-Casablanca_Hotel-New_York_City_New_York.html,147 west 43rd street,new york city,ny,USA,10036,-1,-1,330,4.73421926910299,4.21594684385382,4.767441860465116,4.840531561461794,4.382059800664452,0.0,4.588039867109634,
usa_new york city_library_hotel,library hotel,http://www.tripadvisor.com/ShowUserReviews-g60763-d224221-r50266840-Library_Hotel-New_York_City_New_York.html,299 madison avenue,new york city,ny,USA,10017,-1,-1,341,4.897009966777409,4.4916943521594686,4.787375415282392,4.807308970099668,4.3754152823920265,0.0,4.671760797342193,
usa_new york city_new_york_palace_hotel,new york palace hotel,http://www.tripadvisor.com/ShowUserReviews-g60763-d126260-r50469011-New_York_Palace_Hotel-New_York_City_New_York.html,455 madison ave,new york city,ny,USA,10022,-1,-1,345,4.803986710963455,4.647840531561462,4.651162790697675,4.8604651162790695,4.3455149501661126,0.0,4.661794019933555,
usa_new york city_the_french_quarters_guest_apartments,the french quarters guest apartments,http://www.tripadvisor.com/ShowUserReviews-g60763-d1415127-r50408624-The_French_Quarters_Guest_Apartments-New_York_City_New_York.html,346 w. 46th street,new york city,ny,USA,10036,-1,-1,33,4.896551724137931,4.724137931034483,4.689655172413793,4.793103448275862,4.655172413793103,0.0,4.751724137931035,
usa_new york city_sofitel_new_york,sofitel new york,http://www.tripadvisor.com/ShowUserReviews-g60763-d208454-r50524839-Sofitel_New_York-New_York_City_New_York.html,45 west 44th street,new york city,ny,USA,10036,-1,-1,328,4.764119601328904,4.607973421926911,4.54485049833887,4.847176079734219,4.26578073089701,0.0,4.605980066445182,
usa_new york city_hotel_giraffe,hotel giraffe,http://www.tripadvisor.com/ShowUserReviews-g60763-d99762-r50447395-Hotel_Giraffe-New_York_City_New_York.html,365 park ave s,new york city,ny,USA,10016,-1,-1,348,4.837209302325581,4.617940199335548,4.598006644518272,4.511627906976744,4.299003322259137,0.0,4.572757475083057,
usa_new york city_hotel_elysee,hotel elysee,http://www.tripadvisor.com/ShowUserReviews-g60763-d93340-r50241527-Hotel_Elysee-New_York_City_New_York.html,60 east 54th street,new york city,ny,USA,10022,-1,-1,372,4.711111111111111,4.485185185185185,4.625925925925926,4.792592592592593,4.388888888888889,0.0,4.600740740740741,
usa_new york city_the_ritz_carlton_new_york_central_park,the ritz carlton new york central park,http://www.tripadvisor.com/ShowUserReviews-g60763-d224224-r50305079-The_Ritz_Carlton_New_York_Central_Park-New_York_City_New_York.html,50 central park south,new york city,ny,USA,10019,-1,-1,152,4.829268292682927,4.682926829268292,4.597560975609756,4.914634146341464,4.146341463414634,0.0,4.634146341463414,
usa_new york city_residence_inn_by_marriott_times_square_new_york,residence inn by marriott times square new york,http://www.tripadvisor.com/ShowUserReviews-g60763-d578305-r50422345-Residence_Inn_by_Marriott_Times_Square_New_York-New_York_City_New_York.html,1033 avenue of the americas,new york city,ny,USA,10018,-1,-1,388,4.642140468227424,4.525083612040134,4.381270903010034,4.725752508361204,4.39799331103679,0.0,4.534448160535117,
usa_new york city_affinia_dumont,affinia dumont,http://www.tripadvisor.com/ShowUserReviews-g60763-d292142-r50363398-Affinia_Dumont-New_York_City_New_York.html,150 east 34th street,new york city,ny,USA,10016,-1,-1,345,4.485049833887043,4.485049833887043,4.411960132890365,4.647840531561462,4.352159468438538,0.0,4.476411960132891,
usa_new york city_chelsea_pines_inn,chelsea pines inn,http://www.tripadvisor.com/ShowUserReviews-g60763-d122020-r50375963-Chelsea_Pines_Inn-New_York_City_New_York.html,317 west 14th street,new york city,ny,USA,10014,-1,-1,205,4.447204968944099,4.167701863354037,4.546583850931677,4.850931677018633,4.366459627329193,0.0,4.475776397515528,
usa_new york city_the_hampton_inn_times_square_north,the hampton inn times square north,http://www.tripadvisor.com/ShowUserReviews-g60763-d93457-r50108480-The_Hampton_Inn_Times_Square_North-New_York_City_New_York.html,851 eighth avenue @ 51st street,new york city,ny,USA,10019,-1,-1,332,4.588039867109635,4.4352159468438535,4.568106312292358,4.787375415282392,4.441860465116279,0.0,4.564119601328903,
usa_new york city_hilton_garden_inn_times_square,hilton garden inn times square,http://www.tripadvisor.com/ShowUserReviews-g60763-d99352-r50542625-Hilton_Garden_Inn_Times_Square-New_York_City_New_York.html,790 eighth avenue,new york city,ny,USA,10019,-1,-1,334,4.604651162790698,4.392026578073089,4.4784053156146175,4.78405315614618,4.365448504983389,0.0,4.524916943521594,
usa_new york city_the_lucerne_hotel,the lucerne hotel,http://www.tripadvisor.com/ShowUserReviews-g60763-d99281-r50431311-The_Lucerne_Hotel-New_York_City_New_York.html,201 west 79th street,new york city,ny,USA,10024,-1,-1,347,4.6,4.288235294117647,4.4411764705882355,4.641176470588236,4.211764705882353,0.0,4.436470588235293,
usa_new york city_courtyard_new_york_manhattan_midtown_east,courtyard new york manhattan midtown east,http://www.tripadvisor.com/ShowUserReviews-g60763-d99371-r50096191-Courtyard_New_York_Manhattan_Midtown_East-New_York_City_New_York.html,866 third avenue,new york city,ny,USA,10022,-1,-1,349,4.666666666666667,4.544444444444444,4.488888888888889,4.607407407407408,4.344444444444444,0.0,4.53037037037037,
usa_new york city_hilton_garden_inn_new_york_west_35th,hilton garden inn new york west 35th,http://www.tripadvisor.com/ShowUserReviews-g60763-d1218792-r50485207-Hilton_Garden_Inn_New_York_West_35th-New_York_City_New_York.html,63 west 35th street ,new york city,ny,USA,10001,-1,-1,221,4.805825242718447,4.320388349514563,4.300970873786408,4.820388349514563,4.422330097087379,0.0,4.533980582524272,
usa_new york city_the_michelangelo_hotel,the michelangelo hotel,http://www.tripadvisor.com/ShowUserReviews-g60763-d93589-r50380778-The_Michelangelo_Hotel-New_York_City_New_York.html,152 west 51st street,new york city,ny,USA,10019,-1,-1,455,4.66390041493776,4.580912863070539,4.468879668049793,4.842323651452282,4.2987551867219915,0.0,4.570954356846473,
usa_new york city_wyndham_garden_hotel_times_square_south,wyndham garden hotel times square south,http://www.tripadvisor.com/ShowUserReviews-g60763-d1149404-r50178007-Wyndham_Garden_Hotel_Times_Square_South-New_York_City_New_York.html,341 w 36th street,new york city,ny,USA,10018,-1,-1,237,4.77027027027027,4.153153153153153,4.463963963963964,4.207207207207207,4.527027027027027,0.0,4.424324324324324,
usa_new york city_the_bryant_park,the bryant park,http://www.tripadvisor.com/ShowUserReviews-g60763-d224214-r50426969-The_Bryant_Park-New_York_City_New_York.html,40 west 40th street,new york city,ny,USA,10018,-1,-1,332,4.731601731601732,4.484848484848484,4.406926406926407,4.800865800865801,4.06926406926407,0.0,4.498701298701299,
usa_new york city_affinia_gardens,affinia gardens,http://www.tripadvisor.com/ShowUserReviews-g60763-d93467-r50436578-Affinia_Gardens-New_York_City_New_York.html,215 east 64th street,new york city,ny,USA,10021,-1,-1,209,4.551282051282051,4.506410256410256,4.544871794871795,4.608974358974359,4.333333333333333,0.0,4.508974358974358,
usa_new york city_the_mercer_hotel,the mercer hotel,http://www.tripadvisor.com/ShowUserReviews-g60763-d112053-r48922291-The_Mercer_Hotel-New_York_City_New_York.html,147 mercer st,new york city,ny,USA,10012,-1,-1,84,4.846153846153846,4.6923076923076925,4.730769230769231,4.961538461538462,4.134615384615385,0.0,4.673076923076924,
usa_new york city_kitano_new_york,kitano new york,http://www.tripadvisor.com/ShowUserReviews-g60763-d93337-r49426515-Kitano_New_York-New_York_City_New_York.html,66 park avenue,new york city,ny,USA,10016,-1,-1,168,4.7272727272727275,4.463636363636364,4.372727272727273,4.572727272727272,4.036363636363636,0.0,4.434545454545455,
usa_new york city_hilton_garden_inn_chelsea,hilton garden inn chelsea,http://www.tripadvisor.com/ShowUserReviews-g60763-d641209-r50223223-Hilton_Garden_Inn_Chelsea-New_York_City_New_York.html,121 west 28th street,new york city,ny,USA,10001,-1,-1,177,4.649681528662421,4.369426751592357,4.3949044585987265,4.235668789808917,4.280254777070064,0.0,4.3859872611464965,
usa_new york city_comfort_inn_midtown,comfort inn midtown,http://www.tripadvisor.com/ShowUserReviews-g60763-d112021-r50432100-Comfort_Inn_Midtown-New_York_City_New_York.html,129 west 46th street,new york city,ny,USA,10036,-1,-1,494,4.484304932735426,4.0941704035874436,4.345291479820628,4.860986547085202,4.408071748878924,0.0,4.438565022421525,
usa_new york city_trump_international_hotel_and_tower,trump international hotel and tower,http://www.tripadvisor.com/ShowUserReviews-g60763-d93623-r50036446-Trump_International_Hotel_and_Tower-New_York_City_New_York.html,1 central park west,new york city,ny,USA,10023,-1,-1,146,4.7926829268292686,4.317073170731708,4.573170731707317,4.7926829268292686,3.9390243902439024,0.0,4.482926829268292,
usa_new york city_hotel_chandler,hotel chandler,http://www.tripadvisor.com/ShowUserReviews-g60763-d223024-r50557852-Hotel_Chandler-New_York_City_New_York.html,12 east 31st street,new york city,ny,USA,10016,-1,-1,337,4.535564853556485,4.175732217573222,4.414225941422594,4.456066945606694,4.2468619246861925,0.0,4.365690376569037,
usa_new york city_the_st_regis_hotel_new_york,the st regis hotel new york,http://www.tripadvisor.com/ShowUserReviews-g60763-d93614-r49474759-The_St_Regis_Hotel_New_York-New_York_City_New_York.html,two east 55th street  at fifth avenue,new york city,ny,USA,10022,-1,-1,121,4.7534246575342465,4.6438356164383565,4.616438356164384,4.8493150684931505,3.9315068493150687,0.0,4.558904109589042,
usa_new york city_smyth_hotel_a_thompson_hotel,smyth hotel a thompson hotel,http://www.tripadvisor.com/ShowUserReviews-g60763-d1371825-r50522160-Smyth_Hotel_A_Thompson_Hotel-New_York_City_New_York.html,85 west broadway,new york city,ny,USA,10007,-1,-1,57,4.796296296296297,4.5,4.537037037037037,4.685185185185185,4.462962962962963,0.0,4.5962962962962965,
usa_new york city_the_bowery_hotel,the bowery hotel,http://www.tripadvisor.com/ShowUserReviews-g60763-d634696-r49918523-The_Bowery_Hotel-New_York_City_New_York.html,335 bowery,new york city,ny,USA,10003,-1,-1,101,4.804597701149425,4.781609195402299,4.666666666666667,4.632183908045977,4.287356321839081,0.0,4.63448275862069,
usa_new york city_the_blakely_new_york,the blakely new york,http://www.tripadvisor.com/ShowUserReviews-g60763-d93445-r49922324-The_Blakely_New_York-New_York_City_New_York.html,136 west 55th street,new york city,ny,USA,10019,-1,-1,238,4.684931506849315,4.5,4.404109589041096,4.794520547945205,4.328767123287672,0.0,4.542465753424658,
usa_new york city_mandarin_oriental_new_york,mandarin oriental new york,http://www.tripadvisor.com/ShowUserReviews-g60763-d281071-r50499055-Mandarin_Oriental_New_York-New_York_City_New_York.html,80 columbus circle at 60th st,new york city,ny,USA,10023,-1,-1,195,4.703703703703703,4.611111111111111,4.425925925925926,4.712962962962963,3.787037037037037,0.0,4.448148148148148,
usa_new york city_doubletree_guest_suites_times_square,doubletree guest suites times square,http://www.tripadvisor.com/ShowUserReviews-g60763-d93352-r50531236-Doubletree_Guest_Suites_Times_Square-New_York_City_New_York.html,1568 broadway,new york city,ny,USA,10036-8201,-1,-1,350,4.305647840531561,4.259136212624584,4.159468438538206,4.8006644518272426,4.003322259136213,0.0,4.305647840531561,
usa_new york city_san_carlos_hotel,san carlos hotel,http://www.tripadvisor.com/ShowUserReviews-g60763-d80112-r50459388-San_Carlos_Hotel-New_York_City_New_York.html,150 east 50th street,new york city,ny,USA,10022,-1,-1,235,4.6,4.45,4.5928571428571425,4.578571428571428,4.3,0.0,4.5042857142857144,
usa_new york city_affinia_50,affinia 50,http://www.tripadvisor.com/ShowUserReviews-g60763-d502408-r50125834-Affinia_50-New_York_City_New_York.html,155 east 50th street,new york city,ny,USA,10022,-1,-1,336,4.4186046511627906,4.358803986710964,4.511627906976744,4.6245847176079735,4.289036544850498,0.0,4.440531561461794,
usa_new york city_blue_moon_hotel,blue moon hotel,http://www.tripadvisor.com/ShowUserReviews-g60763-d601762-r50327995-Blue_Moon_Hotel-New_York_City_New_York.html,100 orchard st,new york city,ny,USA,10002,-1,-1,178,4.662162162162162,4.547297297297297,4.641891891891892,4.425675675675675,4.20945945945946,0.0,4.497297297297297,
usa_new york city_the_muse_hotel_new_york_a_kimpton_hotel,the muse hotel new york a kimpton hotel,http://www.tripadvisor.com/ShowUserReviews-g60763-d217616-r50260040-The_Muse_Hotel_New_York_a_Kimpton_Hotel-New_York_City_New_York.html,130 west 46th street,new york city,ny,USA,10036,-1,-1,431,4.445945945945946,4.373873873873874,4.315315315315315,4.711711711711712,3.9684684684684686,0.0,4.363063063063064,
usa_new york city_hampton_inn_madison_square_garden,hampton inn madison square garden,http://www.tripadvisor.com/ShowUserReviews-g60763-d498869-r50053170-Hampton_Inn_Madison_Square_Garden-New_York_City_New_York.html,116 west 31st street,new york city,ny,USA,10001,-1,-1,152,4.558558558558558,4.018018018018018,4.54054054054054,4.612612612612613,4.423423423423423,0.0,4.43063063063063,
usa_new york city_the_iroquois,the iroquois,http://www.tripadvisor.com/ShowUserReviews-g60763-d93396-r49892877-The_Iroquois-New_York_City_New_York.html,49 w 44th st,new york city,ny,USA,10036,-1,-1,364,4.629213483146067,4.254681647940075,4.393258426966292,4.745318352059925,4.134831460674158,0.0,4.431460674157303,
usa_new york city_best_western_bowery_hanbee_hotel,best western bowery hanbee hotel,http://www.tripadvisor.com/ShowUserReviews-g60763-d1060157-r50535684-Best_Western_Bowery_Hanbee_Hotel-New_York_City_New_York.html,231 grand street,new york city,ny,USA,10013-4246,-1,-1,106,4.65979381443299,4.402061855670103,4.309278350515464,4.391752577319588,4.546391752577319,0.0,4.461855670103093,
usa_new york city_morgans_hotel,morgans hotel,http://www.tripadvisor.com/ShowUserReviews-g60763-d113329-r50540754-Morgans_Hotel-New_York_City_New_York.html,237 madison ave,new york city,ny,USA,10016,-1,-1,91,4.470588235294118,4.176470588235294,4.423529411764706,4.458823529411765,4.117647058823529,0.0,4.329411764705883,
usa_new york city_embassy_suites_hotel_new_york_city,embassy suites hotel new york city,http://www.tripadvisor.com/ShowUserReviews-g60763-d208452-r50503201-Embassy_Suites_Hotel_New_York_City-New_York_City_New_York.html,102 north end avenue,new york city,ny,USA,10281,-1,-1,580,4.5083056478405314,4.425249169435216,4.299003322259137,3.916943521594684,4.1993355481727574,0.0,4.2697674418604645,
usa_new york city_hotel_beacon,hotel beacon,http://www.tripadvisor.com/ShowUserReviews-g60763-d93338-r50507635-Hotel_Beacon-New_York_City_New_York.html,2130 broadway at 75th street,new york city,ny,USA,10023,-1,-1,467,4.323144104803493,4.1965065502183405,3.9519650655021836,4.563318777292577,4.209606986899563,0.0,4.248908296943231,
usa_new york city_the_marmara_manhattan_luxury_hotel_residence,the marmara manhattan luxury hotel residence,http://www.tripadvisor.com/ShowUserReviews-g60763-d121998-r48444180-The_Marmara_Manhattan_Luxury_Hotel_Residence-New_York_City_New_York.html,301 east 94th street,new york city,ny,USA,10128,-1,-1,52,4.595744680851064,4.425531914893617,4.191489361702128,3.6382978723404253,4.23404255319149,0.0,4.217021276595744,
usa_new york city_the_london_nyc,the london nyc,http://www.tripadvisor.com/ShowUserReviews-g60763-d630409-r50172403-The_London_NYC-New_York_City_New_York.html,151 west 54th street,new york city,ny,USA,10019,-1,-1,282,4.573770491803279,4.467213114754099,4.118852459016393,4.663934426229508,4.004098360655738,0.0,4.365573770491804,
usa_new york city_salisbury_hotel,salisbury hotel,http://www.tripadvisor.com/ShowUserReviews-g60763-d93346-r50574508-Salisbury_Hotel-New_York_City_New_York.html,123 west 57th street,new york city,ny,USA,10019,-1,-1,329,4.322259136212624,4.046511627906977,4.043189368770764,4.803986710963455,4.352159468438538,0.0,4.313621262458471,
usa_new york city_peninsula_new_york,peninsula new york,http://www.tripadvisor.com/ShowUserReviews-g60763-d113311-r49922782-Peninsula_New_York-New_York_City_New_York.html,700 fifth avenue at 55th street,new york city,ny,USA,10019,-1,-1,99,4.666666666666667,4.296296296296297,4.425925925925926,4.814814814814815,3.5925925925925926,0.0,4.35925925925926,
usa_new york city_best_western_hospitality_house,best western hospitality house,http://www.tripadvisor.com/ShowUserReviews-g60763-d80087-r49603419-Best_Western_Hospitality_House-New_York_City_New_York.html,145 east 49th street,new york city,ny,USA,10017,-1,-1,172,4.163461538461538,4.3076923076923075,4.153846153846154,4.644230769230769,4.375,0.0,4.328846153846153,
usa_new york city_gild_hall,gild hall,http://www.tripadvisor.com/ShowUserReviews-g60763-d122014-r49589212-Gild_Hall-New_York_City_New_York.html,15 gold street  entrance on platt,new york city,ny,USA,10038,-1,-1,115,4.717171717171717,4.292929292929293,4.515151515151516,3.8383838383838382,4.414141414141414,0.0,4.355555555555556,
usa_new york city_renaissance_new_york_hotel_times_square,renaissance new york hotel times square,http://www.tripadvisor.com/ShowUserReviews-g60763-d93534-r50447686-Renaissance_New_York_Hotel_Times_Square-New_York_City_New_York.html,two times square,new york city,ny,USA,10036,-1,-1,350,4.51063829787234,4.420212765957447,4.25531914893617,4.845744680851064,3.952127659574468,0.0,4.396808510638299,
usa_new york city_the_hotel_at_times_square,the hotel at times square,http://www.tripadvisor.com/ShowUserReviews-g60763-d249711-r50469234-The_Hotel_at_Times_Square-New_York_City_New_York.html,59 west 46th street,new york city,ny,USA,10036,-1,-1,204,4.473404255319149,4.159574468085107,3.99468085106383,4.808510638297872,4.398936170212766,0.0,4.367021276595745,
usa_new york city_ritz_carlton_battery_park,ritz carlton battery park,http://www.tripadvisor.com/ShowUserReviews-g60763-d222959-r50511870-Ritz_Carlton_Battery_Park-New_York_City_New_York.html,2 west street,new york city,ny,USA,10004,-1,-1,258,4.525925925925926,4.288888888888889,4.318518518518519,4.103703703703704,3.8962962962962964,0.0,4.226666666666667,
usa_new york city_new_york_marriott_marquis,new york marriott marquis,http://www.tripadvisor.com/ShowUserReviews-g60763-d93507-r50304600-New_York_Marriott_Marquis-New_York_City_New_York.html,1535 broadway,new york city,ny,USA,10036,-1,-1,349,4.3455149501661126,4.249169435215947,4.083056478405315,4.810631229235881,3.737541528239203,0.0,4.2451827242524915,
usa_new york city_hotel_41_at_times_square,hotel 41 at times square,http://www.tripadvisor.com/ShowUserReviews-g60763-d254605-r48493172-Hotel_41_At_Times_Square-New_York_City_New_York.html,206 w 41st st,new york city,ny,USA,10036,-1,-1,383,4.508021390374331,3.8128342245989306,4.572192513368984,4.81283422459893,4.240641711229946,0.0,4.389304812834224,
usa_new york city_hampton_inn_manhattan_soho,hampton inn manhattan soho,http://www.tripadvisor.com/ShowUserReviews-g60763-d866615-r50425799-Hampton_Inn_Manhattan_SoHo-New_York_City_New_York.html,54 watts street,new york city,ny,USA,10013,-1,-1,103,4.446808510638298,4.180851063829787,4.25531914893617,4.404255319148936,4.5638297872340425,0.0,4.370212765957447,
usa_new york city_hotel_mela,hotel mela,http://www.tripadvisor.com/ShowUserReviews-g60763-d612263-r50514261-Hotel_Mela-New_York_City_New_York.html,120 west 44th street,new york city,ny,USA,10036,-1,-1,353,4.637873754152824,4.102990033222591,4.48172757475083,4.754152823920266,4.1993355481727574,0.0,4.4352159468438535,
usa_new york city_chelsea_lodge,chelsea lodge,http://www.tripadvisor.com/ShowUserReviews-g60763-d80083-r50513844-Chelsea_Lodge-New_York_City_New_York.html,318 west 20th street,new york city,ny,USA,10011,-1,-1,266,4.494186046511628,3.8488372093023258,3.9127906976744184,4.651162790697675,4.569767441860465,0.0,4.2953488372093025,
usa_new york city_hampton_inn_35th_st_empire_state_building,hampton inn 35th st empire state building,http://www.tripadvisor.com/ShowUserReviews-g60763-d1158763-r49849653-Hampton_Inn_35th_St_Empire_State_Building-New_York_City_New_York.html,59 west 35th street,new york city,ny,USA,10001,-1,-1,75,4.578125,4.15625,4.234375,4.578125,4.5,0.0,4.409375,
usa_new york city_crosby_street_hotel,crosby street hotel,http://www.tripadvisor.com/ShowUserReviews-g60763-d1572980-r48777744-Crosby_Street_Hotel-New_York_City_New_York.html,79 crosby street,new york city,ny,USA,-1,-1,-1,4,5.0,5.0,5.0,5.0,5.0,0.0,5.0,
usa_new york city_room_mate_grace,room mate grace,http://www.tripadvisor.com/ShowUserReviews-g60763-d518280-r50500260-Room_Mate_Grace-New_York_City_New_York.html,125 west 45 street,new york city,ny,USA,10036,-1,-1,472,4.411960132890365,3.973421926910299,4.1096345514950166,4.694352159468439,4.073089700996678,0.0,4.252491694352159,
usa_new york city_courtyard_by_marriott_new_york_manhattan_times_square_south,courtyard by marriott new york manhattan times square south,http://www.tripadvisor.com/ShowUserReviews-g60763-d99368-r49483218-Courtyard_by_Marriott_New_York_Manhattan_Times_Square_South-New_York_City_New_York.html,114 west 40th street,new york city,ny,USA,10018,-1,-1,267,4.416666666666667,4.211111111111111,4.3277777777777775,4.727777777777778,4.227777777777778,0.0,4.3822222222222225,
usa_new york city_the_pod_hotel,the pod hotel,http://www.tripadvisor.com/ShowUserReviews-g60763-d93358-r50527446-The_Pod_Hotel-New_York_City_New_York.html,230 e 51st st,new york city,ny,USA,10022,-1,-1,331,4.421926910299003,3.787375415282392,3.86046511627907,4.4916943521594686,4.136212624584718,0.0,4.1395348837209305,
usa_new york city_warwick_new_york_hotel,warwick new york hotel,http://www.tripadvisor.com/ShowUserReviews-g60763-d112064-r50064238-Warwick_New_York_Hotel-New_York_City_New_York.html,65 west 54th street,new york city,ny,USA,10019,-1,-1,390,4.28125,4.046875,4.0625,4.755208333333333,3.9583333333333335,0.0,4.220833333333333,
usa_new york city_the_new_york_helmsley,the new york helmsley,http://www.tripadvisor.com/ShowUserReviews-g60763-d93593-r50442196-The_New_York_Helmsley-New_York_City_New_York.html,212 e 42nd st,new york city,ny,USA,10017,-1,-1,350,4.235880398671096,4.026578073089701,4.076411960132891,4.584717607973422,4.01328903654485,0.0,4.187375415282393,
usa_new york city_affinia_shelburne,affinia shelburne,http://www.tripadvisor.com/ShowUserReviews-g60763-d93543-r50477723-Affinia_Shelburne-New_York_City_New_York.html,303 lexington avenue,new york city,ny,USA,10016,-1,-1,485,4.3156146179401995,4.162790697674419,4.086378737541528,4.408637873754153,4.172757475083056,0.0,4.2292358803986705,
usa_new york city_fitzpatrick_grand_central_hotel,fitzpatrick grand central hotel,http://www.tripadvisor.com/ShowUserReviews-g60763-d99327-r49527982-Fitzpatrick_Grand_Central_Hotel-New_York_City_New_York.html,141 east 44th street,new york city,ny,USA,10017,-1,-1,261,4.613496932515337,4.331288343558282,4.116564417177914,4.699386503067485,4.085889570552148,0.0,4.369325153374234,
usa_new york city_the_kimberly_hotel,the kimberly hotel,http://www.tripadvisor.com/ShowUserReviews-g60763-d93335-r50291856-The_Kimberly_Hotel-New_York_City_New_York.html,145 east 50th street,new york city,ny,USA,10022,-1,-1,220,4.361111111111111,4.25,4.425925925925926,4.703703703703703,4.277777777777778,0.0,4.4037037037037035,
usa_new york city_millenium_hilton,millenium hilton,http://www.tripadvisor.com/ShowUserReviews-g60763-d262330-r50367118-Millenium_Hilton-New_York_City_New_York.html,55 church street,new york city,ny,USA,10007,-1,-1,353,4.591362126245847,4.4916943521594686,4.132890365448505,4.093023255813954,4.106312292358804,0.0,4.283056478405316,
usa_new york city_four_points_by_sheraton_manhattan_soho_village,four points by sheraton manhattan soho village,http://www.tripadvisor.com/ShowUserReviews-g60763-d1157456-r49387500-Four_Points_by_Sheraton_Manhattan_SoHo_Village-New_York_City_New_York.html,66 charlton street,new york city,ny,USA,10014,-1,-1,71,4.476923076923077,3.9384615384615387,4.276923076923077,4.3076923076923075,4.123076923076923,0.0,4.224615384615385,
usa_new york city_the_belvedere,the belvedere,http://www.tripadvisor.com/ShowUserReviews-g60763-d93569-r50461730-The_Belvedere-New_York_City_New_York.html,319 west 48th street,new york city,ny,USA,10036,-1,-1,348,4.342192691029901,3.9269102990033224,4.073089700996678,4.6544850498338874,4.076411960132891,0.0,4.214617940199337,
usa_new york city_wingate_by_wyndham_manhattan_midtown,wingate by wyndham manhattan midtown,http://www.tripadvisor.com/ShowUserReviews-g60763-d620040-r50156757-Wingate_by_Wyndham_Manhattan_Midtown-New_York_City_New_York.html,235 west 35th street,new york city,ny,USA,10001,-1,-1,263,4.556521739130435,4.343478260869565,4.130434782608695,4.360869565217391,4.160869565217391,0.0,4.310434782608696,
usa_new york city_the_new_yorker_hotel,the new yorker hotel,http://www.tripadvisor.com/ShowUserReviews-g60763-d122005-r50476732-The_New_Yorker_Hotel-New_York_City_New_York.html,481 eighth ave,new york city,ny,USA,10001,-1,-1,340,4.299003322259137,3.740863787375415,3.877076411960133,4.681063122923588,3.963455149501661,0.0,4.112292358803986,
usa_new york city_hampton_inn_manhattan_chelsea,hampton inn manhattan chelsea,http://www.tripadvisor.com/ShowUserReviews-g60763-d268216-r50520670-Hampton_Inn_Manhattan_Chelsea-New_York_City_New_York.html,108 west 24th street,new york city,ny,USA,10011,-1,-1,183,4.394957983193278,4.100840336134453,4.310924369747899,4.336134453781512,4.2100840336134455,0.0,4.270588235294118,
usa_new york city_hotel_metro,hotel metro,http://www.tripadvisor.com/ShowUserReviews-g60763-d99392-r50146505-Hotel_Metro-New_York_City_New_York.html,45 w 35th st,new york city,ny,USA,10001,-1,-1,358,4.3455149501661126,3.913621262458472,4.043189368770764,4.667774086378738,4.129568106312292,0.0,4.219933554817276,
usa_new york city_hampton_inn_new_york_seaport_financial_district,hampton inn new york seaport financial district,http://www.tripadvisor.com/ShowUserReviews-g60763-d277882-r48793530-Hampton_Inn_New_York_Seaport_Financial_District-New_York_City_New_York.html,320 pearl st.,new york city,ny,USA,10038,-1,-1,84,4.597222222222222,4.333333333333333,4.513888888888889,4.263888888888889,4.277777777777778,0.0,4.397222222222222,
usa_new york city_hilton_times_square,hilton times square,http://www.tripadvisor.com/ShowUserReviews-g60763-d208453-r50523230-Hilton_Times_Square-New_York_City_New_York.html,234 west 42nd street,new york city,ny,USA,10036,-1,-1,528,4.398496240601504,4.323308270676692,3.9962406015037595,4.7368421052631575,3.774436090225564,0.0,4.245864661654135,
usa_new york city_affinia_manhattan,affinia manhattan,http://www.tripadvisor.com/ShowUserReviews-g60763-d93562-r50531357-Affinia_Manhattan-New_York_City_New_York.html,371 seventh ave,new york city,ny,USA,10001,-1,-1,328,4.1262458471760795,3.920265780730897,4.196013289036545,4.677740863787376,4.0066445182724255,0.0,4.185382059800665,
usa_new york city_eastgate_tower,eastgate tower,http://www.tripadvisor.com/ShowUserReviews-g60763-d93435-r50364188-Eastgate_Tower-New_York_City_New_York.html,222 east 39th street,new york city,ny,USA,10016,-1,-1,373,4.00763358778626,3.8893129770992365,4.099236641221374,4.1679389312977095,4.263358778625954,0.0,4.085496183206106,
usa_new york city_hotel_newton,hotel newton,http://www.tripadvisor.com/ShowUserReviews-g60763-d112039-r50434312-Hotel_Newton-New_York_City_New_York.html,2528 broadway,new york city,ny,USA,10025,-1,-1,355,4.385057471264368,3.9195402298850577,3.9482758620689653,4.172413793103448,4.241379310344827,0.0,4.133333333333334,
usa_new york city_the_benjamin,the benjamin,http://www.tripadvisor.com/ShowUserReviews-g60763-d217626-r50531847-The_Benjamin-New_York_City_New_York.html,125 east 50th street,new york city,ny,USA,10022,-1,-1,402,4.502347417840376,4.23943661971831,4.31924882629108,4.55868544600939,3.971830985915493,0.0,4.31830985915493,
usa_new york city_rockefeller_center_hotel,rockefeller center hotel,http://www.tripadvisor.com/ShowUserReviews-g60763-d617306-r45500141-Rockefeller_Center_Hotel-New_York_City_New_York.html,25 west 51st st.,new york city,ny,USA,10019,-1,-1,74,4.290322580645161,4.016129032258065,3.8548387096774195,4.806451612903226,4.112903225806452,0.0,4.216129032258064,
usa_new york city_royalton_hotel_new_york_city,royalton hotel new york city,http://www.tripadvisor.com/ShowUserReviews-g60763-d93610-r50519955-Royalton_Hotel_New_York_City-New_York_City_New_York.html,44 west 44th street,new york city,ny,USA,10036,-1,-1,151,4.610294117647059,4.1911764705882355,4.154411764705882,4.6838235294117645,3.8529411764705883,0.0,4.298529411764706,
usa_new york city_jumeirah_essex_house,jumeirah essex house,http://www.tripadvisor.com/ShowUserReviews-g60763-d455186-r50342742-Jumeirah_Essex_House-New_York_City_New_York.html,160 central park south,new york city,ny,USA,10019,-1,-1,282,4.305882352941176,4.1117647058823525,3.9823529411764707,4.8,3.6294117647058823,0.0,4.165882352941177,
usa_new york city_four_seasons_hotel_new_york,four seasons hotel new york,http://www.tripadvisor.com/ShowUserReviews-g60763-d113298-r50242340-Four_Seasons_Hotel_New_York-New_York_City_New_York.html,57 east 57th street,new york city,ny,USA,10022,-1,-1,122,4.642857142857143,4.442857142857143,4.214285714285714,4.7,3.7285714285714286,0.0,4.345714285714285,
usa_new york city_omni_berkshire_place,omni berkshire place,http://www.tripadvisor.com/ShowUserReviews-g60763-d113300-r50492819-Omni_Berkshire_Place-New_York_City_New_York.html,21 e 52nd st,new york city,ny,USA,10022,-1,-1,338,4.563981042654029,4.203791469194313,4.246445497630332,4.696682464454977,4.023696682464455,0.0,4.346919431279621,
usa_new york city_ink48_a_kimpton_hotel,ink48 a kimpton hotel,http://www.tripadvisor.com/ShowUserReviews-g60763-d1158753-r49849480-Ink48_a_Kimpton_Hotel-New_York_City_New_York.html,653 11th avenue at 48th,new york city,ny,USA,10036,-1,-1,46,4.767441860465116,4.4186046511627906,4.627906976744186,3.558139534883721,4.116279069767442,0.0,4.297674418604652,
usa_new york city_courtyard_by_marriott_new_york_manhattan_upper_east_side,courtyard by marriott new york manhattan upper east side,http://www.tripadvisor.com/ShowUserReviews-g60763-d564851-r47910449-Courtyard_by_Marriott_New_York_Manhattan_Upper_East_Side-New_York_City_New_York.html,410 east 92nd street,new york city,ny,USA,10128,-1,-1,92,4.517647058823529,4.0588235294117645,4.223529411764706,3.4941176470588236,4.070588235294117,0.0,4.072941176470588,
usa_new york city_fairfield_inn_new_york_manhattan_times_square_south,fairfield inn new york manhattan times square south,http://www.tripadvisor.com/ShowUserReviews-g60763-d1390172-r50340999-Fairfield_Inn_New_York_Manhattan_Times_Square_South-New_York_City_New_York.html,330 west 40th street,new york city,ny,USA,10018,-1,-1,53,4.739130434782608,4.130434782608695,4.260869565217392,4.0,4.565217391304348,0.0,4.339130434782609,
usa_new york city_the_sherry_netherland_hotel,the sherry netherland hotel,http://www.tripadvisor.com/ShowUserReviews-g60763-d93559-r49575322-The_Sherry_Netherland_Hotel-New_York_City_New_York.html,781 fifth avenue,new york city,ny,USA,10022,-1,-1,24,4.7272727272727275,4.7272727272727275,4.454545454545454,4.909090909090909,4.454545454545454,0.0,4.654545454545454,
usa_new york city_millennium_un_plaza_hotel,millennium un plaza hotel,http://www.tripadvisor.com/ShowUserReviews-g60763-d209382-r50555772-Millennium_UN_Plaza_Hotel-New_York_City_New_York.html,one united nations plaza,new york city,ny,USA,10017-3575,-1,-1,526,3.9700996677740865,3.9833887043189367,3.9966777408637872,4.179401993355482,3.9966777408637872,0.0,4.025249169435216,
usa_new york city_new_york_marriott_downtown,new york marriott downtown,http://www.tripadvisor.com/ShowUserReviews-g60763-d93477-r50441871-New_York_Marriott_Downtown-New_York_City_New_York.html,85 west street,new york city,ny,USA,10006,-1,-1,214,4.338028169014085,4.246478873239437,4.077464788732394,3.9295774647887325,4.014084507042254,0.0,4.12112676056338,
usa_new york city_the_westin_new_york_at_times_square,the westin new york at times square,http://www.tripadvisor.com/ShowUserReviews-g60763-d249712-r50547574-The_Westin_New_York_at_Times_Square-New_York_City_New_York.html,270 west 43rd street,new york city,ny,USA,10036,-1,-1,337,4.3156146179401995,4.146179401993355,3.913621262458472,4.607973421926911,3.7242524916943522,0.0,4.141528239202658,
usa_new york city_fitzpatrick_manhattan,fitzpatrick manhattan,http://www.tripadvisor.com/ShowUserReviews-g60763-d113309-r50454439-Fitzpatrick_Manhattan-New_York_City_New_York.html,687 lexington avenue,new york city,ny,USA,10022,-1,-1,121,4.422535211267606,4.225352112676056,4.197183098591549,4.605633802816901,4.028169014084507,0.0,4.295774647887323,
usa_new york city_roger_williams_hotel,roger williams hotel,http://www.tripadvisor.com/ShowUserReviews-g60763-d80110-r50499625-Roger_Williams_Hotel-New_York_City_New_York.html,131 madison avenue,new york city,ny,USA,10016,-1,-1,267,4.549668874172186,3.9403973509933774,4.3841059602649,4.357615894039735,3.834437086092715,0.0,4.213245033112583,
usa_new york city_lowell_hotel,lowell hotel,http://www.tripadvisor.com/ShowUserReviews-g60763-d93585-r48787589-Lowell_Hotel-New_York_City_New_York.html,28 east 63rd street,new york city,ny,USA,10021-8088,-1,-1,37,4.545454545454546,4.5,4.409090909090909,4.590909090909091,3.8636363636363638,0.0,4.381818181818182,
usa_new york city_the_plaza,the plaza,http://www.tripadvisor.com/ShowUserReviews-g60763-d675616-r50276192-The_Plaza-New_York_City_New_York.html,5th ave at 59th street,new york city,ny,USA,10019,-1,-1,77,4.442857142857143,4.142857142857143,4.085714285714285,4.785714285714286,3.3857142857142857,0.0,4.168571428571428,
usa_new york city_hotel_373,hotel 373,http://www.tripadvisor.com/ShowUserReviews-g60763-d624442-r50010650-Hotel_373-New_York_City_New_York.html,373 fifth avenue,new york city,ny,USA,10001,-1,-1,141,4.573770491803279,3.860655737704918,4.073770491803279,4.69672131147541,3.942622950819672,0.0,4.229508196721312,
usa_new york city_crowne_plaza_times_square_manhattan,crowne plaza times square manhattan,http://www.tripadvisor.com/ShowUserReviews-g60763-d93454-r50553020-Crowne_Plaza_Times_Square_Manhattan-New_York_City_New_York.html,1605 broadway,new york city,ny,USA,10019,-1,-1,351,4.245847176079734,3.9800664451827243,3.6877076411960132,4.7275747508305646,3.478405315614618,0.0,4.02392026578073,
usa_new york city_the_alex_hotel,the alex hotel,http://www.tripadvisor.com/ShowUserReviews-g60763-d281697-r49862975-The_Alex_Hotel-New_York_City_New_York.html,205 east 45th street,new york city,ny,USA,10017,-1,-1,231,4.39344262295082,4.081967213114754,4.155737704918033,4.114754098360656,3.877049180327869,0.0,4.1245901639344265,
usa_new york city_wall_street_inn,wall street inn,http://www.tripadvisor.com/ShowUserReviews-g60763-d251906-r50416097-Wall_Street_Inn-New_York_City_New_York.html,9 south william street,new york city,ny,USA,10004,-1,-1,59,4.594594594594595,4.378378378378378,3.4594594594594597,3.7837837837837838,4.0,0.0,4.043243243243244,
usa_new york city_w_new_york_times_square,w new york times square,http://www.tripadvisor.com/ShowUserReviews-g60763-d235238-r50580717-W_New_York_Times_Square-New_York_City_New_York.html,1567 broadway at 47th st,new york city,ny,USA,10036,-1,-1,454,4.062271062271062,3.7765567765567765,3.8754578754578755,4.604395604395604,3.402930402930403,0.0,3.9443223443223445,
usa_new york city_club_quarters_rockefeller_center,club quarters rockefeller center,http://www.tripadvisor.com/ShowUserReviews-g60763-d607712-r50253901-Club_Quarters_Rockefeller_Center-New_York_City_New_York.html,25 west 51st street,new york city,ny,USA,10019,-1,-1,98,4.466666666666667,4.0,3.933333333333333,4.8133333333333335,4.12,0.0,4.2666666666666675,
usa_new york city_414_hotel,414 hotel,http://www.tripadvisor.com/ShowUserReviews-g60763-d217630-r47910069-414_Hotel-New_York_City_New_York.html,414 w 46th st,new york city,ny,USA,10036,-1,-1,187,4.073170731707317,3.9878048780487805,3.9146341463414633,4.646341463414634,4.2682926829268295,0.0,4.1780487804878055,
usa_new york city_hotel_17,hotel 17,http://www.tripadvisor.com/ShowUserReviews-g60763-d93379-r50246126-Hotel_17-New_York_City_New_York.html,225 east 17th street,new york city,ny,USA,10003,-1,-1,349,4.049450549450549,3.467032967032967,3.6043956043956045,4.445054945054945,4.21978021978022,0.0,3.957142857142857,
usa_new york city_the_herald_square_hotel,the herald square hotel,http://www.tripadvisor.com/ShowUserReviews-g60763-d93452-r50316445-The_Herald_Square_Hotel-New_York_City_New_York.html,19 west 31st street,new york city,ny,USA,10001,-1,-1,375,4.281512605042017,3.9159663865546217,3.76890756302521,4.53781512605042,4.163865546218488,0.0,4.133613445378151,
usa_new york city_the_surrey,the surrey,http://www.tripadvisor.com/ShowUserReviews-g60763-d93566-r50524037-The_Surrey-New_York_City_New_York.html,20 e. 76th street,new york city,ny,USA,10021,-1,-1,48,3.878787878787879,3.727272727272727,4.0606060606060606,4.636363636363637,3.8181818181818183,0.0,4.024242424242424,
usa_new york city_novotel_new_york_times_square,novotel new york times square,http://www.tripadvisor.com/ShowUserReviews-g60763-d93516-r50378994-Novotel_New_York_Times_Square-New_York_City_New_York.html,226 w. 52nd st.,new york city,ny,USA,10019,-1,-1,351,3.9767441860465116,3.6345514950166113,3.8106312292358804,4.8172757475083055,3.8106312292358804,0.0,4.009966777408638,
usa_new york city_park_south_hotel,park south hotel,http://www.tripadvisor.com/ShowUserReviews-g60763-d225942-r50238001-Park_South_Hotel-New_York_City_New_York.html,122 east 28th street,new york city,ny,USA,10016,-1,-1,273,4.23841059602649,3.6556291390728477,3.7350993377483444,4.099337748344371,3.9536423841059603,0.0,3.936423841059603,
usa_new york city_the_franklin,the franklin,http://www.tripadvisor.com/ShowUserReviews-g60763-d93575-r46582870-The_Franklin-New_York_City_New_York.html,164 e 87th st,new york city,ny,USA,10128,-1,-1,74,4.7105263157894735,3.789473684210526,4.473684210526316,4.052631578947368,4.0,0.0,4.205263157894736,
usa_new york city_millennium_hotel_broadway,millennium hotel broadway,http://www.tripadvisor.com/ShowUserReviews-g60763-d93486-r50522345-Millennium_Hotel_Broadway-New_York_City_New_York.html,145 w 44th street,new york city,ny,USA,10036,-1,-1,352,3.8372093023255816,3.691029900332226,3.6312292358803986,4.774086378737541,3.7641196013289036,0.0,3.9395348837209303,
usa_new york city_greenwich_hotel,greenwich hotel,http://www.tripadvisor.com/ShowUserReviews-g60763-d1028569-r49246858-Greenwich_Hotel-New_York_City_New_York.html,377 greenwich st.,new york city,ny,USA,10013,-1,-1,21,4.684210526315789,4.2105263157894735,4.421052631578948,4.473684210526316,3.3684210526315788,0.0,4.231578947368421,
usa_new york city_hilton_garden_inn_tribeca,hilton garden inn tribeca,http://www.tripadvisor.com/ShowUserReviews-g60763-d632551-r50064358-Hilton_Garden_Inn_Tribeca-New_York_City_New_York.html,6 york st,new york city,ny,USA,10013,-1,-1,43,4.487804878048781,3.951219512195122,3.902439024390244,4.195121951219512,3.7804878048780486,0.0,4.0634146341463415,
usa_new york city_the_waldorf_astoria,the waldorf astoria,http://www.tripadvisor.com/ShowUserReviews-g60763-d93618-r50428809-The_Waldorf_Astoria-New_York_City_New_York.html,301 park avenue,new york city,ny,USA,10022,-1,-1,345,4.1694352159468435,3.7109634551495017,4.046511627906977,4.598006644518272,3.5348837209302326,0.0,4.011960132890366,
usa_new york city_red_roof_inn_manhattan,red roof inn manhattan,http://www.tripadvisor.com/ShowUserReviews-g60763-d224223-r50053989-Red_Roof_Inn_Manhattan-New_York_City_New_York.html,6 west 32nd street,new york city,ny,USA,10001,-1,-1,565,4.2687074829931975,4.051020408163265,3.792517006802721,4.629251700680272,4.149659863945578,0.0,4.178231292517006,
usa_new york city_70_park_avenue_hotel_a_kimpton_hotel,70 park avenue hotel a kimpton hotel,http://www.tripadvisor.com/ShowUserReviews-g60763-d93430-r50529135-70_park_avenue_hotel_a_Kimpton_Hotel-New_York_City_New_York.html,70 park avenue,new york city,ny,USA,10016,-1,-1,273,4.335078534031414,3.9162303664921465,4.209424083769633,4.486910994764398,3.8900523560209423,0.0,4.167539267015707,
usa_new york city_holiday_inn_nyc_manhattan_6th_avenue,holiday inn nyc manhattan 6th avenue,http://www.tripadvisor.com/ShowUserReviews-g60763-d673080-r50503048-Holiday_Inn_NYC_Manhattan_6th_Avenue-New_York_City_New_York.html,125 west 26th street,new york city,ny,USA,10001,-1,-1,108,4.425742574257426,3.623762376237624,4.099009900990099,4.217821782178218,4.00990099009901,0.0,4.075247524752475,
usa_new york city_tribeca_grand_hotel,tribeca grand hotel,http://www.tripadvisor.com/ShowUserReviews-g60763-d208455-r50232318-Tribeca_Grand_Hotel-New_York_City_New_York.html,2 avenue of the americas,new york city,ny,USA,10013,-1,-1,236,4.28030303030303,4.037878787878788,4.196969696969697,4.378787878787879,3.6818181818181817,0.0,4.115151515151515,
usa_new york city_holiday_inn_express_nyc_madison_square_garden,holiday inn express nyc madison square garden,http://www.tripadvisor.com/ShowUserReviews-g60763-d630950-r50267776-Holiday_Inn_Express_NYC_Madison_Square_Garden-New_York_City_New_York.html,232 west 29th street,new york city,ny,USA,10001-5201,-1,-1,240,4.392156862745098,3.8186274509803924,4.053921568627451,4.377450980392157,4.151960784313726,0.0,4.158823529411765,
usa_new york city_ace_hotel_nyc,ace hotel nyc,http://www.tripadvisor.com/ShowUserReviews-g60763-d1201072-r50358384-Ace_Hotel_NYC-New_York_City_New_York.html,20 west 29th street,new york city,ny,USA,10001,-1,-1,53,4.3061224489795915,4.020408163265306,4.183673469387755,3.9591836734693877,4.061224489795919,0.0,4.106122448979592,
usa_new york city_the_carlton,the carlton,http://www.tripadvisor.com/ShowUserReviews-g60763-d93571-r50520406-The_Carlton-New_York_City_New_York.html,88 madison avenue,new york city,ny,USA,10016,-1,-1,374,4.262569832402234,3.815642458100559,3.815642458100559,4.223463687150838,3.7150837988826817,0.0,3.966480446927374,
usa_new york city_the_gem_hotel_soho,the gem hotel soho,http://www.tripadvisor.com/ShowUserReviews-g60763-d247814-r49296792-The_GEM_Hotel_SoHo-New_York_City_New_York.html,135 east houston street,new york city,ny,USA,10002,-1,-1,38,4.636363636363637,3.9393939393939394,4.333333333333333,4.818181818181818,4.333333333333333,0.0,4.412121212121212,
usa_new york city_comfort_inn_midtown_manhattan,comfort inn midtown manhattan,http://www.tripadvisor.com/ShowUserReviews-g60763-d1485603-r49212528-Comfort_Inn_Midtown_Manhattan-New_York_City_New_York.html,343 44th street,new york city,ny,USA,10036,-1,-1,18,4.666666666666667,4.0,4.5,4.777777777777778,4.444444444444445,0.0,4.477777777777778,
usa_new york city_broadway_plaza_hotel,broadway plaza hotel,http://www.tripadvisor.com/ShowUserReviews-g60763-d223019-r50271736-Broadway_Plaza_Hotel-New_York_City_New_York.html,1155 broadway,new york city,ny,USA,10001,-1,-1,261,4.2153846153846155,4.0,3.9615384615384617,3.776923076923077,4.015384615384615,0.0,3.993846153846154,
usa_new york city_on_the_ave_hotel,on the ave hotel,http://www.tripadvisor.com/ShowUserReviews-g60763-d99288-r50422147-On_The_Ave_Hotel-New_York_City_New_York.html,2178 broadway,new york city,ny,USA,10024,-1,-1,487,3.992248062015504,3.8217054263565893,3.798449612403101,4.348837209302325,3.7286821705426356,0.0,3.937984496124031,
usa_new york city_roger_smith_hotel,roger smith hotel,http://www.tripadvisor.com/ShowUserReviews-g60763-d80107-r50372763-Roger_Smith_Hotel-New_York_City_New_York.html,501 lexington avenue,new york city,ny,USA,10017,-1,-1,174,3.985294117647059,3.75,4.102941176470588,4.4338235294117645,3.9411764705882355,0.0,4.042647058823529,
usa_new york city_washington_square_hotel,washington square hotel,http://www.tripadvisor.com/ShowUserReviews-g60763-d93382-r50415738-Washington_Square_Hotel-New_York_City_New_York.html,103 waverly place,new york city,ny,USA,10011,-1,-1,231,4.070422535211268,3.591549295774648,3.8450704225352115,4.633802816901408,3.8732394366197185,0.0,4.002816901408451,
usa_new york city_hotel_reserve,hotel reserve,http://www.tripadvisor.com/ShowUserReviews-g60763-d1234559-r50514828-Hotel_Reserve-New_York_City_New_York.html,51 nassau street,new york city,ny,USA,10038,-1,-1,66,4.366666666666666,3.8,4.05,4.15,4.283333333333333,0.0,4.13,
usa_new york city_club_quarters_downtown,club quarters downtown,http://www.tripadvisor.com/ShowUserReviews-g60763-d217623-r49376923-Club_Quarters_Downtown-New_York_City_New_York.html,52 william street,new york city,ny,USA,10005,-1,-1,184,4.278688524590164,3.8688524590163933,3.80327868852459,4.016393442622951,4.057377049180328,0.0,4.004918032786885,
usa_new york city_waldorf_towers,waldorf towers,http://www.tripadvisor.com/ShowUserReviews-g60763-d93624-r49078430-Waldorf_Towers-New_York_City_New_York.html,100 east 50th street,new york city,ny,USA,10022,-1,-1,70,4.470588235294118,4.392156862745098,4.215686274509804,4.647058823529412,3.8823529411764706,0.0,4.321568627450981,
usa_new york city_algonquin_hotel,algonquin hotel,http://www.tripadvisor.com/ShowUserReviews-g60763-d93568-r50276096-Algonquin_Hotel-New_York_City_New_York.html,59 w 44th st,new york city,ny,USA,10036,-1,-1,317,4.209039548022599,3.593220338983051,3.8983050847457625,4.598870056497175,3.6610169491525424,0.0,3.9920903954802256,
usa_new york city_west_57th_street_by_hilton_club,west 57th street by hilton club,http://www.tripadvisor.com/ShowUserReviews-g60763-d1308397-r49306829-West_57th_Street_by_Hilton_Club-New_York_City_New_York.html,102 west 57th street,new york city,ny,USA,10019,-1,-1,18,4.875,4.3125,3.8125,4.875,3.5,0.0,4.275,
usa_new york city_chambers_hotel,chambers hotel,http://www.tripadvisor.com/ShowUserReviews-g60763-d157057-r47752233-Chambers_Hotel-New_York_City_New_York.html,15 w 56th st,new york city,ny,USA,10019,-1,-1,54,4.1923076923076925,3.8461538461538463,4.0,4.884615384615385,3.576923076923077,0.0,4.1,
usa_new york city_ramada_eastside,ramada eastside,http://www.tripadvisor.com/ShowUserReviews-g60763-d99388-r50229404-Ramada_Eastside-New_York_City_New_York.html,161 lexington avenue,new york city,ny,USA,10016,-1,-1,213,4.114285714285714,3.7523809523809524,3.6476190476190475,4.295238095238095,4.133333333333334,0.0,3.9885714285714284,
usa_new york city_hotel_31,hotel 31,http://www.tripadvisor.com/ShowUserReviews-g60763-d126257-r50453349-Hotel_31-New_York_City_New_York.html,120 east 31 street,new york city,ny,USA,10016,-1,-1,429,4.142857142857143,3.3593073593073592,3.670995670995671,4.58008658008658,4.090909090909091,0.0,3.9688311688311684,
usa_new york city_holiday_inn_express_new_york_city_fifth_ave,holiday inn express new york city fifth ave,http://www.tripadvisor.com/ShowUserReviews-g60763-d584986-r50244484-Holiday_Inn_Express_New_York_City_Fifth_Ave-New_York_City_New_York.html,15 west 45th street,new york city,ny,USA,10036,-1,-1,200,4.4520547945205475,3.7465753424657535,4.13013698630137,4.794520547945205,3.993150684931507,0.0,4.223287671232876,
usa_new york city_the_marcel_at_gramercy,the marcel at gramercy,http://www.tripadvisor.com/ShowUserReviews-g60763-d99382-r50418902-The_Marcel_at_Gramercy-New_York_City_New_York.html,201 east 24th street,new york city,ny,USA,10011,-1,-1,304,4.063953488372093,3.447674418604651,3.604651162790698,4.0,3.4767441860465116,0.0,3.718604651162791,
usa_new york city_the_standard_new_york,the standard new york,http://www.tripadvisor.com/ShowUserReviews-g60763-d1218720-r50453123-The_Standard_New_York-New_York_City_New_York.html,848 washington street,new york city,ny,USA,10014,-1,-1,99,4.544444444444444,4.144444444444445,4.133333333333334,4.733333333333333,4.088888888888889,0.0,4.328888888888889,
usa_new york city_the_mark,the mark,http://www.tripadvisor.com/ShowUserReviews-g60763-d112052-r47178562-The_Mark-New_York_City_New_York.html,25 east 77th street,new york city,ny,USA,10021,-1,-1,9,5.0,5.0,5.0,5.0,5.0,0.0,5.0,
usa_new york city_cosmopolitan_hotel_tribeca,cosmopolitan hotel tribeca,http://www.tripadvisor.com/ShowUserReviews-g60763-d93351-r50079883-Cosmopolitan_Hotel_Tribeca-New_York_City_New_York.html,95 west broadway,new york city,ny,USA,10007,-1,-1,454,4.473684210526316,3.6973684210526314,3.8026315789473686,4.399122807017544,4.12719298245614,0.0,4.1,
usa_new york city_belleclaire_hotel,belleclaire hotel,http://www.tripadvisor.com/ShowUserReviews-g60763-d93390-r49873102-Belleclaire_Hotel-New_York_City_New_York.html,250 west 77th street,new york city,ny,USA,10024,-1,-1,481,4.039007092198582,3.726950354609929,3.879432624113475,4.343971631205674,3.9858156028368796,0.0,3.995035460992908,
usa_new york city_hotel_east_houston,hotel east houston,http://www.tripadvisor.com/ShowUserReviews-g60763-d1007724-r50441026-Hotel_East_Houston-New_York_City_New_York.html,151 east houston street,new york city,ny,USA,10002,-1,-1,32,4.516129032258065,3.4838709677419355,4.096774193548387,4.451612903225806,3.7096774193548385,0.0,4.051612903225807,
usa_new york city_the_mave,the mave,http://www.tripadvisor.com/ShowUserReviews-g60763-d1477775-r50301742-The_MAve-New_York_City_New_York.html,62 madison ave,new york city,ny,USA,10016,-1,-1,53,4.604166666666667,3.75,4.479166666666667,4.4375,3.9791666666666665,0.0,4.250000000000001,
usa_new york city_the_helmsley_park_lane,the helmsley park lane,http://www.tripadvisor.com/ShowUserReviews-g60763-d93579-r50490201-The_Helmsley_Park_Lane-New_York_City_New_York.html,36 central park south,new york city,ny,USA,10019-1600,-1,-1,279,3.725,3.38125,3.63125,4.83125,3.43125,0.0,3.8,
usa_new york city_thompson_les,thompson les,http://www.tripadvisor.com/ShowUserReviews-g60763-d1128769-r49083801-Thompson_LES-New_York_City_New_York.html,190 allen street,new york city,ny,USA,10002,-1,-1,88,4.2976190476190474,3.9761904761904763,3.8095238095238093,4.2976190476190474,3.880952380952381,0.0,4.052380952380952,
usa_new york city_clarion_collection_the_solita_soho_hotel,clarion collection the solita soho hotel,http://www.tripadvisor.com/ShowUserReviews-g60763-d488793-r46259993-Clarion_Collection_The_Solita_Soho_Hotel-New_York_City_New_York.html,159 grand street,new york city,ny,USA,10013,-1,-1,98,4.157894736842105,3.6491228070175437,3.754385964912281,4.43859649122807,3.754385964912281,0.0,3.950877192982456,
usa_new york city_the_milburn_hotel,the milburn hotel,http://www.tripadvisor.com/ShowUserReviews-g60763-d121987-r50411720-The_Milburn_Hotel-New_York_City_New_York.html,242 west 76th street,new york city,ny,USA,10023,-1,-1,198,3.9183673469387754,3.826530612244898,3.9489795918367347,4.612244897959184,4.285714285714286,0.0,4.118367346938776,
usa_new york city_hotel_stanford,hotel stanford,http://www.tripadvisor.com/ShowUserReviews-g60763-d93565-r50439721-Hotel_Stanford-New_York_City_New_York.html,43 west 32nd street,new york city,ny,USA,10001,-1,-1,259,3.9675324675324677,3.5584415584415585,3.7467532467532467,4.714285714285714,4.0,0.0,3.9974025974025977,
usa_new york city_soho_house_new_york,soho house new york,http://www.tripadvisor.com/ShowUserReviews-g60763-d313862-r49833095-Soho_House_New_York-New_York_City_New_York.html,29-35 9th avenue,new york city,ny,USA,10014,-1,-1,39,4.608695652173913,4.565217391304348,4.086956521739131,4.565217391304348,3.9565217391304346,0.0,4.356521739130435,
usa_new york city_the_pierre,the pierre,http://www.tripadvisor.com/ShowUserReviews-g60763-d93603-r49509130-The_Pierre-New_York_City_New_York.html,fifth avenue at 61st street,new york city,ny,USA,10021,-1,-1,64,4.709677419354839,4.258064516129032,4.387096774193548,4.838709677419355,3.903225806451613,0.0,4.419354838709678,
usa_new york city_vincci_avalon,vincci avalon,http://www.tripadvisor.com/ShowUserReviews-g60763-d99387-r49843720-Vincci_Avalon-New_York_City_New_York.html,16 east 32nd street,new york city,ny,USA,10016,-1,-1,426,4.023255813953488,3.813953488372093,3.604651162790698,4.401162790697675,3.6627906976744184,0.0,3.9011627906976742,
usa_new york city_the_carlyle_a_rosewood_hotel,the carlyle a rosewood hotel,http://www.tripadvisor.com/ShowUserReviews-g60763-d93419-r49521889-The_Carlyle_A_Rosewood_Hotel-New_York_City_New_York.html,35 east 76th street,new york city,ny,USA,10021,-1,-1,75,4.341463414634147,3.731707317073171,4.048780487804878,4.2682926829268295,3.3658536585365852,0.0,3.9512195121951224,
usa_new york city_6_columbus,6 columbus,http://www.tripadvisor.com/ShowUserReviews-g60763-d93383-r50300967-6_Columbus-New_York_City_New_York.html,6 columbus circle,new york city,ny,USA,10019,-1,-1,125,4.371428571428571,3.8380952380952382,4.276190476190476,4.742857142857143,4.0285714285714285,0.0,4.251428571428571,
usa_new york city_the_maritime_hotel,the maritime hotel,http://www.tripadvisor.com/ShowUserReviews-g60763-d273530-r47843935-The_Maritime_Hotel-New_York_City_New_York.html,363 west 16th street,new york city,ny,USA,10011,-1,-1,76,4.583333333333333,4.194444444444445,4.194444444444445,4.611111111111111,4.055555555555555,0.0,4.3277777777777775,
usa_new york city_bentley_hotel,bentley hotel,http://www.tripadvisor.com/ShowUserReviews-g60763-d99302-r50270728-Bentley_Hotel-New_York_City_New_York.html,500 east 62nd street,new york city,ny,USA,10021,-1,-1,393,4.178082191780822,3.8812785388127855,3.780821917808219,3.4474885844748857,3.835616438356164,0.0,3.824657534246576,
usa_new york city_the_sylvan_guest_house,the sylvan guest house,http://www.tripadvisor.com/ShowUserReviews-g60763-d1217245-r45716288-The_Sylvan_Guest_House-New_York_City_New_York.html,12 sylvan terrace,new york city,ny,USA,10032,-1,-1,11,4.3,4.0,3.9,4.0,4.2,0.0,4.08,
usa_new york city_hilton_club_new_york,hilton club new york,http://www.tripadvisor.com/ShowUserReviews-g60763-d1379306-r49969638-Hilton_Club_New_York-New_York_City_New_York.html,1335 avenue of the americas,new york city,ny,USA,10019,-1,-1,10,4.6,4.4,4.8,4.9,3.6,0.0,4.460000000000001,
usa_new york city_hampton_inn_manhattan_times_square_south,hampton inn manhattan times square south,http://www.tripadvisor.com/ShowUserReviews-g60763-d1500405-r50445867-Hampton_Inn_Manhattan_Times_Square_South-New_York_City_New_York.html,337 west 39th street,new york city,ny,USA,10018,-1,-1,25,4.56,4.0,3.88,3.84,3.8,0.0,4.016,
usa_new york city_comfort_inn_manhattan_bridge,comfort inn manhattan bridge,http://www.tripadvisor.com/ShowUserReviews-g60763-d1383001-r50289829-Comfort_Inn_Manhattan_Bridge-New_York_City_New_York.html,61-63 chrystie street,new york city,ny,USA,10013,-1,-1,21,4.5,3.95,3.6,3.8,4.6,0.0,4.09,
usa_new york city_new_york_marriott_east_side,new york marriott east side,http://www.tripadvisor.com/ShowUserReviews-g60763-d93475-r50290694-New_York_Marriott_East_Side-New_York_City_New_York.html,525 lexington avenue,new york city,ny,USA,10017,-1,-1,239,4.207407407407407,3.8518518518518516,3.8740740740740742,4.392592592592592,3.5555555555555554,0.0,3.976296296296296,
usa_new york city_w_new_york_the_tuscany,w new york the tuscany,http://www.tripadvisor.com/ShowUserReviews-g60763-d93431-r49376874-W_New_York_The_Tuscany-New_York_City_New_York.html,120 east 39th street,new york city,ny,USA,10016,-1,-1,127,4.014285714285714,3.9714285714285715,3.9714285714285715,4.3428571428571425,3.6285714285714286,0.0,3.985714285714286,
usa_new york city_grand_hyatt_new_york,grand hyatt new york,http://www.tripadvisor.com/ShowUserReviews-g60763-d93450-r50355566-Grand_Hyatt_New_York-New_York_City_New_York.html,109 east 42nd street,new york city,ny,USA,10017,-1,-1,335,3.9003322259136213,3.5415282392026577,3.787375415282392,4.74750830564784,3.568106312292359,0.0,3.908970099667774,
usa_new york city_night_hotel,night hotel,http://www.tripadvisor.com/ShowUserReviews-g60763-d75737-r49897825-Night_Hotel-New_York_City_New_York.html,132 west 45th street,new york city,ny,USA,10036,-1,-1,230,4.038461538461538,3.6483516483516483,3.8351648351648353,4.648351648351649,3.5549450549450547,0.0,3.9450549450549444,
usa_new york city_buckingham_hotel,buckingham hotel,http://www.tripadvisor.com/ShowUserReviews-g60763-d234762-r50495294-Buckingham_Hotel-New_York_City_New_York.html,101 w 57th st at 6th ave,new york city,ny,USA,10019,-1,-1,181,3.7281553398058254,3.5436893203883497,3.7281553398058254,4.611650485436893,3.737864077669903,0.0,3.8699029126213587,
usa_new york city_excelsior_hotel,excelsior hotel,http://www.tripadvisor.com/ShowUserReviews-g60763-d93334-r50438396-Excelsior_Hotel-New_York_City_New_York.html,45 west 81st street,new york city,ny,USA,10024,-1,-1,329,4.145833333333333,3.8177083333333335,3.4479166666666665,4.53125,3.8541666666666665,0.0,3.959375,
usa_new york city_60_thompson,60 thompson,http://www.tripadvisor.com/ShowUserReviews-g60763-d93398-r50102862-60_Thompson-New_York_City_New_York.html,60 thompson street,new york city,ny,USA,10012,-1,-1,168,4.219512195121951,3.6341463414634148,3.975609756097561,4.634146341463414,3.3780487804878048,0.0,3.968292682926829,
usa_new york city_the_gem_hotel_chelsea,the gem hotel chelsea,http://www.tripadvisor.com/ShowUserReviews-g60763-d1177864-r50123287-The_GEM_Hotel_Chelsea-New_York_City_New_York.html,300 w 22nd st,new york city,ny,USA,10011,-1,-1,42,4.421052631578948,3.5,4.026315789473684,4.473684210526316,4.184210526315789,0.0,4.121052631578947,
usa_new york city_lafayette_house,lafayette house,http://www.tripadvisor.com/ShowUserReviews-g60763-d655870-r48783382-Lafayette_House-New_York_City_New_York.html,38 east 4th street,new york city,ny,USA,10003,-1,-1,10,4.222222222222222,4.444444444444445,4.0,4.777777777777778,4.0,0.0,4.288888888888889,
usa_new york city_hotel_grand_union,hotel grand union,http://www.tripadvisor.com/ShowUserReviews-g60763-d122015-r50423186-Hotel_Grand_Union-New_York_City_New_York.html,34 east 32nd street,new york city,ny,USA,10016,-1,-1,330,4.035714285714286,3.505952380952381,3.6964285714285716,4.595238095238095,4.029761904761905,0.0,3.9726190476190473,
usa_new york city_seafarers_international_house,seafarers international house,http://www.tripadvisor.com/ShowUserReviews-g60763-d609602-r49768540-Seafarers_International_House-New_York_City_New_York.html,123 e. 15th st.,new york city,ny,USA,10003,-1,-1,30,3.473684210526316,3.473684210526316,3.5789473684210527,4.684210526315789,4.315789473684211,0.0,3.905263157894737,
usa_new york city_le_parker_meridien,le parker meridien,http://www.tripadvisor.com/ShowUserReviews-g60763-d93464-r50295231-Le_Parker_Meridien-New_York_City_New_York.html,118 west 57th street,new york city,ny,USA,10019,-1,-1,580,3.963455149501661,3.601328903654485,3.664451827242525,4.498338870431894,3.4019933554817277,0.0,3.825913621262459,
usa_new york city_hilton_new_york,hilton new york,http://www.tripadvisor.com/ShowUserReviews-g60763-d611947-r50513464-Hilton_New_York-New_York_City_New_York.html,1335 avenue of the americas,new york city,ny,USA,10019,-1,-1,337,4.093023255813954,3.87375415282392,3.548172757475083,4.674418604651163,3.4485049833887045,0.0,3.9275747508305647,
usa_new york city_cooper_square_hotel,cooper square hotel,http://www.tripadvisor.com/ShowUserReviews-g60763-d1149402-r50445434-Cooper_Square_Hotel-New_York_City_New_York.html,25 cooper square,new york city,ny,USA,10003,-1,-1,51,4.434782608695652,3.782608695652174,3.782608695652174,4.565217391304348,3.5652173913043477,0.0,4.026086956521739,
usa_new york city_skyline_hotel,skyline hotel,http://www.tripadvisor.com/ShowUserReviews-g60763-d93345-r50456280-Skyline_Hotel-New_York_City_New_York.html,725 10th avenue,new york city,ny,USA,10019,-1,-1,371,3.9285714285714284,3.791208791208791,3.4615384615384617,3.9285714285714284,3.730769230769231,0.0,3.768131868131868,
usa_new york city_renaissance_new_york_hotel_57,renaissance new york hotel 57,http://www.tripadvisor.com/ShowUserReviews-g60763-d575732-r49517551-Renaissance_New_York_Hotel_57-New_York_City_New_York.html,130 e 57th st,new york city,ny,USA,10022,-1,-1,49,4.25531914893617,3.617021276595745,3.6595744680851063,4.531914893617022,3.574468085106383,0.0,3.9276595744680853,
usa_new york city_radisson_martinique_on_broadway,radisson martinique on broadway,http://www.tripadvisor.com/ShowUserReviews-g60763-d99425-r50531757-Radisson_Martinique_on_Broadway-New_York_City_New_York.html,49 west 32nd street,new york city,ny,USA,10001,-1,-1,357,3.6981981981981984,3.373873873873874,3.355855855855856,4.468468468468468,3.369369369369369,0.0,3.6531531531531534,
usa_new york city_bedford_hotel,bedford hotel,http://www.tripadvisor.com/ShowUserReviews-g60763-d93403-r49326231-Bedford_Hotel-New_York_City_New_York.html,118 east 40th street,new york city,ny,USA,10016,-1,-1,231,3.810810810810811,3.6396396396396398,3.765765765765766,4.63963963963964,3.8468468468468466,0.0,3.9405405405405403,
usa_new york city_travel_inn_hotel_new_york,travel inn hotel new york,http://www.tripadvisor.com/ShowUserReviews-g60763-d93622-r50151435-Travel_Inn_Hotel_New_York-New_York_City_New_York.html,515 w 42nd st,new york city,ny,USA,10036,-1,-1,394,3.9572192513368982,3.593582887700535,3.4545454545454546,4.240641711229946,3.9946524064171123,0.0,3.8481283422459898,
usa_new york city_the_roosevelt_hotel,the roosevelt hotel,http://www.tripadvisor.com/ShowUserReviews-g60763-d99766-r50483186-The_Roosevelt_Hotel-New_York_City_New_York.html,madison ave at 45th st,new york city,ny,USA,10017,-1,-1,347,3.6345514950166113,3.222591362126246,3.2790697674418605,4.641196013289036,3.5083056478405314,0.0,3.6571428571428575,
usa_new york city_murray_hill_east_suites,murray hill east suites,http://www.tripadvisor.com/ShowUserReviews-g60763-d93489-r50418312-Murray_Hill_East_Suites-New_York_City_New_York.html,149 east 39th street,new york city,ny,USA,10016-0913,-1,-1,216,4.027027027027027,3.8018018018018016,3.6126126126126126,4.45045045045045,4.153153153153153,0.0,4.009009009009009,
usa_new york city_stay,stay,http://www.tripadvisor.com/ShowUserReviews-g60763-d93376-r50302259-Stay-New_York_City_New_York.html,157 west 47 street,new york city,ny,USA,10036,-1,-1,138,3.9224806201550386,3.0232558139534884,3.310077519379845,4.658914728682171,3.356589147286822,0.0,3.6542635658914726,
usa_new york city_gramercy_park_hotel,gramercy park hotel,http://www.tripadvisor.com/ShowUserReviews-g60763-d571166-r50515942-Gramercy_Park_Hotel-New_York_City_New_York.html,2 lexington avenue,new york city,ny,USA,10010,-1,-1,128,4.155963302752293,3.8440366972477062,3.596330275229358,4.229357798165138,3.2018348623853212,0.0,3.8055045871559634,
usa_new york city_intercontinental_the_barclay_new_york,intercontinental the barclay new york,http://www.tripadvisor.com/ShowUserReviews-g60763-d93462-r50475462-InterContinental_The_Barclay_New_York-New_York_City_New_York.html,111 east 48th street,new york city,ny,USA,10017,-1,-1,344,4.059800664451827,3.664451827242525,3.6511627906976742,4.445182724252492,3.637873754152824,0.0,3.891694352159468,
usa_new york city_the_shoreham,the shoreham,http://www.tripadvisor.com/ShowUserReviews-g60763-d93612-r50232592-The_Shoreham-New_York_City_New_York.html,33 west 55th street,new york city,ny,USA,10019,-1,-1,210,4.11864406779661,3.6271186440677967,3.5338983050847457,4.466101694915254,3.5762711864406778,0.0,3.8644067796610173,
usa_new york city_hotel_indigo_new_york_city_chelsea,hotel indigo new york city chelsea,http://www.tripadvisor.com/ShowUserReviews-g60763-d1237128-r50288173-Hotel_Indigo_New_York_City_Chelsea-New_York_City_New_York.html,127 west 28th street,new york city,ny,USA,10001,-1,-1,6,4.5,3.8333333333333335,3.3333333333333335,4.0,3.6666666666666665,0.0,3.866666666666667,
usa_new york city_hotel_on_rivington,hotel on rivington,http://www.tripadvisor.com/ShowUserReviews-g60763-d514488-r50475936-Hotel_on_Rivington-New_York_City_New_York.html,107 rivington st,new york city,ny,USA,10002,-1,-1,201,4.083969465648855,4.190839694656488,3.83206106870229,4.251908396946565,3.5572519083969465,0.0,3.9832061068702287,
usa_new york city_tudor_hotel_at_the_united_nations,tudor hotel at the united nations,http://www.tripadvisor.com/ShowUserReviews-g60763-d93339-r50052812-Tudor_Hotel_at_the_United_Nations-New_York_City_New_York.html,304 e 42nd st,new york city,ny,USA,10017,-1,-1,272,3.8511904761904763,3.5476190476190474,3.6011904761904763,4.083333333333333,3.732142857142857,0.0,3.763095238095238,
usa_new york city_washington_jefferson_hotel,washington jefferson hotel,http://www.tripadvisor.com/ShowUserReviews-g60763-d99333-r50232868-Washington_Jefferson_Hotel-New_York_City_New_York.html,318 west 51st street,new york city,ny,USA,10019,-1,-1,254,4.188405797101449,3.217391304347826,3.8260869565217392,4.521739130434782,3.6666666666666665,0.0,3.884057971014493,
usa_new york city_plaza_athenee_hotel,plaza athenee hotel,http://www.tripadvisor.com/ShowUserReviews-g60763-d93606-r48828548-Plaza_Athenee_Hotel-New_York_City_New_York.html,37 e 64th st at madison ave,new york city,ny,USA,10021-7023,-1,-1,51,4.433333333333334,3.8,4.133333333333334,4.333333333333333,3.5,0.0,4.04,
usa_new york city_comfort_inn_times_square,comfort inn times square,http://www.tripadvisor.com/ShowUserReviews-g60763-d673077-r50283447-Comfort_Inn_Times_Square-New_York_City_New_York.html,305 w 39th st,new york city,ny,USA,10018,-1,-1,108,4.222222222222222,3.888888888888889,4.0777777777777775,4.288888888888889,3.9444444444444446,0.0,4.084444444444444,
usa_new york city_beekman_tower_hotel,beekman tower hotel,http://www.tripadvisor.com/ShowUserReviews-g60763-d113297-r50528765-Beekman_Tower_Hotel-New_York_City_New_York.html,3 mitchell place,new york city,ny,USA,10017,-1,-1,259,3.513157894736842,3.3684210526315788,3.6184210526315788,3.861842105263158,3.664473684210526,0.0,3.6052631578947363,
usa_new york city_holiday_inn_express_new_york_city_times_square,holiday inn express new york city times square,http://www.tripadvisor.com/ShowUserReviews-g60763-d1139717-r49903664-Holiday_Inn_Express_New_York_City_Times_Square-New_York_City_New_York.html,343 west 39th street,new york city,ny,USA,10018,-1,-1,31,4.148148148148148,3.6296296296296298,3.5555555555555554,4.37037037037037,3.814814814814815,0.0,3.903703703703704,
usa_new york city_comfort_inn_chelsea,comfort inn chelsea,http://www.tripadvisor.com/ShowUserReviews-g60763-d93401-r49828650-Comfort_Inn_Chelsea-New_York_City_New_York.html,18 west 25th street,new york city,ny,USA,10010,-1,-1,154,4.101694915254237,3.6610169491525424,3.6610169491525424,4.237288135593221,3.9152542372881354,0.0,3.915254237288136,
usa_new york city_phillips_club,phillips club,http://www.tripadvisor.com/ShowUserReviews-g60763-d122004-r19489536-Phillips_Club-New_York_City_New_York.html,155 west 66th street,new york city,ny,USA,10023-6501,-1,-1,12,4.5,4.5,4.5,5.0,4.0,0.0,4.5,
usa_new york city_hotel_deauville,hotel deauville,http://www.tripadvisor.com/ShowUserReviews-g60763-d93364-r48740426-Hotel_Deauville-New_York_City_New_York.html,103 east 29th street,new york city,ny,USA,10016,-1,-1,133,3.960526315789474,3.3552631578947367,4.105263157894737,4.407894736842105,4.0394736842105265,0.0,3.973684210526316,
usa_new york city_sheraton_new_york_hotel_towers,sheraton new york hotel towers,http://www.tripadvisor.com/ShowUserReviews-g60763-d93555-r50428007-Sheraton_New_York_Hotel_Towers-New_York_City_New_York.html,811 7th avenue on 53rd street,new york city,ny,USA,10019,-1,-1,320,3.627906976744186,3.3488372093023258,3.737541528239203,4.7275747508305646,3.5780730897009967,0.0,3.803986710963455,
usa_new york city_wolcott_hotel,wolcott hotel,http://www.tripadvisor.com/ShowUserReviews-g60763-d93333-r50365844-Wolcott_Hotel-New_York_City_New_York.html,4 west 31st street,new york city,ny,USA,10001,-1,-1,342,3.729064039408867,3.4088669950738915,3.4729064039408866,4.512315270935961,3.8620689655172415,0.0,3.7970443349753693,
usa_new york city_courtyard_new_york_manhattan_fifth_avenue,courtyard new york manhattan fifth avenue,http://www.tripadvisor.com/ShowUserReviews-g60763-d99391-r48435279-Courtyard_New_York_Manhattan_Fifth_Avenue-New_York_City_New_York.html,3 east 40th street,new york city,ny,USA,10016,-1,-1,131,4.271428571428571,3.6142857142857143,4.085714285714285,4.585714285714285,3.742857142857143,0.0,4.0600000000000005,
usa_new york city_four_points_by_sheraton_midtown_times_square,four points by sheraton midtown times square,http://www.tripadvisor.com/ShowUserReviews-g60763-d1464151-r50530240-Four_Points_by_Sheraton_Midtown_Times_Square-New_York_City_New_York.html,326 west 40th street,new york city,ny,USA,10018,-1,-1,67,4.35,3.9,3.65,3.433333333333333,4.1,0.0,3.8866666666666667,
usa_new york city_park_central,park central,http://www.tripadvisor.com/ShowUserReviews-g60763-d93520-r50347084-Park_Central-New_York_City_New_York.html,870 seventh avenue at 56th street,new york city,ny,USA,10019-4038,-1,-1,345,3.4617940199335546,3.2458471760797343,3.132890365448505,4.571428571428571,3.3754152823920265,0.0,3.5574750830564783,
usa_new york city_the_mansfield,the mansfield,http://www.tripadvisor.com/ShowUserReviews-g60763-d93586-r50126299-The_Mansfield-New_York_City_New_York.html,12 west 44th street,new york city,ny,USA,10036,-1,-1,267,4.064285714285714,3.3642857142857143,4.035714285714286,4.635714285714286,3.6714285714285713,0.0,3.9542857142857146,
usa_new york city_loews_regency_hotel,loews regency hotel,http://www.tripadvisor.com/ShowUserReviews-g60763-d93607-r50470708-Loews_Regency_Hotel-New_York_City_New_York.html,540 park ave,new york city,ny,USA,10021,-1,-1,129,4.042253521126761,3.887323943661972,3.971830985915493,4.47887323943662,3.563380281690141,0.0,3.9887323943661976,
usa_new york city_off_soho_suites,off soho suites,http://www.tripadvisor.com/ShowUserReviews-g60763-d93374-r49448311-Off_Soho_Suites-New_York_City_New_York.html,11 rivington street,new york city,ny,USA,10002,-1,-1,52,3.5,3.2142857142857144,3.642857142857143,3.9642857142857144,3.6785714285714284,0.0,3.6,
usa_new york city_the_premier,the premier,http://www.tripadvisor.com/ShowUserReviews-g60763-d249656-r44343302-The_Premier-New_York_City_New_York.html,133 w 44th st,new york city,ny,USA,10036,-1,-1,13,4.625,4.625,4.5,4.25,4.5,0.0,4.5,
usa_new york city_the_hotel_91,the hotel 91,http://www.tripadvisor.com/ShowUserReviews-g60763-d1048678-r49597455-The_Hotel_91-New_York_City_New_York.html,91 e broadway,new york city,ny,USA,10002,-1,-1,65,4.3559322033898304,3.6440677966101696,3.7966101694915255,3.2542372881355934,4.0,0.0,3.810169491525424,
usa_new york city_hotel_st_james,hotel st james,http://www.tripadvisor.com/ShowUserReviews-g60763-d290978-r50081807-Hotel_St_James-New_York_City_New_York.html,109 west 45th street,new york city,ny,USA,10036,-1,-1,465,3.5689655172413794,3.0,3.3275862068965516,4.748275862068965,3.817241379310345,0.0,3.692413793103449,
usa_new york city_park_79_hotel,park 79 hotel,http://www.tripadvisor.com/ShowUserReviews-g60763-d246797-r50383327-Park_79_Hotel-New_York_City_New_York.html,117 west 79th street,new york city,ny,USA,10024,-1,-1,269,3.9714285714285715,3.2928571428571427,3.692857142857143,4.3428571428571425,3.7857142857142856,0.0,3.817142857142857,
usa_new york city_the_lombardy,the lombardy,http://www.tripadvisor.com/ShowUserReviews-g60763-d93583-r47186872-The_Lombardy-New_York_City_New_York.html,111 east 56th street,new york city,ny,USA,10022,-1,-1,19,4.166666666666667,4.0,3.3333333333333335,4.416666666666667,3.75,0.0,3.9333333333333336,
usa_new york city_the_inn_at_irving_place,the inn at irving place,http://www.tripadvisor.com/ShowUserReviews-g60763-d93581-r24609720-The_Inn_at_Irving_Place-New_York_City_New_York.html,56 irving place,new york city,ny,USA,10003,-1,-1,21,4.375,4.25,4.375,4.75,3.5,0.0,4.25,
usa_new york city_the_time,the time,http://www.tripadvisor.com/ShowUserReviews-g60763-d112062-r49875540-The_Time-New_York_City_New_York.html,224 west 49th street,new york city,ny,USA,10019,-1,-1,389,3.7666666666666666,3.419047619047619,3.519047619047619,4.59047619047619,3.533333333333333,0.0,3.765714285714286,
usa_new york city_3_west_club,3 west club,http://www.tripadvisor.com/ShowUserReviews-g60763-d217629-r25230531-3_West_Club-New_York_City_New_York.html,3 west 51st st,new york city,ny,USA,10019,-1,-1,8,4.428571428571429,4.428571428571429,4.428571428571429,5.0,4.714285714285714,0.0,4.6,
usa_new york city_the_grant_hotel,the grant hotel,http://www.tripadvisor.com/ShowUserReviews-g60763-d616735-r39911330-The_Grant_Hotel-New_York_City_New_York.html,306 w 94th st,new york city,ny,USA,10025,-1,-1,40,3.1739130434782608,3.0434782608695654,3.217391304347826,3.4782608695652173,3.4782608695652173,0.0,3.278260869565217,
usa_new york city_hotel_gansevoort,hotel gansevoort,http://www.tripadvisor.com/ShowUserReviews-g60763-d287626-r50378039-Hotel_Gansevoort-New_York_City_New_York.html,18 9th avenue,new york city,ny,USA,10014,-1,-1,313,4.289017341040463,4.092485549132948,3.7052023121387285,4.508670520231214,3.439306358381503,0.0,4.006936416184971,
usa_new york city_americana_inn,americana inn,http://www.tripadvisor.com/ShowUserReviews-g60763-d121981-r48595270-Americana_Inn-New_York_City_New_York.html,69 west 38th street,new york city,ny,USA,10018,-1,-1,242,3.9133858267716537,3.2992125984251968,3.62992125984252,4.669291338582677,3.952755905511811,0.0,3.892913385826772,
usa_new york city_w_new_york_union_square,w new york union square,http://www.tripadvisor.com/ShowUserReviews-g60763-d220243-r49855160-W_New_York_Union_Square-New_York_City_New_York.html,201 park avenue south,new york city,ny,USA,10003,-1,-1,166,4.0754716981132075,3.8773584905660377,3.9245283018867925,4.471698113207547,3.2735849056603774,0.0,3.924528301886793,
usa_new york city_doubletree_hotel_chelsea_new_york_city,doubletree hotel chelsea new york city,http://www.tripadvisor.com/ShowUserReviews-g60763-d1214829-r50462492-Doubletree_Hotel_Chelsea_New_York_City-New_York_City_New_York.html,128 west 29th street,new york city,ny,USA,10001,-1,-1,42,4.4324324324324325,3.5945945945945947,3.810810810810811,3.7837837837837838,3.7027027027027026,0.0,3.8648648648648654,
usa_new york city_chelsea_savoy_hotel,chelsea savoy hotel,http://www.tripadvisor.com/ShowUserReviews-g60763-d112019-r48896993-Chelsea_Savoy_Hotel-New_York_City_New_York.html,204 west 23rd street,new york city,ny,USA,10011,-1,-1,92,4.125,3.8035714285714284,3.7142857142857144,4.625,3.9285714285714284,0.0,4.039285714285714,
usa_new york city_da_vinci_hotel,da vinci hotel,http://www.tripadvisor.com/ShowUserReviews-g60763-d99365-r49785534-Da_Vinci_Hotel-New_York_City_New_York.html,244 west 56th street,new york city,ny,USA,10019,-1,-1,136,3.9767441860465116,3.4186046511627906,3.744186046511628,4.709302325581396,3.9767441860465116,0.0,3.9651162790697674,
usa_new york city_best_western_seaport_inn_downtown,best western seaport inn downtown,http://www.tripadvisor.com/ShowUserReviews-g60763-d75698-r47997956-Best_Western_Seaport_Inn_Downtown-New_York_City_New_York.html,33 peck slip,new york city,ny,USA,10038-1708,-1,-1,73,3.923076923076923,3.7435897435897436,3.5384615384615383,4.333333333333333,3.9743589743589745,0.0,3.902564102564102,
usa_new york city_doubletree_metropolitan_hotel,doubletree metropolitan hotel,http://www.tripadvisor.com/ShowUserReviews-g60763-d93466-r50432408-Doubletree_Metropolitan_Hotel-New_York_City_New_York.html,569 lexington avenue at east 51st street,new york city,ny,USA,10022,-1,-1,368,3.6843853820598005,3.395348837209302,3.644518272425249,4.438538205980066,3.451827242524917,0.0,3.722923588039867,
usa_new york city_soho_grand_hotel,soho grand hotel,http://www.tripadvisor.com/ShowUserReviews-g60763-d93561-r50146928-Soho_Grand_Hotel-New_York_City_New_York.html,310 west broadway,new york city,ny,USA,10013,-1,-1,412,3.870967741935484,3.3096774193548386,3.541935483870968,4.406451612903226,3.0258064516129033,0.0,3.630967741935484,
usa_new york city_four_points_by_sheraton_manhattan_chelsea,four points by sheraton manhattan chelsea,http://www.tripadvisor.com/ShowUserReviews-g60763-d281234-r49758442-Four_Points_by_Sheraton_Manhattan_Chelsea-New_York_City_New_York.html,160 west 25th st.,new york city,ny,USA,10011,-1,-1,227,3.876923076923077,3.423076923076923,3.6,4.030769230769231,3.5384615384615383,0.0,3.693846153846154,
usa_new york city_club_quarters_midtown,club quarters midtown,http://www.tripadvisor.com/ShowUserReviews-g60763-d223021-r50546840-Club_Quarters_Midtown-New_York_City_New_York.html,40 west 45th street,new york city,ny,USA,10036,-1,-1,155,3.868131868131868,3.340659340659341,3.1758241758241756,4.571428571428571,3.5604395604395602,0.0,3.703296703296703,
usa_new york city_hotel_99,hotel 99,http://www.tripadvisor.com/ShowUserReviews-g60763-d1546341-r50286122-Hotel_99-New_York_City_New_York.html,244 west 99th street,new york city,ny,USA,10025,-1,-1,12,3.9,3.7,3.5,3.7,4.0,0.0,3.7599999999999993,
usa_new york city_duane_street_hotel,duane street hotel,http://www.tripadvisor.com/ShowUserReviews-g60763-d620399-r50415614-Duane_Street_Hotel-New_York_City_New_York.html,130 duane street,new york city,ny,USA,10013,-1,-1,44,4.333333333333333,4.027777777777778,3.75,4.277777777777778,3.611111111111111,0.0,4.0,
usa_new york city_w_new_york_the_court,w new york the court,http://www.tripadvisor.com/ShowUserReviews-g60763-d194238-r50453322-W_New_York_The_Court-New_York_City_New_York.html,130 east 39th street,new york city,ny,USA,10016,-1,-1,168,3.7387387387387387,3.5585585585585586,3.5855855855855854,4.054054054054054,3.4144144144144146,0.0,3.67027027027027,
usa_new york city_dream,dream,http://www.tripadvisor.com/ShowUserReviews-g60763-d75688-r50460127-Dream-New_York_City_New_York.html,210 west 55th street,new york city,ny,USA,10019,-1,-1,326,4.017441860465116,3.383720930232558,3.558139534883721,4.482558139534884,3.2674418604651163,0.0,3.7418604651162797,
usa_new york city_econo_lodge_times_square,econo lodge times square,http://www.tripadvisor.com/ShowUserReviews-g60763-d93359-r48656006-Econo_Lodge_Times_Square-New_York_City_New_York.html,302 west 47th street,new york city,ny,USA,10036,-1,-1,151,4.009174311926605,3.1559633027522938,3.8256880733944953,4.651376146788991,3.9357798165137616,0.0,3.9155963302752297,
usa_new york city_the_manhattan_club,the manhattan club,http://www.tripadvisor.com/ShowUserReviews-g60763-d99321-r50376287-The_Manhattan_Club-New_York_City_New_York.html,200 west 56th street,new york city,ny,USA,10019,-1,-1,149,3.978021978021978,3.6263736263736264,3.3076923076923075,4.7032967032967035,3.5274725274725274,0.0,3.8285714285714283,
usa_new york city_comfort_inn_manhattan,comfort inn manhattan,http://www.tripadvisor.com/ShowUserReviews-g60763-d121996-r50368802-Comfort_Inn_Manhattan-New_York_City_New_York.html,42 west 35th street,new york city,ny,USA,10001-2201,-1,-1,303,3.6666666666666665,3.4066666666666667,3.76,4.7,3.8066666666666666,0.0,3.868,
usa_new york city_wellington_hotel,wellington hotel,http://www.tripadvisor.com/ShowUserReviews-g60763-d99307-r50552481-Wellington_Hotel-New_York_City_New_York.html,871 7th ave at w 55th st,new york city,ny,USA,10019-3830,-1,-1,341,3.654485049833887,3.1096345514950166,3.6511627906976742,4.770764119601329,3.784053156146179,0.0,3.794019933554817,
usa_new york city_embassy_suites_secaucus_medowlands_hotel_new_york,embassy suites secaucus medowlands hotel new york,http://www.tripadvisor.com/ShowUserReviews-g60763-d1214274-r49064743-Embassy_Suites_Secaucus_Medowlands_Hotel_New_York-New_York_City_New_York.html,455 plaza drive,new york city,ny,USA,07094,-1,-1,3,4.333333333333333,4.333333333333333,4.333333333333333,4.333333333333333,4.666666666666667,0.0,4.3999999999999995,
usa_new york city_flatotel,flatotel,http://www.tripadvisor.com/ShowUserReviews-g60763-d93440-r49186559-Flatotel-New_York_City_New_York.html,135 west 52nd street,new york city,ny,USA,10019,-1,-1,202,3.6194690265486726,3.5575221238938055,3.4690265486725664,4.619469026548672,3.5309734513274336,0.0,3.75929203539823,
usa_new york city_moderne_hotel,moderne hotel,http://www.tripadvisor.com/ShowUserReviews-g60763-d99354-r50246740-Moderne_Hotel-New_York_City_New_York.html,243 west 55th street,new york city,ny,USA,10019,-1,-1,146,3.6231884057971016,3.260869565217391,3.3768115942028984,4.434782608695652,3.608695652173913,0.0,3.6608695652173915,
usa_new york city_murray_hill_inn,murray hill inn,http://www.tripadvisor.com/ShowUserReviews-g60763-d80093-r48913094-Murray_Hill_Inn-New_York_City_New_York.html,143 east 30th street,new york city,ny,USA,10016,-1,-1,159,4.090909090909091,3.4431818181818183,3.625,4.363636363636363,3.977272727272727,0.0,3.9,
usa_new york city_thirty_thirty_hotel,thirty thirty hotel,http://www.tripadvisor.com/ShowUserReviews-g60763-d125274-r50136065-Thirty_Thirty_Hotel-New_York_City_New_York.html,30 east 30th street,new york city,ny,USA,10016,-1,-1,362,3.5382059800664454,3.0764119601328903,3.1827242524916945,4.189368770764119,3.355481727574751,0.0,3.46843853820598,
usa_new york city_best_western_convention_center_hotel,best western convention center hotel,http://www.tripadvisor.com/ShowUserReviews-g60763-d235228-r50446381-Best_Western_Convention_Center_Hotel-New_York_City_New_York.html,522 west 38th street,new york city,ny,USA,10018,-1,-1,119,3.7066666666666666,2.973333333333333,3.3733333333333335,2.72,3.2533333333333334,0.0,3.2053333333333334,
usa_new york city_holiday_inn_midtown_57th_st,holiday inn midtown 57th st,http://www.tripadvisor.com/ShowUserReviews-g60763-d93344-r50420396-Holiday_Inn_Midtown_57th_St-New_York_City_New_York.html,440 west 57th street,new york city,ny,USA,10019,-1,-1,498,3.5083056478405314,3.2890365448504983,3.4186046511627906,4.046511627906977,3.691029900332226,0.0,3.5906976744186045,
usa_new york city_comfort_inn_midtown_west_convention_center,comfort inn midtown west convention center,http://www.tripadvisor.com/ShowUserReviews-g60763-d596200-r47062024-Comfort_Inn_Midtown_West_Convention_Center-New_York_City_New_York.html,442 w 36th st,new york city,ny,USA,10018,-1,-1,81,3.6451612903225805,3.3548387096774195,3.6129032258064515,3.935483870967742,3.7096774193548385,0.0,3.6516129032258062,
usa_new york city_helmsley_middletowne_hotel,helmsley middletowne hotel,http://www.tripadvisor.com/ShowUserReviews-g60763-d112030-r48791023-Helmsley_Middletowne_Hotel-New_York_City_New_York.html,148 e. 48th st.,new york city,ny,USA,10017,-1,-1,208,3.3944954128440368,3.293577981651376,3.6422018348623855,4.229357798165138,3.522935779816514,0.0,3.61651376146789,
usa_new york city_marriott_financial_center,marriott financial center,http://www.tripadvisor.com/ShowUserReviews-g60763-d1227811-r48006859-Marriott_Financial_Center-New_York_City_New_York.html,85 west street,new york city,ny,USA,10006,-1,-1,1,5.0,5.0,4.0,4.0,4.0,0.0,4.4,
usa_new york city_the_gem_hotel_midtown_west,the gem hotel midtown west,http://www.tripadvisor.com/ShowUserReviews-g60763-d1217376-r50422421-The_GEM_Hotel_Midtown_West-New_York_City_New_York.html,449 w. 36th street,new york city,ny,USA,10018,-1,-1,65,4.137931034482759,3.913793103448276,3.7758620689655173,3.6206896551724137,3.8448275862068964,0.0,3.8586206896551722,
usa_new york city_city_club_hotel,city club hotel,http://www.tripadvisor.com/ShowUserReviews-g60763-d224226-r50303404-City_Club_Hotel-New_York_City_New_York.html,55 west 44th street,new york city,ny,USA,10036,-1,-1,113,4.448275862068965,3.689655172413793,3.896551724137931,4.586206896551724,3.4655172413793105,0.0,4.017241379310345,
usa_new york city_candlewood_suites_new_york_city_times_square,candlewood suites new york city times square,http://www.tripadvisor.com/ShowUserReviews-g60763-d1025779-r50541229-Candlewood_Suites_New_York_City_Times_Square-New_York_City_New_York.html,339 w. 39th street,new york city,ny,USA,10018,-1,-1,20,3.8823529411764706,3.588235294117647,3.0588235294117645,3.588235294117647,3.7058823529411766,0.0,3.5647058823529414,
usa_new york city_envoy_club,envoy club,http://www.tripadvisor.com/ShowUserReviews-g60763-d256738-r49472023-Envoy_Club-New_York_City_New_York.html,377 east 33rd street,new york city,ny,USA,10016,-1,-1,83,3.731707317073171,4.024390243902439,3.341463414634146,3.731707317073171,3.8048780487804876,0.0,3.7268292682926836,
usa_new york city_aka_united_nations,aka united nations,http://www.tripadvisor.com/ShowUserReviews-g60763-d502407-r44037547-AKA_United_Nations-New_York_City_New_York.html,234 east 46th street,new york city,ny,USA,10017,-1,-1,7,4.2,4.6,4.2,4.4,4.0,0.0,4.279999999999999,
usa_new york city_milford_plaza_hotel,milford plaza hotel,http://www.tripadvisor.com/ShowUserReviews-g60763-d202590-r50555489-Milford_Plaza_Hotel-New_York_City_New_York.html,700 8th avenue,new york city,ny,USA,10036,-1,-1,348,3.2790697674418605,2.8039867109634553,3.4219269102990033,4.707641196013289,3.53156146179402,0.0,3.548837209302326,
usa_new york city_holiday_inn_manhattan_downtown_soho,holiday inn manhattan downtown soho,http://www.tripadvisor.com/ShowUserReviews-g60763-d223022-r49909987-Holiday_Inn_Manhattan_Downtown_Soho-New_York_City_New_York.html,138 lafayette street,new york city,ny,USA,10013,-1,-1,179,3.7448979591836733,3.3469387755102042,3.7346938775510203,3.8979591836734695,3.5714285714285716,0.0,3.659183673469388,
usa_new york city_la_quinta_manhattan,la quinta manhattan,http://www.tripadvisor.com/ShowUserReviews-g60763-d99774-r49939169-La_Quinta_Manhattan-New_York_City_New_York.html,17 west 32nd st.,new york city,ny,USA,10001,-1,-1,346,3.6436781609195403,3.2701149425287355,3.4942528735632186,4.379310344827586,3.7586206896551726,0.0,3.7091954022988505,
usa_new york city_empire_hotel,empire hotel,http://www.tripadvisor.com/ShowUserReviews-g60763-d671150-r50422729-Empire_Hotel-New_York_City_New_York.html,44 west 63rd street,new york city,ny,USA,10023,-1,-1,286,4.053719008264463,3.425619834710744,3.3016528925619837,4.425619834710743,3.1818181818181817,0.0,3.677685950413223,
usa_new york city_carvi_hotel_new_york,carvi hotel new york,http://www.tripadvisor.com/ShowUserReviews-g60763-d1235341-r49878430-Carvi_Hotel_New_York-New_York_City_New_York.html,155 east 55th street,new york city,ny,USA,10022,-1,-1,10,4.625,4.25,4.0,4.375,4.0,0.0,4.25,
usa_new york city_carlton_arms,carlton arms,http://www.tripadvisor.com/ShowUserReviews-g60763-d112017-r49319192-Carlton_Arms-New_York_City_New_York.html,160 east 25th street,new york city,ny,USA,10010,-1,-1,113,3.3333333333333335,3.126984126984127,3.3968253968253967,4.253968253968254,4.079365079365079,0.0,3.638095238095238,
usa_new york city_hudson_hotel,hudson hotel,http://www.tripadvisor.com/ShowUserReviews-g60763-d223023-r50297020-Hudson_Hotel-New_York_City_New_York.html,356 west 58th street,new york city,ny,USA,10019,-1,-1,339,3.8039867109634553,2.5847176079734218,3.451827242524917,4.305647840531561,3.0232558139534884,0.0,3.433887043189369,
usa_new york city_woogo_central_park,woogo central park,http://www.tripadvisor.com/ShowUserReviews-g60763-d307945-r50115715-Woogo_Central_Park-New_York_City_New_York.html,240 west 73rd street,new york city,ny,USA,10023,-1,-1,163,2.9655172413793105,3.1379310344827585,2.6206896551724137,4.241379310344827,3.3448275862068964,0.0,3.2620689655172415,
usa_new york city_astor_on_the_park,astor on the park,http://www.tripadvisor.com/ShowUserReviews-g60763-d99443-r50159076-Astor_on_the_Park-New_York_City_New_York.html,465 central park west,new york city,ny,USA,10025,-1,-1,343,3.8401826484018264,3.0136986301369864,3.3835616438356166,3.315068493150685,3.547945205479452,0.0,3.420091324200913,
usa_new york city_hotel_wales,hotel wales,http://www.tripadvisor.com/ShowUserReviews-g60763-d93625-r49223206-Hotel_Wales-New_York_City_New_York.html,1295 madison avenue,new york city,ny,USA,10128,-1,-1,89,3.7450980392156863,3.411764705882353,3.7450980392156863,4.03921568627451,3.2549019607843137,0.0,3.6392156862745098,
usa_new york city_the_jane,the jane,http://www.tripadvisor.com/ShowUserReviews-g60763-d1181739-r50534507-The_Jane-New_York_City_New_York.html,113 jane street,new york city,ny,USA,-1,-1,-1,51,3.7777777777777777,3.311111111111111,3.9555555555555557,4.311111111111111,4.066666666666666,0.0,3.884444444444444,
usa_new york city_dylan_hotel,dylan hotel,http://www.tripadvisor.com/ShowUserReviews-g60763-d217622-r49587046-Dylan_Hotel-New_York_City_New_York.html,52 east 41st street,new york city,ny,USA,10017,-1,-1,139,3.9583333333333335,3.4722222222222223,3.7777777777777777,4.444444444444445,3.4444444444444446,0.0,3.819444444444444,
usa_new york city_the_helmsley_carlton_house,the helmsley carlton house,http://www.tripadvisor.com/ShowUserReviews-g60763-d93633-r17244803-The_Helmsley_Carlton_House-New_York_City_New_York.html,680 madison ave.,new york city,ny,USA,10021,-1,-1,7,4.0,3.6666666666666665,4.0,4.666666666666667,4.0,0.0,4.066666666666666,
usa_new york city_amsterdam_court_hotel,amsterdam court hotel,http://www.tripadvisor.com/ShowUserReviews-g60763-d80075-r49797765-Amsterdam_Court_Hotel-New_York_City_New_York.html,226 west 50th street,new york city,ny,USA,10019,-1,-1,334,3.423312883435583,2.773006134969325,3.208588957055215,4.515337423312883,3.2576687116564416,0.0,3.435582822085889,
usa_new york city_eurostars_wall_street,eurostars wall street,http://www.tripadvisor.com/ShowUserReviews-g60763-d1164645-r48065978-Eurostars_Wall_Street-New_York_City_New_York.html,129 front st,new york city,ny,USA,10005,-1,-1,10,4.0,4.0,3.75,4.625,4.125,0.0,4.1,
