doc_id,hotel_name,hotel_url,street,city,state,country,zip,class,price,num_reviews,CLEANLINESS,ROOM,SERVICE,LOCATION,VALUE,COMFORT,overall_ratingsource
usa_san francisco_fairmont_heritage_place_ghirardelli_square,fairmont heritage place ghirardelli square,http://www.tripadvisor.com/ShowUserReviews-g60713-d1175274-r50081443-Fairmont_Heritage_Place_Ghirardelli_Square-San_Francisco_California.html,900 north point street,san francisco,ca,USA,94109,-1,-1,41,4.897435897435898,4.948717948717949,4.769230769230769,4.743589743589744,4.615384615384615,0.0,4.794871794871795,
usa_san francisco_hotel_drisco,hotel drisco,http://www.tripadvisor.com/ShowUserReviews-g60713-d80983-r50349306-Hotel_Drisco-San_Francisco_California.html,2901 pacific avenue,san francisco,ca,USA,94115,-1,-1,307,4.802816901408451,4.694835680751174,4.765258215962441,4.525821596244131,4.572769953051643,0.0,4.672300469483568,
usa_san francisco_omni_san_francisco_hotel,omni san francisco hotel,http://www.tripadvisor.com/ShowUserReviews-g60713-d224948-r50002959-Omni_San_Francisco_Hotel-San_Francisco_California.html,500 california street,san francisco,ca,USA,94104,-1,-1,350,4.767441860465116,4.571428571428571,4.737541528239203,4.485049833887043,4.431893687707642,0.0,4.598671096345514,
usa_san francisco_the_inn_at_union_square,the inn at union square,http://www.tripadvisor.com/ShowUserReviews-g60713-d81409-r49488764-The_Inn_at_Union_Square-San_Francisco_California.html,440 post street,san francisco,ca,USA,94102,-1,-1,241,4.576086956521739,4.375,4.695652173913044,4.907608695652174,4.603260869565218,0.0,4.631521739130435,
usa_san francisco_the_orchard_hotel,the orchard hotel,http://www.tripadvisor.com/ShowUserReviews-g60713-d217844-r50220538-The_Orchard_Hotel-San_Francisco_California.html,665 bush street,san francisco,ca,USA,94108,-1,-1,333,4.687707641196013,4.584717607973422,4.465116279069767,4.691029900332226,4.514950166112957,0.0,4.588704318936878,
usa_san francisco_the_donatello_hotel,the donatello hotel,http://www.tripadvisor.com/ShowUserReviews-g60713-d81394-r50433732-The_Donatello_Hotel-San_Francisco_California.html,501 post st.,san francisco,ca,USA,94102,-1,-1,324,4.641196013289036,4.48172757475083,4.647840531561462,4.744186046511628,4.6112956810631225,0.0,4.625249169435216,
usa_san francisco_chancellor_hotel_on_union_square,chancellor hotel on union square,http://www.tripadvisor.com/ShowUserReviews-g60713-d115644-r50550542-Chancellor_Hotel_on_Union_Square-San_Francisco_California.html,433 powell street,san francisco,ca,USA,94102,-1,-1,325,4.700996677740863,4.255813953488372,4.561461794019934,4.893687707641196,4.574750830564784,0.0,4.59734219269103,
usa_san francisco_white_swan_inn,white swan inn,http://www.tripadvisor.com/ShowUserReviews-g60713-d112373-r50517988-White_Swan_Inn-San_Francisco_California.html,845 bush street,san francisco,ca,USA,94108,-1,-1,226,4.5285714285714285,4.442857142857143,4.614285714285714,4.635714285714286,4.371428571428571,0.0,4.518571428571429,
usa_san francisco_argonaut_hotel_a_kimpton_hotel,argonaut hotel a kimpton hotel,http://www.tripadvisor.com/ShowUserReviews-g60713-d268533-r50391522-Argonaut_Hotel_a_Kimpton_Hotel-San_Francisco_California.html,495 jefferson street at hyde,san francisco,ca,USA,94109,-1,-1,352,4.740863787375416,4.4784053156146175,4.5083056478405314,4.7275747508305646,4.275747508305648,0.0,4.546179401993355,
usa_san francisco_hotel_monaco_san_francisco_a_kimpton_hotel,hotel monaco san francisco a kimpton hotel,http://www.tripadvisor.com/ShowUserReviews-g60713-d81985-r50377981-Hotel_Monaco_San_Francisco_a_Kimpton_Hotel-San_Francisco_California.html,501 geary st,san francisco,ca,USA,94102,-1,-1,293,4.6234567901234565,4.185185185185185,4.444444444444445,4.3580246913580245,4.12962962962963,0.0,4.348148148148148,
usa_san francisco_mandarin_oriental,mandarin oriental,http://www.tripadvisor.com/ShowUserReviews-g60713-d81126-r47604737-Mandarin_Oriental-San_Francisco_California.html,222 sansome street,san francisco,ca,USA,94104,-1,-1,188,4.818181818181818,4.603305785123967,4.586776859504132,4.471074380165289,4.008264462809917,0.0,4.497520661157026,
usa_san francisco_orchard_garden_hotel,orchard garden hotel,http://www.tripadvisor.com/ShowUserReviews-g60713-d618542-r50319708-Orchard_Garden_Hotel-San_Francisco_California.html,466 bush street,san francisco,ca,USA,94108,-1,-1,311,4.806083650190114,4.52851711026616,4.524714828897339,4.699619771863118,4.35361216730038,0.0,4.582509505703422,
usa_san francisco_marines_memorial_club_hotel,marines memorial club hotel,http://www.tripadvisor.com/ShowUserReviews-g60713-d224958-r45880313-Marines_Memorial_Club_Hotel-San_Francisco_California.html,609 sutter st,san francisco,ca,USA,94102-1017,-1,-1,32,4.6521739130434785,4.130434782608695,4.695652173913044,4.739130434782608,4.695652173913044,0.0,4.582608695652174,
usa_san francisco_the_ritz_carlton,the ritz carlton,http://www.tripadvisor.com/ShowUserReviews-g60713-d81450-r50577310-The_Ritz_Carlton-San_Francisco_California.html,600 stockton street,san francisco,ca,USA,94108,-1,-1,215,4.865079365079365,4.7063492063492065,4.690476190476191,4.571428571428571,4.2063492063492065,0.0,4.607936507936508,
usa_san francisco_hotel_abri_union_square_a_larkspur_collection_hotel,hotel abri union square a larkspur collection hotel,http://www.tripadvisor.com/ShowUserReviews-g60713-d81165-r49939335-Hotel_Abri_Union_Square_A_Larkspur_Collection_Hotel-San_Francisco_California.html,127 ellis street,san francisco,ca,USA,94102,-1,-1,167,4.554545454545455,4.163636363636364,4.5636363636363635,4.6909090909090905,4.527272727272727,0.0,4.5,
usa_san francisco_le_meridien_san_francisco,le meridien san francisco,http://www.tripadvisor.com/ShowUserReviews-g60713-d81204-r50293591-Le_Meridien_San_Francisco-San_Francisco_California.html,333 battery street,san francisco,ca,USA,94111,-1,-1,304,4.670588235294118,4.596078431372549,4.435294117647059,4.454901960784314,4.298039215686274,0.0,4.490980392156863,
usa_san francisco_the_huntington_hotel_nob_hill_spa,the huntington hotel nob hill spa,http://www.tripadvisor.com/ShowUserReviews-g60713-d115625-r50358657-The_Huntington_Hotel_Nob_Hill_Spa-San_Francisco_California.html,1075 california street,san francisco,ca,USA,94108,-1,-1,95,4.602739726027397,4.205479452054795,4.575342465753424,4.63013698630137,4.068493150684931,0.0,4.416438356164384,
usa_san francisco_hotel_rex,hotel rex,http://www.tripadvisor.com/ShowUserReviews-g60713-d112307-r50393133-Hotel_Rex-San_Francisco_California.html,562 sutter st,san francisco,ca,USA,94102,-1,-1,471,4.496240601503759,4.105263157894737,4.545112781954887,4.7406015037593985,4.349624060150376,0.0,4.447368421052632,
usa_san francisco_hotel_vitale,hotel vitale,http://www.tripadvisor.com/ShowUserReviews-g60713-d506418-r50215260-Hotel_Vitale-San_Francisco_California.html,8 mission street,san francisco,ca,USA,94105,-1,-1,283,4.787096774193548,4.658064516129032,4.535483870967742,4.7612903225806456,4.096774193548387,0.0,4.5677419354838715,
usa_san francisco_columbus_motor_inn,columbus motor inn,http://www.tripadvisor.com/ShowUserReviews-g60713-d119657-r50190499-Columbus_Motor_Inn-San_Francisco_California.html,1075 columbus ave,san francisco,ca,USA,94133,-1,-1,253,4.460732984293194,4.214659685863874,4.015706806282722,4.643979057591623,4.596858638743456,0.0,4.386387434554974,
usa_san francisco_ocean_park_motel,ocean park motel,http://www.tripadvisor.com/ShowUserReviews-g60713-d291227-r49302917-Ocean_Park_Motel-San_Francisco_California.html,2690 46th ave,san francisco,ca,USA,94116,-1,-1,55,4.568181818181818,3.977272727272727,4.4772727272727275,4.136363636363637,4.454545454545454,0.0,4.322727272727273,
usa_san francisco_the_fairmont_san_francisco,the fairmont san francisco,http://www.tripadvisor.com/ShowUserReviews-g60713-d81397-r50579192-The_Fairmont_San_Francisco-San_Francisco_California.html,950 mason street,san francisco,ca,USA,94108,-1,-1,361,4.5703125,4.3125,4.2578125,4.53515625,4.03125,0.0,4.34140625,
usa_san francisco_hotel_carlton_a_joie_de_vivre_hotel,hotel carlton a joie de vivre hotel,http://www.tripadvisor.com/ShowUserReviews-g60713-d80925-r50503284-Hotel_Carlton_a_Joie_de_Vivre_hotel-San_Francisco_California.html,1075 sutter street,san francisco,ca,USA,94109,-1,-1,352,4.5215946843853825,4.106312292358804,4.700996677740863,3.9269102990033224,4.4352159468438535,0.0,4.338205980066445,
usa_san francisco_the_kensington_park_hotel,the kensington park hotel,http://www.tripadvisor.com/ShowUserReviews-g60713-d112347-r50228406-The_Kensington_Park_Hotel-San_Francisco_California.html,450 post street,san francisco,ca,USA,94102,-1,-1,144,4.404255319148936,4.180851063829787,4.404255319148936,4.840425531914893,4.23404255319149,0.0,4.412765957446808,
usa_san francisco_hotel_palomar_san_francisco_a_kimpton_hotel,hotel palomar san francisco a kimpton hotel,http://www.tripadvisor.com/ShowUserReviews-g60713-d80797-r50302914-Hotel_Palomar_San_Francisco_a_Kimpton_Hotel-San_Francisco_California.html,12 fourth st,san francisco,ca,USA,94103,-1,-1,290,4.541935483870968,4.232258064516129,4.27741935483871,4.625806451612903,4.116129032258065,0.0,4.358709677419355,
usa_san francisco_petite_auberge,petite auberge,http://www.tripadvisor.com/ShowUserReviews-g60713-d113940-r50533930-Petite_Auberge-San_Francisco_California.html,863 bush street,san francisco,ca,USA,94108,-1,-1,208,4.373015873015873,4.158730158730159,4.563492063492063,4.634920634920635,4.317460317460317,0.0,4.40952380952381,
usa_san francisco_intercontinental_san_francisco,intercontinental san francisco,http://www.tripadvisor.com/ShowUserReviews-g60713-d676408-r50483126-InterContinental_San_Francisco-San_Francisco_California.html,888 howard street,san francisco,ca,USA,94103,-1,-1,244,4.7342342342342345,4.5225225225225225,4.184684684684685,4.112612612612613,3.9774774774774775,0.0,4.306306306306306,
usa_san francisco_laurel_inn,laurel inn,http://www.tripadvisor.com/ShowUserReviews-g60713-d81114-r49514162-Laurel_Inn-San_Francisco_California.html,444 presidio ave,san francisco,ca,USA,94115,-1,-1,71,4.368421052631579,4.157894736842105,4.315789473684211,4.078947368421052,4.315789473684211,0.0,4.247368421052632,
usa_san francisco_suites_at_fisherman_s_wharf,suites at fisherman s wharf,http://www.tripadvisor.com/ShowUserReviews-g60713-d247005-r50451112-Suites_at_Fisherman_s_Wharf-San_Francisco_California.html,2655 hyde street,san francisco,ca,USA,94109-1249,-1,-1,66,4.527272727272727,4.2,4.5636363636363635,4.6909090909090905,4.345454545454546,0.0,4.465454545454546,
usa_san francisco_st_regis_hotel_san_francisco,st regis hotel san francisco,http://www.tripadvisor.com/ShowUserReviews-g60713-d574449-r49274024-St_Regis_Hotel_San_Francisco-San_Francisco_California.html,125 3rd st,san francisco,ca,USA,94103,-1,-1,158,4.745762711864407,4.52542372881356,4.3559322033898304,4.432203389830509,3.8220338983050848,0.0,4.376271186440678,
usa_san francisco_steinhart,steinhart,http://www.tripadvisor.com/ShowUserReviews-g60713-d81456-r49718374-Steinhart-San_Francisco_California.html,952 sutter street,san francisco,ca,USA,94109,-1,-1,17,4.6923076923076925,4.461538461538462,4.461538461538462,4.461538461538462,4.615384615384615,0.0,4.538461538461538,
usa_san francisco_villa_florence_hotel_union_square_a_larkspur_collection_hotel,villa florence hotel union square a larkspur collection hotel,http://www.tripadvisor.com/ShowUserReviews-g60713-d81529-r50463735-Villa_Florence_Hotel_Union_Square_A_Larkspur_Collection_Hotel-San_Francisco_California.html,225 powell street,san francisco,ca,USA,94102,-1,-1,257,4.19496855345912,3.849056603773585,4.2578616352201255,4.7421383647798745,4.09433962264151,0.0,4.227672955974843,
usa_san francisco_four_seasons_hotel_san_francisco,four seasons hotel san francisco,http://www.tripadvisor.com/ShowUserReviews-g60713-d224953-r47435031-Four_Seasons_Hotel_San_Francisco-San_Francisco_California.html,757 market street,san francisco,ca,USA,94103,-1,-1,141,4.784810126582278,4.430379746835443,4.620253164556962,4.632911392405063,4.012658227848101,0.0,4.49620253164557,
usa_san francisco_harbor_court_hotel_a_kimpton_hotel,harbor court hotel a kimpton hotel,http://www.tripadvisor.com/ShowUserReviews-g60713-d81022-r49973355-Harbor_Court_Hotel_a_Kimpton_Hotel-San_Francisco_California.html,165 steuart street,san francisco,ca,USA,94105,-1,-1,173,4.576923076923077,3.826923076923077,4.163461538461538,4.413461538461538,4.019230769230769,0.0,4.199999999999999,
usa_san francisco_castle_inn,castle inn,http://www.tripadvisor.com/ShowUserReviews-g60713-d119658-r49089937-Castle_Inn-San_Francisco_California.html,1565 broadway,san francisco,ca,USA,94109,-1,-1,432,4.367469879518072,3.8373493975903616,4.331325301204819,4.4156626506024095,4.379518072289157,0.0,4.266265060240964,
usa_san francisco_serrano_hotel_a_kimpton_hotel,serrano hotel a kimpton hotel,http://www.tripadvisor.com/ShowUserReviews-g60713-d80802-r50279585-Serrano_Hotel_a_Kimpton_Hotel-San_Francisco_California.html,405 taylor street,san francisco,ca,USA,94102,-1,-1,327,4.51010101010101,4.111111111111111,4.414141414141414,4.0606060606060606,4.166666666666667,0.0,4.252525252525253,
usa_san francisco_san_francisco_marriott_union_square,san francisco marriott union square,http://www.tripadvisor.com/ShowUserReviews-g60713-d124765-r50320812-San_Francisco_Marriott_Union_Square-San_Francisco_California.html,480 sutter street,san francisco,ca,USA,94108,-1,-1,212,4.471830985915493,4.049295774647887,3.9295774647887325,4.76056338028169,4.014084507042254,0.0,4.2450704225352105,
usa_san francisco_hotel_boheme,hotel boheme,http://www.tripadvisor.com/ShowUserReviews-g60713-d112338-r47122930-Hotel_Boheme-San_Francisco_California.html,444 columbus avenue,san francisco,ca,USA,94133,-1,-1,96,4.453125,3.828125,4.421875,4.828125,4.3125,0.0,4.36875,
usa_san francisco_hyatt_at_fisherman_s_wharf,hyatt at fisherman s wharf,http://www.tripadvisor.com/ShowUserReviews-g60713-d81087-r50030814-Hyatt_at_Fisherman_s_Wharf-San_Francisco_California.html,555 north point street,san francisco,ca,USA,94133,-1,-1,260,4.462765957446808,4.24468085106383,4.24468085106383,4.558510638297872,3.9148936170212765,0.0,4.285106382978723,
usa_san francisco_hotel_mayflower,hotel mayflower,http://www.tripadvisor.com/ShowUserReviews-g60713-d501344-r49401187-Hotel_Mayflower-San_Francisco_California.html,975 bush street,san francisco,ca,USA,94109,-1,-1,91,4.333333333333333,4.012345679012346,4.308641975308642,4.3580246913580245,4.407407407407407,0.0,4.283950617283951,
usa_san francisco_phoenix_hotel,phoenix hotel,http://www.tripadvisor.com/ShowUserReviews-g60713-d81209-r49713031-Phoenix_Hotel-San_Francisco_California.html,601 eddy street,san francisco,ca,USA,94109,-1,-1,162,4.362068965517241,4.008620689655173,4.4655172413793105,3.3793103448275863,4.198275862068965,0.0,4.082758620689655,
usa_san francisco_coventry_motor_inn,coventry motor inn,http://www.tripadvisor.com/ShowUserReviews-g60713-d119601-r50537824-Coventry_Motor_Inn-San_Francisco_California.html,1901 lombard street,san francisco,ca,USA,94123,-1,-1,103,4.518987341772152,4.253164556962025,4.227848101265823,4.341772151898734,4.430379746835443,0.0,4.3544303797468356,
usa_san francisco_hotel_del_sol,hotel del sol,http://www.tripadvisor.com/ShowUserReviews-g60713-d119643-r47473705-Hotel_Del_Sol-San_Francisco_California.html,3100 webster street,san francisco,ca,USA,94123,-1,-1,162,4.325581395348837,3.9069767441860463,4.395348837209302,4.3604651162790695,4.162790697674419,0.0,4.2302325581395355,
usa_san francisco_grosvenor_suites,grosvenor suites,http://www.tripadvisor.com/ShowUserReviews-g60713-d81809-r50227036-Grosvenor_Suites-San_Francisco_California.html,899 pine street,san francisco,ca,USA,94108,-1,-1,240,4.082089552238806,3.791044776119403,3.9477611940298507,4.567164179104478,4.335820895522388,0.0,4.1447761194029855,
usa_san francisco_best_western_tuscan_inn_fisherman_s_wharf_a_kimpton_hotel,best western tuscan inn fisherman s wharf a kimpton hotel,http://www.tripadvisor.com/ShowUserReviews-g60713-d80780-r50417537-Best_Western_Tuscan_Inn_Fisherman_s_Wharf_a_Kimpton_Hotel-San_Francisco_California.html,425 north point street,san francisco,ca,USA,94133,-1,-1,518,4.489208633093525,3.9820143884892087,4.129496402877698,4.625899280575539,4.053956834532374,0.0,4.256115107913669,
usa_san francisco_hotel_adagio,hotel adagio,http://www.tripadvisor.com/ShowUserReviews-g60713-d279426-r50451384-Hotel_Adagio-San_Francisco_California.html,550 geary street,san francisco,ca,USA,94102,-1,-1,376,4.2682926829268295,4.024390243902439,4.060975609756097,4.25,4.0060975609756095,0.0,4.121951219512195,
usa_san francisco_holiday_inn_express_san_francisco_fisherman_s_wharf,holiday inn express san francisco fisherman s wharf,http://www.tripadvisor.com/ShowUserReviews-g60713-d217813-r50252273-Holiday_Inn_Express_San_Francisco_Fisherman_s_Wharf-San_Francisco_California.html,550 north point street,san francisco,ca,USA,94133,-1,-1,421,4.386524822695035,4.035460992907802,4.095744680851064,4.6063829787234045,4.01063829787234,0.0,4.22695035460993,
usa_san francisco_hotel_nikko_san_francisco,hotel nikko san francisco,http://www.tripadvisor.com/ShowUserReviews-g60713-d80793-r50481017-Hotel_Nikko_San_Francisco-San_Francisco_California.html,222 mason street,san francisco,ca,USA,94102,-1,-1,379,4.1755102040816325,4.0,4.020408163265306,4.514285714285714,3.7918367346938777,0.0,4.100408163265306,
usa_san francisco_courtyard_san_francisco_downtown,courtyard san francisco downtown,http://www.tripadvisor.com/ShowUserReviews-g60713-d223955-r48832440-Courtyard_San_Francisco_Downtown-San_Francisco_California.html,299 second street,san francisco,ca,USA,94105,-1,-1,150,4.531914893617022,4.287234042553192,4.212765957446808,4.031914893617022,4.159574468085107,0.0,4.24468085106383,
usa_san francisco_cow_hollow_motor_inn_and_suites,cow hollow motor inn and suites,http://www.tripadvisor.com/ShowUserReviews-g60713-d112293-r50425269-Cow_Hollow_Motor_Inn_and_Suites-San_Francisco_California.html,2190 lombard street,san francisco,ca,USA,94123,-1,-1,135,4.298701298701299,4.038961038961039,3.7532467532467533,4.454545454545454,4.428571428571429,0.0,4.194805194805195,
usa_san francisco_palace_hotel,palace hotel,http://www.tripadvisor.com/ShowUserReviews-g60713-d115617-r50137561-Palace_Hotel-San_Francisco_California.html,2 new montgomery street,san francisco,ca,USA,94105,-1,-1,355,4.248945147679325,3.9029535864978904,3.970464135021097,4.552742616033755,3.8059071729957807,0.0,4.096202531645569,
usa_san francisco_hotel_triton_a_kimpton_hotel,hotel triton a kimpton hotel,http://www.tripadvisor.com/ShowUserReviews-g60713-d81514-r49461067-Hotel_Triton_a_Kimpton_Hotel-San_Francisco_California.html,342 grant avenue,san francisco,ca,USA,94108,-1,-1,163,4.2823529411764705,3.823529411764706,4.247058823529412,4.552941176470588,3.9529411764705884,0.0,4.171764705882353,
usa_san francisco_hotel_diva,hotel diva,http://www.tripadvisor.com/ShowUserReviews-g60713-d112303-r49781288-Hotel_Diva-San_Francisco_California.html,440 geary street,san francisco,ca,USA,94102,-1,-1,220,4.346774193548387,3.870967741935484,4.169354838709677,4.596774193548387,4.064516129032258,0.0,4.209677419354839,
usa_san francisco_the_mosser,the mosser,http://www.tripadvisor.com/ShowUserReviews-g60713-d81169-r50445417-The_Mosser-San_Francisco_California.html,54 fourth street,san francisco,ca,USA,94103,-1,-1,343,4.401993355481728,3.6877076411960132,4.1262458471760795,4.691029900332226,4.299003322259137,0.0,4.241196013289036,
usa_san francisco_best_western_hotel_tomo,best western hotel tomo,http://www.tripadvisor.com/ShowUserReviews-g60713-d80917-r50304294-Best_Western_Hotel_Tomo-San_Francisco_California.html,1800 sutter street,san francisco,ca,USA,94115,-1,-1,133,4.469565217391304,4.252173913043478,4.008695652173913,4.234782608695652,4.130434782608695,0.0,4.219130434782609,
usa_san francisco_galleria_park,galleria park,http://www.tripadvisor.com/ShowUserReviews-g60713-d80990-r50267679-Galleria_Park-San_Francisco_California.html,191 sutter street & kearny street,san francisco,ca,USA,94104,-1,-1,193,4.2481203007518795,3.7593984962406015,4.030075187969925,4.56390977443609,4.082706766917293,0.0,4.136842105263158,
usa_san francisco_parc_55_hotel,parc 55 hotel,http://www.tripadvisor.com/ShowUserReviews-g60713-d81192-r50484597-Parc_55_Hotel-San_Francisco_California.html,55 cyril magnin street,san francisco,ca,USA,94102,-1,-1,333,4.209302325581396,3.956810631229236,3.740863787375415,4.538205980066445,3.8438538205980066,0.0,4.057807308970101,
usa_san francisco_westin_san_francisco_market_street,westin san francisco market street,http://www.tripadvisor.com/ShowUserReviews-g60713-d654030-r50352091-Westin_San_Francisco_Market_Street-San_Francisco_California.html,50 third street,san francisco,ca,USA,94103,-1,-1,393,4.360294117647059,4.095588235294118,3.8345588235294117,4.551470588235294,3.9080882352941178,0.0,4.15,
usa_san francisco_renaissance_stanford_court,renaissance stanford court,http://www.tripadvisor.com/ShowUserReviews-g60713-d80747-r49977911-Renaissance_Stanford_Court-San_Francisco_California.html,905 california street,san francisco,ca,USA,94108,-1,-1,294,4.341772151898734,3.9367088607594938,4.10126582278481,4.449367088607595,3.981012658227848,0.0,4.162025316455696,
usa_san francisco_jackson_court_san_francisco,jackson court san francisco,http://www.tripadvisor.com/ShowUserReviews-g60713-d112311-r47607287-Jackson_Court_San_Francisco-San_Francisco_California.html,2198 jackson street,san francisco,ca,USA,94115,-1,-1,17,4.0,4.666666666666667,4.166666666666667,4.833333333333333,4.166666666666667,0.0,4.366666666666666,
usa_san francisco_jw_marriott_san_francisco_union_square,jw marriott san francisco union square,http://www.tripadvisor.com/ShowUserReviews-g60713-d81444-r50338893-JW_Marriott_San_Francisco_Union_Square-San_Francisco_California.html,500 post street,san francisco,ca,USA,94102,-1,-1,282,4.395522388059701,4.149253731343284,4.291044776119403,4.604477611940299,3.8955223880597014,0.0,4.267164179104478,
usa_san francisco_nob_hill_motor_inn,nob hill motor inn,http://www.tripadvisor.com/ShowUserReviews-g60713-d81177-r49884931-Nob_Hill_Motor_Inn-San_Francisco_California.html,1630 pacific avenue,san francisco,ca,USA,94109,-1,-1,365,4.326086956521739,3.920289855072464,4.231884057971015,4.268115942028985,4.231884057971015,0.0,4.195652173913043,
usa_san francisco_campton_place_hotel,campton place hotel,http://www.tripadvisor.com/ShowUserReviews-g60713-d81110-r48156191-Campton_Place_Hotel-San_Francisco_California.html,340 stockton street,san francisco,ca,USA,94108,-1,-1,95,4.51063829787234,4.25531914893617,4.340425531914893,4.829787234042553,3.8085106382978724,0.0,4.348936170212766,
usa_san francisco_hotel_kabuki,hotel kabuki,http://www.tripadvisor.com/ShowUserReviews-g60713-d113923-r50388811-Hotel_Kabuki-San_Francisco_California.html,1625 post st,san francisco,ca,USA,94115,-1,-1,198,4.294797687861272,4.07514450867052,3.9421965317919074,4.144508670520231,4.005780346820809,0.0,4.092485549132948,
usa_san francisco_larkspur_hotel_union_square,larkspur hotel union square,http://www.tripadvisor.com/ShowUserReviews-g60713-d112325-r49922003-Larkspur_Hotel_Union_Square-San_Francisco_California.html,524 sutter street,san francisco,ca,USA,94102,-1,-1,285,4.3522727272727275,3.5454545454545454,4.159090909090909,4.573863636363637,4.073863636363637,0.0,4.140909090909091,
usa_san francisco_the_queen_anne_hotel,the queen anne hotel,http://www.tripadvisor.com/ShowUserReviews-g60713-d112360-r49752456-The_Queen_Anne_Hotel-San_Francisco_California.html,1590 sutter street,san francisco,ca,USA,94109,-1,-1,111,4.11864406779661,4.169491525423729,4.254237288135593,4.084745762711864,4.220338983050848,0.0,4.169491525423728,
usa_san francisco_the_good_hotel,the good hotel,http://www.tripadvisor.com/ShowUserReviews-g60713-d81959-r50019859-The_Good_Hotel-San_Francisco_California.html,112 seventh street,san francisco,ca,USA,94103,-1,-1,79,4.4520547945205475,3.9315068493150687,4.013698630136986,3.452054794520548,4.273972602739726,0.0,4.0246575342465745,
usa_san francisco_redwood_inn,redwood inn,http://www.tripadvisor.com/ShowUserReviews-g60713-d81249-r48260331-Redwood_Inn-San_Francisco_California.html,1530 lombard street,san francisco,ca,USA,94123,-1,-1,115,4.310344827586207,3.8275862068965516,4.379310344827586,4.224137931034483,4.120689655172414,0.0,4.172413793103448,
usa_san francisco_best_western_carriage_inn,best western carriage inn,http://www.tripadvisor.com/ShowUserReviews-g60713-d80864-r50252727-Best_Western_Carriage_Inn-San_Francisco_California.html,140 seventh street,san francisco,ca,USA,94103,-1,-1,86,4.479166666666667,4.229166666666667,4.229166666666667,3.2916666666666665,4.145833333333333,0.0,4.075,
usa_san francisco_inn_at_the_opera,inn at the opera,http://www.tripadvisor.com/ShowUserReviews-g60713-d224956-r50362678-Inn_at_the_Opera-San_Francisco_California.html,333 fulton street,san francisco,ca,USA,94102-4423,-1,-1,83,4.372549019607843,3.7254901960784315,4.490196078431373,4.176470588235294,4.019607843137255,0.0,4.156862745098039,
usa_san francisco_handlery_union_square_hotel,handlery union square hotel,http://www.tripadvisor.com/ShowUserReviews-g60713-d81019-r49655533-Handlery_Union_Square_Hotel-San_Francisco_California.html,351 geary street,san francisco,ca,USA,94102,-1,-1,443,4.011029411764706,3.661764705882353,3.9375,4.643382352941177,3.8161764705882355,0.0,4.013970588235294,
usa_san francisco_hilton_san_francisco_union_square,hilton san francisco union square,http://www.tripadvisor.com/ShowUserReviews-g60713-d81295-r50519004-Hilton_San_Francisco_Union_Square-San_Francisco_California.html,333 o'farrell st,san francisco,ca,USA,94102,-1,-1,333,4.3023255813953485,3.737541528239203,3.883720930232558,4.312292358803987,3.5980066445182723,0.0,3.9667774086378733,
usa_san francisco_the_stratford,the stratford,http://www.tripadvisor.com/ShowUserReviews-g60713-d80774-r50292272-The_Stratford-San_Francisco_California.html,242 powell street,san francisco,ca,USA,94102,-1,-1,184,4.131782945736434,3.193798449612403,3.751937984496124,4.775193798449612,4.108527131782946,0.0,3.9922480620155043,
usa_san francisco_hyatt_regency_san_francisco,hyatt regency san francisco,http://www.tripadvisor.com/ShowUserReviews-g60713-d81103-r50438111-Hyatt_Regency_San_Francisco-San_Francisco_California.html,5 embarcadero center,san francisco,ca,USA,94111,-1,-1,333,4.264705882352941,3.980392156862745,4.078431372549019,4.607843137254902,3.730392156862745,0.0,4.132352941176471,
usa_san francisco_hotel_vertigo,hotel vertigo,http://www.tripadvisor.com/ShowUserReviews-g60713-d81803-r49615226-Hotel_Vertigo-San_Francisco_California.html,940 sutter street,san francisco,ca,USA,94109,-1,-1,97,4.071428571428571,3.619047619047619,3.988095238095238,3.880952380952381,3.9047619047619047,0.0,3.8928571428571432,
usa_san francisco_baldwin_hotel,baldwin hotel,http://www.tripadvisor.com/ShowUserReviews-g60713-d119665-r50511486-Baldwin_Hotel-San_Francisco_California.html,321 grant ave,san francisco,ca,USA,94108,-1,-1,146,4.280701754385965,3.6666666666666665,3.973684210526316,4.701754385964913,4.4035087719298245,0.0,4.205263157894737,
usa_san francisco_andrews_hotel,andrews hotel,http://www.tripadvisor.com/ShowUserReviews-g60713-d112320-r49850299-Andrews_Hotel-San_Francisco_California.html,624 post street,san francisco,ca,USA,94109,-1,-1,147,3.9066666666666667,3.4266666666666667,4.24,4.426666666666667,4.16,0.0,4.032,
usa_san francisco_the_grant_hotel,the grant hotel,http://www.tripadvisor.com/ShowUserReviews-g60713-d226834-r50158032-The_Grant_Hotel-San_Francisco_California.html,753 bush street,san francisco,ca,USA,94108,-1,-1,135,3.853932584269663,3.4157303370786516,3.50561797752809,4.573033707865169,4.146067415730337,0.0,3.898876404494382,
usa_san francisco_hotel_bijou,hotel bijou,http://www.tripadvisor.com/ShowUserReviews-g60713-d80920-r49403858-Hotel_Bijou-San_Francisco_California.html,111 mason street,san francisco,ca,USA,94102,-1,-1,163,4.073684210526316,3.5052631578947366,3.957894736842105,4.094736842105263,3.957894736842105,0.0,3.917894736842105,
usa_san francisco_intercontinental_mark_hopkins_san_francisco,intercontinental mark hopkins san francisco,http://www.tripadvisor.com/ShowUserReviews-g60713-d115623-r50247742-InterContinental_Mark_Hopkins_San_Francisco-San_Francisco_California.html,number one nob hill,san francisco,ca,USA,94108,-1,-1,323,4.436548223350254,4.050761421319797,3.8680203045685277,4.345177664974619,3.7766497461928936,0.0,4.095431472081218,
usa_san francisco_courtyard_by_marriott_fisherman_s_wharf,courtyard by marriott fisherman s wharf,http://www.tripadvisor.com/ShowUserReviews-g60713-d81082-r50275007-Courtyard_by_Marriott_Fisherman_s_Wharf-San_Francisco_California.html,580 beach street,san francisco,ca,USA,94133,-1,-1,102,4.208955223880597,4.0,4.119402985074627,4.611940298507463,3.9402985074626864,0.0,4.176119402985075,
usa_san francisco_beresford_arms,beresford arms,http://www.tripadvisor.com/ShowUserReviews-g60713-d80808-r49416623-Beresford_Arms-San_Francisco_California.html,701 post street,san francisco,ca,USA,94109,-1,-1,171,4.021739130434782,3.641304347826087,3.782608695652174,4.163043478260869,4.086956521739131,0.0,3.9391304347826086,
usa_san francisco_cova_hotel,cova hotel,http://www.tripadvisor.com/ShowUserReviews-g60713-d1119270-r50498522-Cova_Hotel-San_Francisco_California.html,655 ellis street,san francisco,ca,USA,94109,-1,-1,51,4.638297872340425,4.425531914893617,4.23404255319149,2.8297872340425534,4.23404255319149,0.0,4.072340425531915,
usa_san francisco_cornell_hotel_de_france,cornell hotel de france,http://www.tripadvisor.com/ShowUserReviews-g60713-d80937-r47715904-Cornell_Hotel_de_France-San_Francisco_California.html,715 bush street,san francisco,ca,USA,94108,-1,-1,71,4.1521739130434785,3.5434782608695654,3.891304347826087,4.6521739130434785,4.260869565217392,0.0,4.1,
usa_san francisco_hilton_san_francisco_financial_district,hilton san francisco financial district,http://www.tripadvisor.com/ShowUserReviews-g60713-d81038-r50288065-Hilton_San_Francisco_Financial_District-San_Francisco_California.html,750 kearny street,san francisco,ca,USA,94108,-1,-1,365,4.292592592592593,3.914814814814815,3.7333333333333334,4.188888888888889,3.7888888888888888,0.0,3.9837037037037035,
usa_san francisco_prescott_hotel_a_kimpton_hotel,prescott hotel a kimpton hotel,http://www.tripadvisor.com/ShowUserReviews-g60713-d81215-r50079255-Prescott_Hotel_a_Kimpton_Hotel-San_Francisco_California.html,545 post street,san francisco,ca,USA,94102,-1,-1,216,4.225563909774436,3.7142857142857144,4.0,4.593984962406015,3.9323308270676693,0.0,4.093233082706767,
usa_san francisco_marriott_san_francisco_fisherman_s_wharf,marriott san francisco fisherman s wharf,http://www.tripadvisor.com/ShowUserReviews-g60713-d81141-r49534636-Marriott_San_Francisco_Fisherman_s_Wharf-San_Francisco_California.html,1250 columbus avenue,san francisco,ca,USA,94133,-1,-1,176,4.127659574468085,3.8297872340425534,3.9680851063829787,4.297872340425532,3.425531914893617,0.0,3.9297872340425526,
usa_san francisco_grand_hyatt_san_francisco,grand hyatt san francisco,http://www.tripadvisor.com/ShowUserReviews-g60713-d80999-r50427384-Grand_Hyatt_San_Francisco-San_Francisco_California.html,345 stockton street,san francisco,ca,USA,94108,-1,-1,352,4.135964912280702,3.7280701754385963,4.043859649122807,4.776315789473684,3.6842105263157894,0.0,4.073684210526316,
usa_san francisco_holiday_inn_san_francisco_fishermans_wharf,holiday inn san francisco fishermans wharf,http://www.tripadvisor.com/ShowUserReviews-g60713-d81042-r48515790-Holiday_Inn_San_Francisco_Fishermans_Wharf-San_Francisco_California.html,1300 columbus avenue,san francisco,ca,USA,94133,-1,-1,342,4.154228855721393,3.8507462686567164,3.7860696517412937,4.467661691542289,3.6965174129353233,0.0,3.991044776119403,
usa_san francisco_executive_hotel_vintage_court,executive hotel vintage court,http://www.tripadvisor.com/ShowUserReviews-g60713-d81531-r49783819-Executive_Hotel_Vintage_Court-San_Francisco_California.html,650 bush street,san francisco,ca,USA,94108,-1,-1,162,3.5733333333333333,3.2533333333333334,3.76,4.466666666666667,3.72,0.0,3.7546666666666666,
usa_san francisco_hotel_fusion,hotel fusion,http://www.tripadvisor.com/ShowUserReviews-g60713-d243535-r50279042-Hotel_Fusion-San_Francisco_California.html,140 ellis street,san francisco,ca,USA,94102,-1,-1,180,4.360902255639098,3.593984962406015,4.007518796992481,4.661654135338346,4.090225563909774,0.0,4.142857142857142,
usa_san francisco_hotel_frank,hotel frank,http://www.tripadvisor.com/ShowUserReviews-g60713-d81418-r50339100-Hotel_Frank-San_Francisco_California.html,386 geary street,san francisco,ca,USA,94102,-1,-1,51,4.177777777777778,3.911111111111111,3.7555555555555555,4.7555555555555555,3.911111111111111,0.0,4.102222222222222,
usa_san francisco_chelsea_motor_inn,chelsea motor inn,http://www.tripadvisor.com/ShowUserReviews-g60713-d119623-r48341274-Chelsea_Motor_Inn-San_Francisco_California.html,2095 lombard st,san francisco,ca,USA,94123,-1,-1,87,4.277777777777778,4.0,3.9074074074074074,4.12962962962963,4.462962962962963,0.0,4.155555555555556,
usa_san francisco_best_western_americania,best western americania,http://www.tripadvisor.com/ShowUserReviews-g60713-d119625-r47601743-Best_Western_Americania-San_Francisco_California.html,121 7th street,san francisco,ca,USA,94103,-1,-1,142,4.046511627906977,3.616279069767442,3.7790697674418605,2.9767441860465116,3.6627906976744184,0.0,3.6162790697674425,
usa_san francisco_sheraton_fisherman_s_wharf_hotel,sheraton fisherman s wharf hotel,http://www.tripadvisor.com/ShowUserReviews-g60713-d81375-r50521510-Sheraton_Fisherman_s_Wharf_Hotel-San_Francisco_California.html,2500 mason street,san francisco,ca,USA,94133,-1,-1,467,4.1208791208791204,3.6776556776556775,3.8131868131868134,4.509157509157509,3.468864468864469,0.0,3.9179487179487182,
usa_san francisco_best_western_the_hotel_california,best western the hotel california,http://www.tripadvisor.com/ShowUserReviews-g60713-d81363-r50083011-Best_Western_The_Hotel_California-San_Francisco_California.html,580 geary street,san francisco,ca,USA,94102,-1,-1,183,4.168224299065421,3.794392523364486,3.925233644859813,4.08411214953271,3.803738317757009,0.0,3.955140186915888,
usa_san francisco_warwick_san_francisco_hotel,warwick san francisco hotel,http://www.tripadvisor.com/ShowUserReviews-g60713-d81459-r50025087-Warwick_San_Francisco_Hotel-San_Francisco_California.html,490 geary street,san francisco,ca,USA,94102,-1,-1,131,4.10752688172043,3.795698924731183,3.935483870967742,4.473118279569892,3.924731182795699,0.0,4.047311827956989,
usa_san francisco_hotel_griffon,hotel griffon,http://www.tripadvisor.com/ShowUserReviews-g60713-d113928-r48515758-Hotel_Griffon-San_Francisco_California.html,155 steuart street,san francisco,ca,USA,94105,-1,-1,72,4.39622641509434,3.641509433962264,4.132075471698113,4.679245283018868,3.849056603773585,0.0,4.139622641509434,
usa_san francisco_hotel_union_square,hotel union square,http://www.tripadvisor.com/ShowUserReviews-g60713-d81520-r50020604-Hotel_Union_Square-San_Francisco_California.html,114 powell street,san francisco,ca,USA,94102,-1,-1,190,3.976923076923077,3.2153846153846155,3.792307692307692,4.592307692307692,3.5384615384615383,0.0,3.823076923076923,
usa_san francisco_san_francisco_at_the_presidio_travelodge,san francisco at the presidio travelodge,http://www.tripadvisor.com/ShowUserReviews-g60713-d81511-r50533639-San_Francisco_at_The_Presidio_Travelodge-San_Francisco_California.html,2755 lombard street,san francisco,ca,USA,94123,-1,-1,41,3.8823529411764706,3.6470588235294117,4.205882352941177,4.4411764705882355,4.117647058823529,0.0,4.058823529411765,
usa_san francisco_clift_hotel_san_francisco,clift hotel san francisco,http://www.tripadvisor.com/ShowUserReviews-g60713-d112328-r50515935-Clift_Hotel_San_Francisco-San_Francisco_California.html,495 geary street,san francisco,ca,USA,94102,-1,-1,385,4.022026431718062,3.383259911894273,3.541850220264317,4.3744493392070485,3.356828193832599,0.0,3.7356828193832596,
usa_san francisco_the_westin_st_francis,the westin st francis,http://www.tripadvisor.com/ShowUserReviews-g60713-d81461-r49925941-The_Westin_St_Francis-San_Francisco_California.html,335 powell street,san francisco,ca,USA,94102-1875,-1,-1,365,3.9700996677740865,3.5714285714285716,3.604651162790698,4.730897009966777,3.355481727574751,0.0,3.8465116279069766,
usa_san francisco_san_francisco_marriott_marquis,san francisco marriott marquis,http://www.tripadvisor.com/ShowUserReviews-g60713-d81315-r48712415-San_Francisco_Marriott_Marquis-San_Francisco_California.html,55 fourth street,san francisco,ca,USA,94103,-1,-1,285,4.151351351351352,4.059459459459459,3.945945945945946,4.589189189189189,3.7513513513513512,0.0,4.099459459459459,
usa_san francisco_marina_motel,marina motel,http://www.tripadvisor.com/ShowUserReviews-g60713-d82116-r48909669-Marina_Motel-San_Francisco_California.html,2576 lombard st,san francisco,ca,USA,94123,-1,-1,56,3.763157894736842,3.1842105263157894,3.763157894736842,4.157894736842105,3.763157894736842,0.0,3.7263157894736842,
usa_san francisco_hotel_metropolis,hotel metropolis,http://www.tripadvisor.com/ShowUserReviews-g60713-d224955-r49675079-Hotel_Metropolis-San_Francisco_California.html,25 mason st,san francisco,ca,USA,94102,-1,-1,131,3.830769230769231,3.5076923076923077,3.9692307692307693,3.2153846153846155,3.830769230769231,0.0,3.6707692307692312,
usa_san francisco_club_quarters_san_francisco,club quarters san francisco,http://www.tripadvisor.com/ShowUserReviews-g60713-d268240-r49916467-Club_Quarters_San_Francisco-San_Francisco_California.html,424 clay street,san francisco,ca,USA,94111,-1,-1,142,4.144927536231884,3.5652173913043477,3.8405797101449277,4.130434782608695,3.971014492753623,0.0,3.930434782608695,
usa_san francisco_comfort_inn_by_the_bay,comfort inn by the bay,http://www.tripadvisor.com/ShowUserReviews-g60713-d80930-r50204569-Comfort_Inn_by_the_Bay-San_Francisco_California.html,2775 van ness avenue,san francisco,ca,USA,94109-1497,-1,-1,212,3.9454545454545453,3.6272727272727274,3.6363636363636362,4.1454545454545455,3.8,0.0,3.8309090909090906,
usa_san francisco_w_san_francisco,w san francisco,http://www.tripadvisor.com/ShowUserReviews-g60713-d81669-r50366903-W_San_Francisco-San_Francisco_California.html,181 third street,san francisco,ca,USA,94103,-1,-1,231,4.307086614173229,3.826771653543307,3.661417322834646,4.283464566929134,3.15748031496063,0.0,3.8472440944881896,
usa_san francisco_the_gaylord,the gaylord,http://www.tripadvisor.com/ShowUserReviews-g60713-d510378-r49383082-The_Gaylord-San_Francisco_California.html,620 jones street,san francisco,ca,USA,94102,-1,-1,44,4.0588235294117645,4.0588235294117645,3.6470588235294117,3.8823529411764706,4.147058823529412,0.0,3.9588235294117653,
usa_san francisco_sir_francis_drake_hotel_a_kimpton_hotel,sir francis drake hotel a kimpton hotel,http://www.tripadvisor.com/ShowUserReviews-g60713-d81377-r49650202-Sir_Francis_Drake_Hotel_a_Kimpton_Hotel-San_Francisco_California.html,450 powell street,san francisco,ca,USA,94102,-1,-1,322,3.807377049180328,3.3278688524590163,3.721311475409836,4.704918032786885,3.598360655737705,0.0,3.831967213114754,
usa_san francisco_king_george_hotel,king george hotel,http://www.tripadvisor.com/ShowUserReviews-g60713-d80786-r50190647-King_George_Hotel-San_Francisco_California.html,334 mason st @ geary,san francisco,ca,USA,94102,-1,-1,180,3.717171717171717,3.111111111111111,3.8686868686868685,4.4646464646464645,3.797979797979798,0.0,3.7919191919191917,
usa_san francisco_holiday_inn_san_francisco_golden_gateway,holiday inn san francisco golden gateway,http://www.tripadvisor.com/ShowUserReviews-g60713-d81049-r49829507-Holiday_Inn_San_Francisco_Golden_Gateway-San_Francisco_California.html,1500 van ness avenue,san francisco,ca,USA,94109,-1,-1,229,3.8732394366197185,3.535211267605634,3.676056338028169,3.8380281690140845,3.6690140845070425,0.0,3.7183098591549295,
usa_san francisco_the_wharf_inn,the wharf inn,http://www.tripadvisor.com/ShowUserReviews-g60713-d81466-r49383175-The_Wharf_Inn-San_Francisco_California.html,2601 mason street,san francisco,ca,USA,94133,-1,-1,104,4.051724137931035,3.4482758620689653,3.9482758620689653,4.689655172413793,3.9827586206896552,0.0,4.024137931034483,
usa_san francisco_town_house,town house,http://www.tripadvisor.com/ShowUserReviews-g60713-d81476-r33069558-Town_House-San_Francisco_California.html,1650 lombard street,san francisco,ca,USA,94123,-1,-1,17,3.7777777777777777,3.2222222222222223,3.5555555555555554,4.666666666666667,4.222222222222222,0.0,3.8888888888888893,
usa_san francisco_travelodge_golden_gate_san_francisco,travelodge golden gate san francisco,http://www.tripadvisor.com/ShowUserReviews-g60713-d81503-r48089996-Travelodge_Golden_Gate_San_Francisco-San_Francisco_California.html,2230 lombard street,san francisco,ca,USA,94123,-1,-1,75,4.027777777777778,3.4722222222222223,3.75,4.0,3.888888888888889,0.0,3.827777777777778,
usa_san francisco_the_archbishop_s_mansion,the archbishop s mansion,http://www.tripadvisor.com/ShowUserReviews-g60713-d112321-r25211356-The_Archbishop_s_Mansion-San_Francisco_California.html,1000 fulton street,san francisco,ca,USA,94117,-1,-1,48,4.2,3.8,4.0,3.6,3.6,0.0,3.84,
usa_san francisco_powell_hotel,powell hotel,http://www.tripadvisor.com/ShowUserReviews-g60713-d81212-r50041399-Powell_Hotel-San_Francisco_California.html,28 cyril magnin street,san francisco,ca,USA,94102,-1,-1,177,3.3541666666666665,3.125,3.5833333333333335,4.708333333333333,3.5625,0.0,3.666666666666667,
usa_san francisco_buena_vista_motor_inn,buena vista motor inn,http://www.tripadvisor.com/ShowUserReviews-g60713-d119593-r48778085-Buena_Vista_Motor_Inn-San_Francisco_California.html,1599 lombard st,san francisco,ca,USA,94123,-1,-1,112,3.476923076923077,3.3384615384615386,3.646153846153846,3.9384615384615387,3.769230769230769,0.0,3.6338461538461546,
usa_san francisco_hotel_mark_twain,hotel mark twain,http://www.tripadvisor.com/ShowUserReviews-g60713-d141997-r47833566-Hotel_Mark_Twain-San_Francisco_California.html,345 taylor street,san francisco,ca,USA,94102,-1,-1,91,3.473684210526316,2.9298245614035086,3.56140350877193,3.56140350877193,3.3684210526315788,0.0,3.378947368421053,
usa_san francisco_radisson_hotel_fisherman_s_wharf,radisson hotel fisherman s wharf,http://www.tripadvisor.com/ShowUserReviews-g60713-d81222-r50126199-Radisson_Hotel_Fisherman_s_Wharf-San_Francisco_California.html,250 beach street,san francisco,ca,USA,94133,-1,-1,353,3.671875,3.3177083333333335,3.4947916666666665,4.505208333333333,3.3854166666666665,0.0,3.675,
usa_san francisco_hotel_majestic,hotel majestic,http://www.tripadvisor.com/ShowUserReviews-g60713-d81416-r47212136-Hotel_Majestic-San_Francisco_California.html,1500 sutter street,san francisco,ca,USA,94109,-1,-1,85,3.72972972972973,3.324324324324324,3.6486486486486487,3.864864864864865,3.675675675675676,0.0,3.6486486486486482,
usa_san francisco_hotel_whitcomb,hotel whitcomb,http://www.tripadvisor.com/ShowUserReviews-g60713-d81241-r50182590-Hotel_Whitcomb-San_Francisco_California.html,1231 market street,san francisco,ca,USA,94103,-1,-1,365,3.637450199203187,3.362549800796813,3.641434262948207,3.350597609561753,3.685258964143426,0.0,3.5354581673306775,
usa_san francisco_layne_hotel,layne hotel,http://www.tripadvisor.com/ShowUserReviews-g60713-d224957-r49161291-Layne_Hotel-San_Francisco_California.html,545 jones street,san francisco,ca,USA,94102,-1,-1,87,3.875,3.607142857142857,3.9107142857142856,3.9107142857142856,3.8035714285714284,0.0,3.8214285714285716,
usa_san francisco_la_luna_inn,la luna inn,http://www.tripadvisor.com/ShowUserReviews-g60713-d82114-r46672744-La_Luna_Inn-San_Francisco_California.html,2599 lombard st,san francisco,ca,USA,94123,-1,-1,82,3.823529411764706,3.4558823529411766,3.8088235294117645,3.6029411764705883,3.661764705882353,0.0,3.6705882352941175,
usa_san francisco_hilton_san_francisco_fisherman_s_wharf,hilton san francisco fisherman s wharf,http://www.tripadvisor.com/ShowUserReviews-g60713-d81237-r50251685-Hilton_San_Francisco_Fisherman_s_Wharf-San_Francisco_California.html,2620 jones street,san francisco,ca,USA,94133,-1,-1,131,4.0886075949367084,3.392405063291139,3.7848101265822787,4.569620253164557,3.3417721518987342,0.0,3.8354430379746836,
usa_san francisco_sw_hotel,sw hotel,http://www.tripadvisor.com/ShowUserReviews-g60713-d224951-r48911140-SW_Hotel-San_Francisco_California.html,615 broadway,san francisco,ca,USA,94133,-1,-1,37,4.05,3.5,3.7,4.6,3.6,0.0,3.8899999999999997,
usa_san francisco_touchstone_hotel,touchstone hotel,http://www.tripadvisor.com/ShowUserReviews-g60713-d113942-r49160289-Touchstone_Hotel-San_Francisco_California.html,480 geary street,san francisco,ca,USA,94102,-1,-1,15,3.7142857142857144,3.142857142857143,3.642857142857143,4.642857142857143,3.9285714285714284,0.0,3.8142857142857145,
usa_san francisco_park_hotel,park hotel,http://www.tripadvisor.com/ShowUserReviews-g60713-d563989-r50314783-Park_Hotel-San_Francisco_California.html,325 sutter street,san francisco,ca,USA,94108,-1,-1,61,3.314814814814815,3.074074074074074,3.7037037037037037,4.666666666666667,3.7962962962962963,0.0,3.7111111111111112,
usa_san francisco_lombard_motor_inn,lombard motor inn,http://www.tripadvisor.com/ShowUserReviews-g60713-d119640-r49218481-Lombard_Motor_Inn-San_Francisco_California.html,1475 lombard st,san francisco,ca,USA,94123,-1,-1,41,4.0,3.52,3.32,4.28,3.8,0.0,3.784,
usa_san francisco_alexis_park_san_francisco,alexis park san francisco,http://www.tripadvisor.com/ShowUserReviews-g60713-d1214408-r45628700-Alexis_Park_San_Francisco-San_Francisco_California.html,825 polk street,san francisco,ca,USA,94109,-1,-1,21,4.25,3.75,3.9166666666666665,3.1666666666666665,3.6666666666666665,0.0,3.75,
usa_san francisco_geary_parkway_motel,geary parkway motel,http://www.tripadvisor.com/ShowUserReviews-g60713-d311255-r50535891-Geary_Parkway_Motel-San_Francisco_California.html,4750 geary boulevard,san francisco,ca,USA,94118,-1,-1,17,4.5,4.125,3.75,4.125,4.375,0.0,4.175,
usa_san francisco_good_nite_inn_san_francisco_airport,good nite inn san francisco airport,http://www.tripadvisor.com/ShowUserReviews-g60713-d488853-r39928766-Good_Nite_Inn_San_Francisco_Airport-San_Francisco_California.html,245 south airport boulevard,san francisco,ca,USA,94080,-1,-1,58,2.7435897435897436,2.641025641025641,2.717948717948718,3.5384615384615383,3.128205128205128,0.0,2.953846153846154,
usa_san francisco_hotel_beresford,hotel beresford,http://www.tripadvisor.com/ShowUserReviews-g60713-d80836-r49571054-Hotel_Beresford-San_Francisco_California.html,635 sutter street,san francisco,ca,USA,94102,-1,-1,82,3.5636363636363635,2.8727272727272726,3.2363636363636363,4.218181818181818,3.5272727272727273,0.0,3.4836363636363634,
usa_san francisco_stanyan_park_hotel,stanyan park hotel,http://www.tripadvisor.com/ShowUserReviews-g60713-d74059-r33499432-Stanyan_Park_Hotel-San_Francisco_California.html,750 stanyan street,san francisco,ca,USA,94117,-1,-1,24,4.2727272727272725,3.1818181818181817,3.727272727272727,3.909090909090909,3.3636363636363638,0.0,3.6909090909090914,
usa_san francisco_adante_hotel,adante hotel,http://www.tripadvisor.com/ShowUserReviews-g60713-d80756-r47985965-Adante_Hotel-San_Francisco_California.html,610 geary street,san francisco,ca,USA,94102,-1,-1,152,3.728395061728395,3.1728395061728394,3.5185185185185186,4.074074074074074,3.7160493827160495,0.0,3.6419753086419755,
usa_san francisco_the_opal_san_francisco,the opal san francisco,http://www.tripadvisor.com/ShowUserReviews-g60713-d81251-r50191215-The_Opal_San_Francisco-San_Francisco_California.html,1050 van ness ave,san francisco,ca,USA,94109,-1,-1,196,3.598360655737705,3.2704918032786887,3.401639344262295,3.557377049180328,3.6065573770491803,0.0,3.4868852459016395,
usa_san francisco_hotel_milano,hotel milano,http://www.tripadvisor.com/ShowUserReviews-g60713-d112304-r46253182-Hotel_Milano-San_Francisco_California.html,55 fifth street,san francisco,ca,USA,94103,-1,-1,52,4.0,3.5294117647058822,3.176470588235294,4.705882352941177,3.5294117647058822,0.0,3.788235294117647,
usa_san francisco_royal_pacific_motor_inn,royal pacific motor inn,http://www.tripadvisor.com/ShowUserReviews-g60713-d627267-r47821243-Royal_Pacific_Motor_Inn-San_Francisco_California.html,661 broadway,san francisco,ca,USA,94133,-1,-1,26,3.5,3.2222222222222223,3.5,4.277777777777778,3.7777777777777777,0.0,3.655555555555556,
usa_san francisco_the_pickwick,the pickwick,http://www.tripadvisor.com/ShowUserReviews-g60713-d218776-r50339329-The_Pickwick-San_Francisco_California.html,85 fifth street,san francisco,ca,USA,94103,-1,-1,106,3.491228070175439,3.1228070175438596,3.1578947368421053,4.4035087719298245,3.543859649122807,0.0,3.543859649122807,
usa_san francisco_cathedral_hill_hotel,cathedral hill hotel,http://www.tripadvisor.com/ShowUserReviews-g60713-d80784-r49108211-Cathedral_Hill_Hotel-San_Francisco_California.html,1101 van ness avenue,san francisco,ca,USA,94109,-1,-1,248,3.2071005917159763,2.757396449704142,3.408284023668639,3.4023668639053253,3.1834319526627217,0.0,3.191715976331361,
usa_san francisco_fitzgerald_hotel_union_square,fitzgerald hotel union square,http://www.tripadvisor.com/ShowUserReviews-g60713-d80768-r49667375-Fitzgerald_Hotel_Union_Square-San_Francisco_California.html,620 post street,san francisco,ca,USA,94109,-1,-1,46,3.4761904761904763,2.857142857142857,3.3333333333333335,4.428571428571429,3.380952380952381,0.0,3.495238095238095,
usa_san francisco_broadway_manor_inn,broadway manor inn,http://www.tripadvisor.com/ShowUserReviews-g60713-d119661-r50356971-Broadway_Manor_Inn-San_Francisco_California.html,2201 van ness ave,san francisco,ca,USA,94109,-1,-1,113,3.582089552238806,3.5522388059701493,3.1044776119402986,3.925373134328358,3.5223880597014925,0.0,3.537313432835821,
usa_san francisco_francisco_bay_inn,francisco bay inn,http://www.tripadvisor.com/ShowUserReviews-g60713-d119650-r49672348-Francisco_Bay_Inn-San_Francisco_California.html,1501 lombard st,san francisco,ca,USA,94123,-1,-1,154,3.3333333333333335,3.066666666666667,2.5555555555555554,3.3333333333333335,2.888888888888889,0.0,3.035555555555556,
usa_san francisco_the_metro_hotel,the metro hotel,http://www.tripadvisor.com/ShowUserReviews-g60713-d310867-r47890284-The_Metro_Hotel-San_Francisco_California.html,319 divisadero street,san francisco,ca,USA,94117,-1,-1,33,3.473684210526316,2.8421052631578947,3.736842105263158,4.157894736842105,3.6315789473684212,0.0,3.568421052631579,
usa_san francisco_vagabond_inn_san_francisco_civic_center,vagabond inn san francisco civic center,http://www.tripadvisor.com/ShowUserReviews-g60713-d81075-r46270965-Vagabond_Inn_San_Francisco_Civic_Center-San_Francisco_California.html,385 9th street,san francisco,ca,USA,94103,-1,-1,14,3.2222222222222223,3.111111111111111,3.6666666666666665,3.3333333333333335,3.6666666666666665,0.0,3.4,
usa_san francisco_hotel_des_arts,hotel des arts,http://www.tripadvisor.com/ShowUserReviews-g60713-d478253-r50531669-Hotel_des_Arts-San_Francisco_California.html,447 bush st.,san francisco,ca,USA,94108,-1,-1,177,3.389473684210526,2.968421052631579,3.0631578947368423,4.4,3.2526315789473683,0.0,3.4147368421052633,
usa_san francisco_marina_inn,marina inn,http://www.tripadvisor.com/ShowUserReviews-g60713-d113927-r50512001-Marina_Inn-San_Francisco_California.html,3110 octavia street,san francisco,ca,USA,94123,-1,-1,87,3.3902439024390243,3.024390243902439,3.341463414634146,4.024390243902439,3.6097560975609757,0.0,3.478048780487805,
usa_san francisco_beck_s_motor_lodge,beck s motor lodge,http://www.tripadvisor.com/ShowUserReviews-g60713-d112289-r49142335-Beck_s_Motor_Lodge-San_Francisco_California.html,2222 market street,san francisco,ca,USA,94114,-1,-1,54,3.375,2.9166666666666665,3.2916666666666665,4.458333333333333,3.5,0.0,3.508333333333333,
usa_san francisco_seal_rock_inn,seal rock inn,http://www.tripadvisor.com/ShowUserReviews-g60713-d81367-r46215686-Seal_Rock_Inn-San_Francisco_California.html,545 point lobos avenue,san francisco,ca,USA,94121-1499,-1,-1,41,3.473684210526316,3.210526315789474,3.526315789473684,4.2105263157894735,3.526315789473684,0.0,3.589473684210526,
usa_san francisco_nob_hill_hotel,nob hill hotel,http://www.tripadvisor.com/ShowUserReviews-g60713-d119637-r49426658-Nob_Hill_Hotel-San_Francisco_California.html,835 hyde street,san francisco,ca,USA,94109,-1,-1,103,3.073170731707317,2.4878048780487805,2.4634146341463414,2.8292682926829267,2.658536585365854,0.0,2.7024390243902436,
usa_san francisco_monarch_hotel,monarch hotel,http://www.tripadvisor.com/ShowUserReviews-g60713-d80788-r49534275-Monarch_Hotel-San_Francisco_California.html,1015 geary street,san francisco,ca,USA,94109,-1,-1,81,3.1666666666666665,2.8333333333333335,2.6944444444444446,2.638888888888889,3.361111111111111,0.0,2.938888888888889,
usa_san francisco_capri_motel,capri motel,http://www.tripadvisor.com/ShowUserReviews-g60713-d119590-r45683943-Capri_Motel-San_Francisco_California.html,2015 greenwich st,san francisco,ca,USA,94123,-1,-1,23,3.8461538461538463,3.3846153846153846,3.5384615384615383,4.153846153846154,3.6923076923076925,0.0,3.723076923076923,
usa_san francisco_archstone_south_market,archstone south market,http://www.tripadvisor.com/ShowUserReviews-g60713-d281778-r31595605-Archstone_South_Market-San_Francisco_California.html,1 saint francis place,san francisco,ca,USA,94107,-1,-1,3,4.0,4.0,3.0,4.0,4.0,0.0,3.8,
usa_san francisco_greenwich_inn,greenwich inn,http://www.tripadvisor.com/ShowUserReviews-g60713-d81480-r45899766-Greenwich_Inn-San_Francisco_California.html,3201 steiner street,san francisco,ca,USA,94123,-1,-1,45,3.3823529411764706,2.9705882352941178,3.0588235294117645,4.088235294117647,3.5588235294117645,0.0,3.411764705882353,
usa_san francisco_the_herbert_hotel,the herbert hotel,http://www.tripadvisor.com/ShowUserReviews-g60713-d80771-r47908647-The_Herbert_Hotel-San_Francisco_California.html,161 powell street,san francisco,ca,USA,94102,-1,-1,60,3.2972972972972974,3.054054054054054,2.810810810810811,4.54054054054054,3.4054054054054053,0.0,3.4216216216216218,
usa_san francisco_americas_best_value_inn_golden_gate,americas best value inn golden gate,http://www.tripadvisor.com/ShowUserReviews-g60713-d267364-r48869124-Americas_Best_Value_Inn_Golden_Gate-San_Francisco_California.html,2322 lombard street,san francisco,ca,USA,94123,-1,-1,42,3.085714285714286,2.8,3.057142857142857,3.8285714285714287,3.0285714285714285,0.0,3.16,
usa_san francisco_the_dakota_hotel,the dakota hotel,http://www.tripadvisor.com/ShowUserReviews-g60713-d124967-r48606739-The_Dakota_Hotel-San_Francisco_California.html,606 post street,san francisco,ca,USA,94109,-1,-1,55,2.7142857142857144,2.8214285714285716,3.2142857142857144,4.142857142857143,3.4642857142857144,0.0,3.2714285714285714,
usa_san francisco_astoria_hotel,astoria hotel,http://www.tripadvisor.com/ShowUserReviews-g60713-d81976-r47687501-Astoria_Hotel-San_Francisco_California.html,510 bush street,san francisco,ca,USA,94108,-1,-1,91,3.3181818181818183,2.5757575757575757,3.090909090909091,4.606060606060606,3.6515151515151514,0.0,3.4484848484848483,
usa_san francisco_bay_bridge_inn,bay bridge inn,http://www.tripadvisor.com/ShowUserReviews-g60713-d119626-r37889112-Bay_Bridge_Inn-San_Francisco_California.html,966 harrison street,san francisco,ca,USA,94107,-1,-1,24,3.142857142857143,2.7142857142857144,3.2857142857142856,2.7857142857142856,3.2857142857142856,0.0,3.0428571428571423,
usa_san francisco_edward_ii_inn_and_suites,edward ii inn and suites,http://www.tripadvisor.com/ShowUserReviews-g60713-d74051-r48275655-Edward_II_Inn_and_Suites-San_Francisco_California.html,3155 scott street,san francisco,ca,USA,94123,-1,-1,39,3.0454545454545454,2.5454545454545454,3.727272727272727,4.090909090909091,3.1818181818181817,0.0,3.318181818181818,
usa_san francisco_the_hotel_tropicana,the hotel tropicana,http://www.tripadvisor.com/ShowUserReviews-g60713-d282764-r45382490-The_Hotel_Tropicana-San_Francisco_California.html,663 valencia street,san francisco,ca,USA,94110,-1,-1,13,3.6666666666666665,3.3333333333333335,2.8333333333333335,3.8333333333333335,3.3333333333333335,0.0,3.4,
usa_san francisco_halcyon_hotel,halcyon hotel,http://www.tripadvisor.com/ShowUserReviews-g60713-d112335-r42916552-Halcyon_Hotel-San_Francisco_California.html,649 jones st,san francisco,ca,USA,94102,-1,-1,35,3.5454545454545454,3.0454545454545454,3.4545454545454546,3.909090909090909,3.727272727272727,0.0,3.5363636363636366,
usa_san francisco_hotel_cosmo,hotel cosmo,http://www.tripadvisor.com/ShowUserReviews-g60713-d80817-r4368315-Hotel_Cosmo-San_Francisco_California.html,761 post street,san francisco,ca,USA,94109,-1,-1,28,3.0,3.3333333333333335,3.6666666666666665,4.666666666666667,3.6666666666666665,0.0,3.6666666666666665,
usa_san francisco_rodeway_inn_downtown,rodeway inn downtown,http://www.tripadvisor.com/ShowUserReviews-g60713-d142261-r47262065-Rodeway_Inn_Downtown-San_Francisco_California.html,101 9th street,san francisco,ca,USA,94103,-1,-1,32,2.933333333333333,2.466666666666667,3.1333333333333333,2.533333333333333,2.7333333333333334,0.0,2.7600000000000002,
usa_san francisco_holiday_inn_civic_center_san_francisco,holiday inn civic center san francisco,http://www.tripadvisor.com/ShowUserReviews-g60713-d81035-r49653966-Holiday_Inn_Civic_Center_San_Francisco-San_Francisco_California.html,50 8th street,san francisco,ca,USA,94103,-1,-1,112,3.6666666666666665,3.2280701754385963,3.473684210526316,2.8771929824561404,3.087719298245614,0.0,3.2666666666666666,
usa_san francisco_grant_plaza_hotel,grant plaza hotel,http://www.tripadvisor.com/ShowUserReviews-g60713-d81004-r49437052-Grant_Plaza_Hotel-San_Francisco_California.html,465 grant avenue,san francisco,ca,USA,94108,-1,-1,143,3.014925373134328,2.5074626865671643,3.253731343283582,4.3283582089552235,3.373134328358209,0.0,3.2955223880597018,
usa_san francisco_commodore_hotel,commodore hotel,http://www.tripadvisor.com/ShowUserReviews-g60713-d1160921-r24330410-Commodore_Hotel-San_Francisco_California.html,825 sutter st.,san francisco,ca,USA,94109,-1,-1,-1,0.0,0.0,0.0,0.0,0.0,0.0,-1.0,
usa_san francisco_best_western_civic_center_motor_inn,best western civic center motor inn,http://www.tripadvisor.com/ShowUserReviews-g60713-d80879-r47573628-Best_Western_Civic_Center_Motor_Inn-San_Francisco_California.html,364 ninth street at harrison,san francisco,ca,USA,94103,-1,-1,62,3.6363636363636362,3.2045454545454546,3.4318181818181817,3.1818181818181817,3.522727272727273,0.0,3.3954545454545455,
usa_san francisco_days_inn_lombard_street,days inn lombard street,http://www.tripadvisor.com/ShowUserReviews-g60713-d80950-r46203587-Days_Inn_Lombard_Street-San_Francisco_California.html,2358 lombard street,san francisco,ca,USA,94123,-1,-1,34,2.8636363636363638,2.5454545454545454,2.590909090909091,3.5454545454545454,2.6363636363636362,0.0,2.836363636363636,
usa_san francisco_union_square_plaza_hotel,union square plaza hotel,http://www.tripadvisor.com/ShowUserReviews-g60713-d80806-r48283001-Union_Square_Plaza_Hotel-San_Francisco_California.html,432 geary street,san francisco,ca,USA,94102,-1,-1,77,2.62,2.68,2.94,4.26,3.26,0.0,3.1519999999999997,
usa_san francisco_synergy_avalon_mission_bay,synergy avalon mission bay,http://www.tripadvisor.com/ShowUserReviews-g60713-d571427-r8607483-Synergy_Avalon_Mission_Bay-San_Francisco_California.html,255 king st,san francisco,ca,USA,94107,-1,-1,1,5.0,5.0,4.0,5.0,5.0,0.0,4.8,
usa_san francisco_crescent_san_francisco,crescent san francisco,http://www.tripadvisor.com/ShowUserReviews-g60713-d80823-r50467587-Crescent_San_Francisco-San_Francisco_California.html,417 stockton street,san francisco,ca,USA,94108,-1,-1,6,5.0,4.333333333333333,4.666666666666667,5.0,4.666666666666667,0.0,4.733333333333333,
usa_san francisco_all_star_hotel,all star hotel,http://www.tripadvisor.com/ShowUserReviews-g60713-d291695-r8668066-All_Star_Hotel-San_Francisco_California.html,2791 16th st.,san francisco,ca,USA,94103,-1,-1,1,5.0,5.0,4.0,3.0,5.0,0.0,4.4,
usa_san francisco_oceanview_motel,oceanview motel,http://www.tripadvisor.com/ShowUserReviews-g60713-d226829-r36763624-Oceanview_Motel-San_Francisco_California.html,4340 judah st.,san francisco,ca,USA,94122,-1,-1,19,3.3,3.1,2.9,4.0,3.5,0.0,3.3600000000000003,
usa_san francisco_hotel_north_beach,hotel north beach,http://www.tripadvisor.com/ShowUserReviews-g60713-d217294-r49435905-Hotel_North_Beach-San_Francisco_California.html,935 kearny street,san francisco,ca,USA,94133,-1,-1,21,3.8333333333333335,3.5,2.9166666666666665,3.9166666666666665,3.8333333333333335,0.0,3.6,
usa_san francisco_university_club,university club,http://www.tripadvisor.com/ShowUserReviews-g60713-d489082-r10055100-University_Club-San_Francisco_California.html,800 powell st.,san francisco,ca,USA,94108,-1,-1,3,5.0,3.0,5.0,5.0,5.0,0.0,4.6,
usa_san francisco_edwardian_san_francisco_hotel,edwardian san francisco hotel,http://www.tripadvisor.com/ShowUserReviews-g60713-d81782-r50127554-Edwardian_San_Francisco_Hotel-San_Francisco_California.html,1668 market street,san francisco,ca,USA,94102,-1,-1,83,3.3859649122807016,2.9473684210526314,3.508771929824561,3.7017543859649122,3.526315789473684,0.0,3.4140350877192978,
usa_san francisco_motel_6_san_francisco_downtown,motel 6 san francisco downtown,http://www.tripadvisor.com/ShowUserReviews-g60713-d80977-r42312827-Motel_6_San_Francisco_Downtown-San_Francisco_California.html,895 geary street,san francisco,ca,USA,94109,-1,-1,17,3.0,2.8,3.3,2.0,2.4,0.0,2.7,
usa_san francisco_sheehan_hotel,sheehan hotel,http://www.tripadvisor.com/ShowUserReviews-g60713-d1160908-r39220435-Sheehan_Hotel-San_Francisco_California.html,620 sutter street (at mason),san francisco,ca,USA,94102,-1,-1,-1,0.0,0.0,0.0,0.0,0.0,0.0,-1.0,
usa_san francisco_alexander_inn,alexander inn,http://www.tripadvisor.com/ShowUserReviews-g60713-d80821-r32202656-Alexander_Inn-San_Francisco_California.html,415 o'farrell street,san francisco,ca,USA,94102,-1,-1,8,2.3333333333333335,1.6666666666666667,2.0,3.3333333333333335,1.6666666666666667,0.0,2.2,
usa_san francisco_star_motel,star motel,http://www.tripadvisor.com/ShowUserReviews-g60713-d81383-r12471036-Star_Motel-San_Francisco_California.html,1727 lombard street,san francisco,ca,USA,94123,-1,-1,10,4.0,3.5,4.0,4.25,3.75,0.0,3.9,
usa_san francisco_spaulding_hotel,spaulding hotel,http://www.tripadvisor.com/ShowUserReviews-g60713-d513122-r50532640-Spaulding_Hotel-San_Francisco_California.html,240 o' farrell st,san francisco,ca,USA,94102,-1,-1,55,2.6206896551724137,2.5172413793103448,2.5517241379310347,3.9310344827586206,2.7241379310344827,0.0,2.8689655172413793,
usa_san francisco_vantaggio_suites_jefferson_square,vantaggio suites jefferson square,http://www.tripadvisor.com/ShowUserReviews-g60713-d674036-r8668085-Vantaggio_Suites_Jefferson_Square-San_Francisco_California.html,835 turk street,san francisco,ca,USA,-1,-1,-1,2,4.5,4.0,4.0,4.5,4.5,0.0,4.3,
usa_san francisco_great_highway_motor_inn,great highway motor inn,http://www.tripadvisor.com/ShowUserReviews-g60713-d81007-r47703000-Great_Highway_Motor_Inn-San_Francisco_California.html,1234 great highway,san francisco,ca,USA,94122,-1,-1,15,3.5,3.625,3.25,4.0,3.5,0.0,3.575,
usa_san francisco_presidio_inn_suites,presidio inn suites,http://www.tripadvisor.com/ShowUserReviews-g60713-d80987-r49781230-Presidio_Inn_Suites-San_Francisco_California.html,2361 lombard street,san francisco,ca,USA,94123,-1,-1,31,2.411764705882353,2.3529411764705883,2.5294117647058822,3.588235294117647,2.411764705882353,0.0,2.658823529411765,
usa_san francisco_san_francisco_days_inn_downtown_civic_center_area,san francisco days inn downtown civic center area,http://www.tripadvisor.com/ShowUserReviews-g60713-d80753-r46980503-San_Francisco_Days_Inn_Downtown_Civic_Center_Area-San_Francisco_California.html,465 grove street,san francisco,ca,USA,94102,-1,-1,19,3.375,3.375,3.0,3.375,3.375,0.0,3.3,
usa_san francisco_foleys_inn,foleys inn,http://www.tripadvisor.com/ShowUserReviews-g60713-d80760-r4404223-Foleys_Inn-San_Francisco_California.html,235 o'farrell street,san francisco,ca,USA,94102,-1,-1,-1,0.0,0.0,0.0,0.0,0.0,0.0,-1.0,
usa_san francisco_biltmore_hotel,biltmore hotel,http://www.tripadvisor.com/ShowUserReviews-g60713-d119663-r1260254-Biltmore_Hotel-San_Francisco_California.html,735 taylor street,san francisco,ca,USA,94108,-1,-1,-1,0.0,0.0,0.0,0.0,0.0,0.0,-1.0,
usa_san francisco_super_8,super 8,http://www.tripadvisor.com/ShowUserReviews-g60713-d1587666-r50211640-Super_8-San_Francisco_California.html,415 o' farrell street,san francisco,ca,USA,94102,-1,-1,-1,0.0,0.0,0.0,0.0,0.0,0.0,-1.0,
usa_san francisco_country_hearth_inn_san_francisco,country hearth inn san francisco,http://www.tripadvisor.com/ShowUserReviews-g60713-d256730-r42262601-Country_Hearth_Inn_San_Francisco-San_Francisco_California.html,2707 lombard street,san francisco,ca,USA,94123,-1,-1,4,3.0,2.0,2.25,2.75,2.0,0.0,2.4,
usa_san francisco_renoir_hotel,renoir hotel,http://www.tripadvisor.com/ShowUserReviews-g60713-d80799-r50364869-Renoir_Hotel-San_Francisco_California.html,45 mcallister street,san francisco,ca,USA,94102,-1,-1,180,2.7901234567901234,2.3333333333333335,3.111111111111111,2.382716049382716,2.567901234567901,0.0,2.6370370370370373,
usa_san francisco_taylor_hotel,taylor hotel,http://www.tripadvisor.com/ShowUserReviews-g60713-d278862-r33629006-Taylor_Hotel-San_Francisco_California.html,615 taylor street,san francisco,ca,USA,94102,-1,-1,38,2.4,2.3,2.2,3.4,2.7,0.0,2.6,
usa_san francisco_olympic_hotel,olympic hotel,http://www.tripadvisor.com/ShowUserReviews-g60713-d224959-r8444002-Olympic_Hotel-San_Francisco_California.html,140 mason street,san francisco,ca,USA,94102,-1,-1,32,2.5,2.5,3.0,3.5,3.0,0.0,2.9,
usa_san francisco_americas_best_value_inn_suites_soma,americas best value inn suites soma,http://www.tripadvisor.com/ShowUserReviews-g60713-d288687-r47838114-Americas_Best_Value_Inn_Suites_SOMA-San_Francisco_California.html,10 hallam street,san francisco,ca,USA,94103,-1,-1,14,2.75,2.8333333333333335,2.6666666666666665,3.0833333333333335,3.1666666666666665,0.0,2.9,
usa_san francisco_alpha_inn_and_suites_san_francisco,alpha inn and suites san francisco,http://www.tripadvisor.com/ShowUserReviews-g60713-d80978-r48415681-Alpha_Inn_and_Suites_San_Francisco-San_Francisco_California.html,2505 lombard street,san francisco,ca,USA,94123,-1,-1,24,2.357142857142857,2.5714285714285716,2.7857142857142856,3.4285714285714284,2.5,0.0,2.7285714285714286,
usa_san francisco_pensione_international,pensione international,http://www.tripadvisor.com/ShowUserReviews-g60713-d119636-r8230516-Pensione_International-San_Francisco_California.html,875 post st,san francisco,ca,USA,94109,-1,-1,-1,0.0,0.0,0.0,0.0,0.0,0.0,-1.0,
usa_san francisco_sonoma_inn,sonoma inn,http://www.tripadvisor.com/ShowUserReviews-g60713-d81379-r7287787-Sonoma_Inn-San_Francisco_California.html,1485 bush street,san francisco,ca,USA,94109,-1,-1,7,2.5,2.5,3.5,3.5,3.0,0.0,3.0,
usa_san francisco_economy_inn_presidio,economy inn presidio,http://www.tripadvisor.com/ShowUserReviews-g60713-d570865-r34600468-Economy_Inn_Presidio-San_Francisco_California.html,1 richardson avenue,san francisco,ca,USA,94123,-1,-1,3,2.6666666666666665,3.0,2.0,2.0,2.0,0.0,2.333333333333333,
usa_san francisco_twin_peaks_hotel,twin peaks hotel,http://www.tripadvisor.com/ShowUserReviews-g60713-d603022-r46672880-Twin_Peaks_Hotel-San_Francisco_California.html,2160 market st,san francisco,ca,USA,94114,-1,-1,5,3.6666666666666665,3.0,4.333333333333333,4.666666666666667,4.666666666666667,0.0,4.066666666666667,
usa_san francisco_america_s_best_inn_san_francisco,america s best inn san francisco,http://www.tripadvisor.com/ShowUserReviews-g60713-d252811-r47671767-America_s_Best_Inn_San_Francisco-San_Francisco_California.html,2850 van ness avenue,san francisco,ca,USA,94109,-1,-1,22,2.5,2.357142857142857,2.5714285714285716,4.142857142857143,3.357142857142857,0.0,2.985714285714286,
usa_san francisco_ram_s_hotel,ram s hotel,http://www.tripadvisor.com/ShowUserReviews-g60713-d658566-r25509843-Ram_s_Hotel-San_Francisco_California.html,80 9th street,san francisco,ca,USA,94103,-1,-1,2,1.0,1.0,1.0,1.0,1.0,0.0,1.0,
usa_san francisco_days_inn_san_francisco_at_the_beach,days inn san francisco at the beach,http://www.tripadvisor.com/ShowUserReviews-g60713-d80963-r34038042-Days_Inn_San_Francisco_at_the_Beach-San_Francisco_California.html,2600 sloat boulevard,san francisco,ca,USA,94116,-1,-1,16,2.857142857142857,3.0,2.2857142857142856,3.4285714285714284,2.5714285714285716,0.0,2.8285714285714287,
usa_san francisco_ansonia_abby_hotel,ansonia abby hotel,http://www.tripadvisor.com/ShowUserReviews-g60713-d226814-r5956558-Ansonia_Abby_Hotel-San_Francisco_California.html,711 post st.,san francisco,ca,USA,94109,-1,-1,13,1.0,1.0,1.0,1.0,1.0,0.0,1.0,
usa_san francisco_surf_motel,surf motel,http://www.tripadvisor.com/ShowUserReviews-g60713-d291071-r26301502-Surf_Motel-San_Francisco_California.html,2265 lombard st.,san francisco,ca,USA,94123,-1,-1,13,2.6,2.2,2.4,3.6,2.8,0.0,2.7199999999999998,
usa_san francisco_encore_express_hotel,encore express hotel,http://www.tripadvisor.com/ShowUserReviews-g60713-d1134288-r48969083-Encore_Express_Hotel-San_Francisco_California.html,1353 bush street,san francisco,ca,USA,94109,-1,-1,20,2.7222222222222223,2.5555555555555554,2.3333333333333335,2.888888888888889,2.9444444444444446,0.0,2.688888888888889,
usa_san francisco_roberts_at_the_beach_motel,roberts at the beach motel,http://www.tripadvisor.com/ShowUserReviews-g60713-d119632-r45625534-Roberts_At_The_Beach_Motel-San_Francisco_California.html,2828 sloat blvd.,san francisco,ca,USA,94116,-1,-1,17,2.3333333333333335,2.0,2.1666666666666665,4.0,2.3333333333333335,0.0,2.566666666666667,
usa_san francisco_super_8_san_francisco_fisherman_s_wharf,super 8 san francisco fisherman s wharf,http://www.tripadvisor.com/ShowUserReviews-g60713-d80757-r46022241-Super_8_San_Francisco_Fisherman_s_Wharf-San_Francisco_California.html,2440 lombard street,san francisco,ca,USA,94123,-1,-1,25,3.0625,2.5,1.75,2.875,2.1875,0.0,2.475,
usa_san francisco_mission_inn,mission inn,http://www.tripadvisor.com/ShowUserReviews-g60713-d81150-r48887161-Mission_Inn-San_Francisco_California.html,5630 mission street,san francisco,ca,USA,94112,-1,-1,20,2.0,2.0833333333333335,2.3333333333333335,2.4166666666666665,2.1666666666666665,0.0,2.2,
usa_san francisco_harcourt_hotel,harcourt hotel,http://www.tripadvisor.com/ShowUserReviews-g60713-d565629-r21187698-Harcourt_Hotel-San_Francisco_California.html,1105 larkin st,san francisco,ca,USA,94109,-1,-1,5,2.5,2.0,3.0,3.0,3.0,0.0,2.7,
usa_san francisco_rodeway_inn_civic_center,rodeway inn civic center,http://www.tripadvisor.com/ShowUserReviews-g60713-d81256-r49358683-Rodeway_Inn_Civic_Center-San_Francisco_California.html,860 eddy street,san francisco,ca,USA,94109,-1,-1,27,2.388888888888889,2.2222222222222223,2.0,2.5,2.111111111111111,0.0,2.2444444444444445,
usa_san francisco_ramada_limited_san_francisco,ramada limited san francisco,http://www.tripadvisor.com/ShowUserReviews-g60713-d82105-r36487404-Ramada_Limited_San_Francisco-San_Francisco_California.html,1940 lombard street,san francisco,ca,USA,94123,-1,-1,35,2.375,2.1875,2.1875,3.1875,2.0,0.0,2.3875,
usa_san francisco_the_embassy_hotel,the embassy hotel,http://www.tripadvisor.com/ShowUserReviews-g60713-d80766-r47307062-The_Embassy_Hotel-San_Francisco_California.html,610 polk street,san francisco,ca,USA,94109,-1,-1,32,2.3333333333333335,2.066666666666667,2.466666666666667,1.8666666666666667,2.1333333333333333,0.0,2.1733333333333333,
usa_san francisco_abigail_hotel,abigail hotel,http://www.tripadvisor.com/ShowUserReviews-g60713-d113924-r48149638-Abigail_Hotel-San_Francisco_California.html,246 mcallister street,san francisco,ca,USA,94102,-1,-1,31,2.3,2.05,2.6,3.05,2.7,0.0,2.54,
usa_san francisco_bayside_inn_at_the_wharf_pacific_hotels,bayside inn at the wharf pacific hotels,http://www.tripadvisor.com/ShowUserReviews-g60713-d944406-r47231703-Bayside_Inn_at_the_Wharf_Pacific_Hotels-San_Francisco_California.html,1201 columbus ave,san francisco,ca,USA,94133,-1,-1,31,2.6153846153846154,2.4615384615384617,2.6153846153846154,4.538461538461538,3.0,0.0,3.046153846153846,
usa_san francisco_aida_hotel,aida hotel,http://www.tripadvisor.com/ShowUserReviews-g60713-d291689-r37251708-Aida_Hotel-San_Francisco_California.html,1087 market street,san francisco,ca,USA,94103,-1,-1,22,2.1176470588235294,1.8235294117647058,2.3529411764705883,2.411764705882353,1.9411764705882353,0.0,2.1294117647058823,
usa_san francisco_carl_hotel,carl hotel,http://www.tripadvisor.com/ShowUserReviews-g60713-d291220-r44272730-Carl_Hotel-San_Francisco_California.html,198 carl st,san francisco,ca,USA,94117,-1,-1,12,3.5,2.75,3.25,4.0,3.5,0.0,3.4,
usa_san francisco_americas_best_value_inn_suites_union_square,americas best value inn suites union square,http://www.tripadvisor.com/ShowUserReviews-g60713-d320147-r41739427-Americas_Best_Value_Inn_Suites_Union_Square-San_Francisco_California.html,505 o'farrell street,san francisco,ca,USA,94102,-1,-1,6,2.6666666666666665,2.6666666666666665,3.0,2.6666666666666665,2.6666666666666665,0.0,2.733333333333333,
usa_san francisco_mithila,mithila,http://www.tripadvisor.com/ShowUserReviews-g60713-d240893-r46368009-Mithila-San_Francisco_California.html,972 sutter street,san francisco,ca,USA,94109,-1,-1,66,2.090909090909091,1.8181818181818181,2.090909090909091,3.1818181818181817,2.212121212121212,0.0,2.278787878787879,
usa_san francisco_pontiac_hotel,pontiac hotel,http://www.tripadvisor.com/ShowUserReviews-g60713-d626656-r45340007-Pontiac_Hotel-San_Francisco_California.html,509 minna street,san francisco,ca,USA,94103,-1,-1,6,2.2,2.4,2.4,2.2,2.6,0.0,2.3600000000000003,
usa_san francisco_travelodge_central_san_francisco_hotel,travelodge central san francisco hotel,http://www.tripadvisor.com/ShowUserReviews-g60713-d1223830-r50186698-Travelodge_Central_San_Francisco_Hotel-San_Francisco_California.html,1707 market street,san francisco,ca,USA,94103,-1,-1,107,2.5161290322580645,2.1451612903225805,2.306451612903226,3.1774193548387095,2.4516129032258065,0.0,2.519354838709677,
usa_san francisco_oasis_inn,oasis inn,http://www.tripadvisor.com/ShowUserReviews-g60713-d81524-r49600540-Oasis_Inn-San_Francisco_California.html,900 franklin street,san francisco,ca,USA,94109,-1,-1,16,2.4444444444444446,2.3333333333333335,2.3333333333333335,2.6666666666666665,2.6666666666666665,0.0,2.488888888888889,
usa_san francisco_knights_inn_downtown_san_francisco,knights inn downtown san francisco,http://www.tripadvisor.com/ShowUserReviews-g60713-d81246-r47613456-Knights_Inn_Downtown_San_Francisco-San_Francisco_California.html,240 & 259 7th street,san francisco,ca,USA,94103,-1,-1,46,1.8214285714285714,1.6071428571428572,1.6428571428571428,2.2142857142857144,2.0,0.0,1.8571428571428572,
usa_san francisco_aldrich_hotel,aldrich hotel,http://www.tripadvisor.com/ShowUserReviews-g60713-d1015196-r20097956-Aldrich_Hotel-San_Francisco_California.html,439 jones st,san francisco,ca,USA,94102,-1,-1,3,1.0,1.0,1.6666666666666667,1.3333333333333333,1.0,0.0,1.2,
usa_san francisco_heritage_marina_hotel,heritage marina hotel,http://www.tripadvisor.com/ShowUserReviews-g60713-d81522-r50166235-Heritage_Marina_Hotel-San_Francisco_California.html,2550 van ness avenue,san francisco,ca,USA,94109,-1,-1,203,1.3739837398373984,1.3252032520325203,1.7804878048780488,3.2601626016260163,1.6585365853658536,0.0,1.8796747967479674,
usa_san francisco_verona,verona,http://www.tripadvisor.com/ShowUserReviews-g60713-d81526-r38382784-Verona-San_Francisco_California.html,317 leavenworth street,san francisco,ca,USA,94102,-1,-1,21,1.6428571428571428,1.5,2.142857142857143,1.8571428571428572,1.9285714285714286,0.0,1.8142857142857143,
usa_san francisco_beach_motel,beach motel,http://www.tripadvisor.com/ShowUserReviews-g60713-d549444-r48130410-Beach_Motel-San_Francisco_California.html,4211 judah st,san francisco,ca,USA,94122,-1,-1,10,1.8,1.6,1.4,2.0,1.4,0.0,1.6400000000000001,
usa_san francisco_civic_center_inn,civic center inn,http://www.tripadvisor.com/ShowUserReviews-g60713-d81487-r46898633-Civic_Center_Inn-San_Francisco_California.html,790 ellis st.,san francisco,ca,USA,94109,-1,-1,15,1.0,1.0,2.0,2.1666666666666665,1.0,0.0,1.4333333333333331,
