doc_id,hotel_name,hotel_url,street,city,state,country,zip,class,price,num_reviews,CLEANLINESS,ROOM,SERVICE,LOCATION,VALUE,COMFORT,overall_ratingsource
china_shanghai_st_regis_shanghai,st regis shanghai,http://www.tripadvisor.com/ShowUserReviews-g308272-d301769-r48829768-St_Regis_Shanghai-Shanghai.html,no.889 dongfang road  pudong new district,shanghai,-1,China,200122,-1,-1,52,4.875,4.875,4.7,3.75,4.5,0.0,4.54,
china_shanghai_pudong_shangri_la_shanghai,pudong shangri la shanghai,http://www.tripadvisor.com/ShowUserReviews-g308272-d307540-r48491123-Pudong_Shangri_La_Shanghai-Shanghai.html,no.33 fucheng road  pudongxin district,shanghai,-1,China,200120,-1,-1,137,4.744897959183674,4.530612244897959,4.448979591836735,4.479591836734694,4.071428571428571,0.0,4.455102040816326,
china_shanghai_jw_marriott_hotel_shanghai_at_tomorrow_square,jw marriott hotel shanghai at tomorrow square,http://www.tripadvisor.com/ShowUserReviews-g308272-d299747-r50555909-JW_Marriott_Hotel_Shanghai_at_Tomorrow_Square-Shanghai.html,no.399 nanjing west road  huangpu district,shanghai,-1,China,200003,-1,-1,104,4.735294117647059,4.5588235294117645,4.338235294117647,4.647058823529412,4.117647058823529,0.0,4.4794117647058815,
china_shanghai_the_eton_hotel,the eton hotel,http://www.tripadvisor.com/ShowUserReviews-g308272-d626309-r50248974-The_Eton_Hotel-Shanghai.html,no.535 pudong avenue  pudong new area,shanghai,-1,China,200120,-1,-1,84,4.757142857142857,4.628571428571429,4.271428571428571,3.3,4.485714285714286,0.0,4.288571428571428,
china_shanghai_jia_shanghai,jia shanghai,http://www.tripadvisor.com/ShowUserReviews-g308272-d678592-r48478869-JIA_Shanghai-Shanghai.html,no.931 nanjing west road  jing'an district,shanghai,-1,China,200041,-1,-1,31,4.769230769230769,4.923076923076923,4.1923076923076925,4.730769230769231,4.269230769230769,0.0,4.5769230769230775,
china_shanghai_the_puli_hotel_and_spa,the puli hotel and spa,http://www.tripadvisor.com/ShowUserReviews-g308272-d1200824-r49600633-The_Puli_Hotel_and_Spa-Shanghai.html,no.1600 nanjing west road,shanghai,-1,China,200040,-1,-1,12,4.7272727272727275,4.636363636363637,4.363636363636363,4.090909090909091,4.454545454545454,0.0,4.454545454545454,
china_shanghai_le_royal_meridien_shanghai,le royal meridien shanghai,http://www.tripadvisor.com/ShowUserReviews-g308272-d578903-r50390352-Le_Royal_Meridien_Shanghai-Shanghai.html,no.789 nanjing east road,shanghai,-1,China,200001,-1,-1,222,4.595744680851064,4.446808510638298,4.122340425531915,4.792553191489362,4.026595744680851,0.0,4.396808510638297,
china_shanghai_grand_hyatt_shanghai,grand hyatt shanghai,http://www.tripadvisor.com/ShowUserReviews-g308272-d302999-r50003805-Grand_Hyatt_Shanghai-Shanghai.html,no.88 century avenue  pudong new area,shanghai,-1,China,200121,-1,-1,163,4.6,4.504761904761905,4.276190476190476,4.295238095238095,3.8190476190476192,0.0,4.299047619047618,
china_shanghai_radisson_hotel_shanghai_new_world,radisson hotel shanghai new world,http://www.tripadvisor.com/ShowUserReviews-g308272-d575893-r49376663-Radisson_Hotel_Shanghai_New_World-Shanghai.html,no.88 nanjing road west  huangpu district ,shanghai,-1,China,200003,-1,-1,135,4.384615384615385,4.269230769230769,4.153846153846154,4.711538461538462,4.009615384615385,0.0,4.305769230769232,
china_shanghai_hyatt_on_the_bund,hyatt on the bund,http://www.tripadvisor.com/ShowUserReviews-g308272-d650265-r50313766-Hyatt_on_the_Bund-Shanghai.html,199 huangpu road,shanghai,-1,China,200080,-1,-1,50,4.787234042553192,4.51063829787234,4.51063829787234,3.574468085106383,4.0,0.0,4.276595744680851,
china_shanghai_urbn_hotel,urbn hotel,http://www.tripadvisor.com/ShowUserReviews-g308272-d814849-r49230654-URBN_Hotel-Shanghai.html,no.183 jiaozhou road  jing'an district,shanghai,-1,China,200040,-1,-1,54,4.604166666666667,4.541666666666667,4.458333333333333,4.25,4.229166666666667,0.0,4.416666666666667,
china_shanghai_howard_johnson_huaihai_hotel,howard johnson huaihai hotel,http://www.tripadvisor.com/ShowUserReviews-g308272-d897176-r48243412-Howard_Johnson_Huaihai_Hotel-Shanghai.html,no.1 fenyang road  xuhui district,shanghai,-1,China,200031,-1,-1,14,4.857142857142857,4.571428571428571,4.571428571428571,4.642857142857143,4.5,0.0,4.628571428571428,
china_shanghai_renaissance_shanghai_yuyuan_hotel,renaissance shanghai yuyuan hotel,http://www.tripadvisor.com/ShowUserReviews-g308272-d657874-r50538672-Renaissance_Shanghai_Yuyuan_Hotel-Shanghai.html,no.159 henan south road,shanghai,-1,China,200010,-1,-1,54,4.755102040816326,4.591836734693878,4.346938775510204,3.673469387755102,4.142857142857143,0.0,4.302040816326531,
china_shanghai_the_westin_bund_center,the westin bund center,http://www.tripadvisor.com/ShowUserReviews-g308272-d301757-r50406985-The_Westin_Bund_Center-Shanghai.html,no.88 henan central road  bund center  huangpu district,shanghai,-1,China,200002,-1,-1,131,4.629213483146067,4.46067415730337,4.269662921348314,4.292134831460674,3.865168539325843,0.0,4.303370786516854,
china_shanghai_the_longemont_shanghai,the longemont shanghai,http://www.tripadvisor.com/ShowUserReviews-g308272-d588816-r48245349-The_Longemont_Shanghai-Shanghai.html,no.1116 yan'an west road  changning district,shanghai,-1,China,200052,-1,-1,50,4.318181818181818,4.295454545454546,4.090909090909091,3.340909090909091,4.295454545454546,0.0,4.068181818181818,
china_shanghai_park_hyatt_shanghai,park hyatt shanghai,http://www.tripadvisor.com/ShowUserReviews-g308272-d1158822-r50299430-Park_Hyatt_Shanghai-Shanghai.html,no.100 century avenue  pudong new district,shanghai,-1,China,200120,-1,-1,28,4.833333333333333,4.777777777777778,4.5,4.055555555555555,4.055555555555555,0.0,4.444444444444444,
china_shanghai_intercontinental_shanghai_pudong,intercontinental shanghai pudong,http://www.tripadvisor.com/ShowUserReviews-g308272-d307504-r49985014-InterContinental_Shanghai_Pudong-Shanghai.html,no.777 zhangyang road  pudong district,shanghai,-1,China,200120,-1,-1,49,4.372093023255814,4.232558139534884,4.069767441860465,3.744186046511628,3.86046511627907,0.0,4.055813953488372,
china_shanghai_88_xintiandi_executive_residence,88 xintiandi executive residence,http://www.tripadvisor.com/ShowUserReviews-g308272-d308217-r50004485-88_Xintiandi_Executive_Residence-Shanghai.html,no.380 huangpi south road,shanghai,-1,China,200021,-1,-1,24,4.933333333333334,4.933333333333334,4.666666666666667,4.933333333333334,4.266666666666667,0.0,4.746666666666667,
china_shanghai_holiday_inn_express_wujiaochang,holiday inn express wujiaochang,http://www.tripadvisor.com/ShowUserReviews-g308272-d875083-r50485365-Holiday_Inn_Express_Wujiaochang-Shanghai.html,no.1729 huang xing road,shanghai,-1,China,200433,-1,-1,6,4.666666666666667,4.5,4.0,3.5,5.0,0.0,4.333333333333334,
china_shanghai_portman_ritz_carlton_shanghai,portman ritz carlton shanghai,http://www.tripadvisor.com/ShowUserReviews-g308272-d302253-r50308128-Portman_Ritz_Carlton_Shanghai-Shanghai.html,no.1376 nanjing west road  jing'an district,shanghai,-1,China,200040,-1,-1,95,4.554054054054054,4.27027027027027,4.094594594594595,4.243243243243243,3.8783783783783785,0.0,4.208108108108108,
china_shanghai_okura_garden_hotel_shanghai,okura garden hotel shanghai,http://www.tripadvisor.com/ShowUserReviews-g308272-d301722-r46847527-Okura_Garden_Hotel_Shanghai-Shanghai.html,no.58 maoming south road,shanghai,-1,China,200020,-1,-1,41,4.472222222222222,3.9166666666666665,4.194444444444445,4.361111111111111,3.5277777777777777,0.0,4.094444444444444,
china_shanghai_holiday_inn_vista_shanghai,holiday inn vista shanghai,http://www.tripadvisor.com/ShowUserReviews-g308272-d307426-r49330815-Holiday_Inn_Vista_Shanghai-Shanghai.html,no.700 chang shou road,shanghai,-1,China,200060,-1,-1,46,4.3125,4.3125,3.9375,3.28125,4.0625,0.0,3.98125,
china_shanghai_new_harbour_serviced_apartments,new harbour serviced apartments,http://www.tripadvisor.com/ShowUserReviews-g308272-d501436-r49750120-New_Harbour_Serviced_Apartments-Shanghai.html,no.88 yongshou road  huangpu district,shanghai,-1,China,200021,-1,-1,106,4.085365853658536,3.902439024390244,3.5853658536585367,4.353658536585366,4.365853658536586,0.0,4.058536585365854,
china_shanghai_pudi_boutique_hotel,pudi boutique hotel,http://www.tripadvisor.com/ShowUserReviews-g308272-d618936-r47745162-Pudi_Boutique_Hotel-Shanghai.html,no.99 yandang road,shanghai,-1,China,200020,-1,-1,28,4.615384615384615,4.576923076923077,4.346153846153846,4.423076923076923,4.1923076923076925,0.0,4.430769230769231,
china_shanghai_four_seasons_hotel_shanghai,four seasons hotel shanghai,http://www.tripadvisor.com/ShowUserReviews-g308272-d301896-r49868572-Four_Seasons_Hotel_Shanghai-Shanghai.html,no.500 weihai road,shanghai,-1,China,200041,-1,-1,76,4.813953488372093,4.162790697674419,4.372093023255814,4.093023255813954,3.883720930232558,0.0,4.265116279069767,
china_shanghai_sheraton_shanghai_hotel_residences_pudong,sheraton shanghai hotel residences pudong,http://www.tripadvisor.com/ShowUserReviews-g308272-d648151-r50384757-Sheraton_Shanghai_Hotel_Residences_Pudong-Shanghai.html,no.38 pujian road  pudong shanghai,shanghai,-1,China,200127,-1,-1,32,4.678571428571429,4.464285714285714,4.0,3.1785714285714284,3.8214285714285716,0.0,4.0285714285714285,
china_shanghai_gallery_suites,gallery suites,http://www.tripadvisor.com/ShowUserReviews-g308272-d1443118-r49783254-Gallery_Suites-Shanghai.html,no.525 hengshan road,shanghai,-1,China,200030,-1,-1,7,4.714285714285714,4.428571428571429,4.428571428571429,4.571428571428571,4.571428571428571,0.0,4.542857142857143,
china_shanghai_millennium_hongqiao_hotel_shanghai,millennium hongqiao hotel shanghai,http://www.tripadvisor.com/ShowUserReviews-g308272-d613796-r50127705-Millennium_Hongqiao_Hotel_Shanghai-Shanghai.html,no 2588 yan an west road,shanghai,-1,China,201103,-1,-1,21,4.7,4.5,4.25,3.15,4.25,0.0,4.17,
china_shanghai_san_want_hotel,san want hotel,http://www.tripadvisor.com/ShowUserReviews-g308272-d1159688-r50034973-San_Want_Hotel-Shanghai.html,no.650 yishan road  xuhui district ,shanghai,-1,China,201103,-1,-1,6,3.5,3.6666666666666665,3.8333333333333335,2.0,3.8333333333333335,0.0,3.366666666666667,
china_shanghai_pullman_shanghai_skyway_hotel,pullman shanghai skyway hotel,http://www.tripadvisor.com/ShowUserReviews-g308272-d630096-r48481633-Pullman_Shanghai_Skyway_Hotel-Shanghai.html,no.15 dapu road  luwan district,shanghai,-1,China,200023,-1,-1,25,4.666666666666667,4.333333333333333,4.166666666666667,4.166666666666667,4.083333333333333,0.0,4.283333333333333,
china_shanghai_peninsula_shanghai,peninsula shanghai,http://www.tripadvisor.com/ShowUserReviews-g308272-d1461776-r50390112-Peninsula_Shanghai-Shanghai.html,no.32 zhongshan east first road,shanghai,-1,China,200002,-1,-1,7,4.6,4.4,2.8,3.8,3.0,0.0,3.72,
china_shanghai_hilton_shanghai,hilton shanghai,http://www.tripadvisor.com/ShowUserReviews-g308272-d300597-r49291141-Hilton_Shanghai-Shanghai.html,no.250 huashan road  jing'an district,shanghai,-1,China,200040,-1,-1,96,4.325581395348837,3.813953488372093,4.162790697674419,3.953488372093023,3.7209302325581395,0.0,3.995348837209302,
china_shanghai_sofitel_shanghai_hyland,sofitel shanghai hyland,http://www.tripadvisor.com/ShowUserReviews-g308272-d299549-r50486211-Sofitel_Shanghai_Hyland-Shanghai.html,no.505 nanjing east road  huangpu district,shanghai,-1,China,200001,-1,-1,125,4.3052631578947365,4.0,4.094736842105263,4.705263157894737,3.8526315789473684,0.0,4.191578947368421,
china_shanghai_asset_hotel_shanghai,asset hotel shanghai,http://www.tripadvisor.com/ShowUserReviews-g308272-d607462-r50261475-Asset_Hotel_Shanghai-Shanghai.html,no.590 wanping south road  xuhui district,shanghai,-1,China,200030,-1,-1,51,4.061224489795919,3.938775510204082,4.224489795918367,3.4489795918367347,4.510204081632653,0.0,4.036734693877551,
china_shanghai_central_hotel_shanghai,central hotel shanghai,http://www.tripadvisor.com/ShowUserReviews-g308272-d302998-r50204201-Central_Hotel_Shanghai-Shanghai.html,no.555 jiujiang road,shanghai,-1,China,200001,-1,-1,58,4.4,4.088888888888889,3.911111111111111,4.822222222222222,4.044444444444444,0.0,4.253333333333333,
china_shanghai_howard_johnson_plaza_hotel_shanghai,howard johnson plaza hotel shanghai,http://www.tripadvisor.com/ShowUserReviews-g308272-d301027-r48958536-Howard_Johnson_Plaza_Hotel_Shanghai-Shanghai.html,no.595 jiujiang road,shanghai,-1,China,200001,-1,-1,37,4.391304347826087,4.130434782608695,4.043478260869565,4.6521739130434785,4.043478260869565,0.0,4.252173913043478,
china_shanghai_howard_johnson_business_club_hotel_shanghai,howard johnson business club hotel shanghai,http://www.tripadvisor.com/ShowUserReviews-g308272-d1235848-r44912224-Howard_Johnson_Business_Club_Hotel_Shanghai-Shanghai.html,no.118 shimen yi road  jing'an district,shanghai,-1,China,200041,-1,-1,8,4.5,4.125,3.625,3.75,4.125,0.0,4.025,
china_shanghai_marriott_executive_apartments_pudong_shanghai,marriott executive apartments pudong shanghai,http://www.tripadvisor.com/ShowUserReviews-g308272-d621877-r35642199-Marriott_Executive_Apartments_Pudong_Shanghai-Shanghai.html,no.506 shang cheng road  pudong,shanghai,-1,China,200120,-1,-1,4,5.0,5.0,4.75,4.75,4.25,0.0,4.75,
china_shanghai_renaissance_shanghai_pudong,renaissance shanghai pudong,http://www.tripadvisor.com/ShowUserReviews-g308272-d299748-r49456149-Renaissance_Shanghai_Pudong-Shanghai.html,no.100 changliu road  pudong new district,shanghai,-1,China,200134,-1,-1,40,4.708333333333333,4.5,4.291666666666667,3.2916666666666665,4.083333333333333,0.0,4.175,
china_shanghai_citadines_apart_hotel_jinqiao,citadines apart hotel jinqiao,http://www.tripadvisor.com/ShowUserReviews-g308272-d630989-r49159404-Citadines_Apart_Hotel_Jinqiao-Shanghai.html,no.55 beijing west road  huangpu district,shanghai,-1,China,200003,-1,-1,27,4.0,3.909090909090909,3.5,4.318181818181818,4.181818181818182,0.0,3.9818181818181815,
china_shanghai_hotel_carolina,hotel carolina,http://www.tripadvisor.com/ShowUserReviews-g308272-d754374-r50261857-Hotel_Carolina-Shanghai.html,no.643 xinhua road  changning district,shanghai,-1,China,200052,-1,-1,5,4.75,4.5,4.75,3.75,4.75,0.0,4.5,
china_shanghai_shanghai_jc_mandarin,shanghai jc mandarin,http://www.tripadvisor.com/ShowUserReviews-g308272-d307551-r49660229-Shanghai_JC_Mandarin-Shanghai.html,no.1225 nanjing west road  jing'an district,shanghai,-1,China,200040,-1,-1,59,3.6511627906976742,3.627906976744186,3.6511627906976742,4.3023255813953485,3.744186046511628,0.0,3.7953488372093025,
china_shanghai_jin_jiang_hotel,jin jiang hotel,http://www.tripadvisor.com/ShowUserReviews-g308272-d303013-r48298104-Jin_Jiang_Hotel-Shanghai.html,no.59 maoming south road  luwan district,shanghai,-1,China,200020,-1,-1,48,3.7837837837837838,3.7567567567567566,3.2972972972972974,4.162162162162162,3.5675675675675675,0.0,3.713513513513513,
china_shanghai_radisson_plaza_xing_guo,radisson plaza xing guo,http://www.tripadvisor.com/ShowUserReviews-g308272-d306490-r49471124-Radisson_Plaza_Xing_Guo-Shanghai.html,no.78 xingguo road,shanghai,-1,China,200052,-1,-1,23,4.529411764705882,4.117647058823529,4.0588235294117645,3.7058823529411766,4.0588235294117645,0.0,4.094117647058823,
china_shanghai_salvo_hotel_zhongfu_shifuhui,salvo hotel zhongfu shifuhui,http://www.tripadvisor.com/ShowUserReviews-g308272-d567162-r48372214-Salvo_Hotel_Zhongfu_Shifuhui-Shanghai.html,no.339 guangdong road  huangpu district,shanghai,-1,China,200001,-1,-1,39,4.03030303030303,3.8181818181818183,3.6363636363636362,4.303030303030303,3.6363636363636362,0.0,3.8848484848484843,
china_shanghai_city_hotel_shanghai,city hotel shanghai,http://www.tripadvisor.com/ShowUserReviews-g308272-d307391-r46498559-City_Hotel_Shanghai-Shanghai.html,no.5-7 shanxi south road  luwang district,shanghai,-1,China,200020,-1,-1,22,4.0,3.642857142857143,3.7857142857142856,4.5,3.7857142857142856,0.0,3.942857142857143,
china_shanghai_oriental_riverside_hotel,oriental riverside hotel,http://www.tripadvisor.com/ShowUserReviews-g308272-d306489-r50007061-Oriental_Riverside_Hotel-Shanghai.html,no.2727 riverside avenue  pudong,shanghai,-1,China,200120,-1,-1,27,4.052631578947368,3.789473684210526,3.263157894736842,4.2631578947368425,3.5789473684210527,0.0,3.789473684210526,
china_shanghai_shanghai_ever_sunshine_hotel,shanghai ever sunshine hotel,http://www.tripadvisor.com/ShowUserReviews-g308272-d673849-r47169085-Shanghai_Ever_Sunshine_Hotel-Shanghai.html,no.1436 south pudong road,shanghai,-1,China,200122,-1,-1,5,4.6,4.4,3.8,3.4,4.4,0.0,4.12,
china_shanghai_courtyard_shanghai_xujiahui,courtyard shanghai xujiahui,http://www.tripadvisor.com/ShowUserReviews-g308272-d1235768-r49991763-Courtyard_Shanghai_Xujiahui-Shanghai.html,no.100 hongqiao road  xujiahui commercial area,shanghai,-1,China,200030,-1,-1,10,4.888888888888889,4.0,4.333333333333333,4.0,4.111111111111111,0.0,4.266666666666667,
china_shanghai_hotel_equatorial_shanghai,hotel equatorial shanghai,http://www.tripadvisor.com/ShowUserReviews-g308272-d561838-r49352771-Hotel_Equatorial_Shanghai-Shanghai.html,no.65 yan'an west road  jing'an district,shanghai,-1,China,200040,-1,-1,35,4.190476190476191,3.9523809523809526,3.7142857142857144,3.8095238095238093,3.761904761904762,0.0,3.8857142857142852,
china_shanghai_regal_shanghai_east_asia_hotel,regal shanghai east asia hotel,http://www.tripadvisor.com/ShowUserReviews-g308272-d302183-r46230030-Regal_Shanghai_East_Asia_Hotel-Shanghai.html,no.800 lingling road  xuhui district,shanghai,-1,China,200030,-1,-1,21,4.470588235294118,4.0588235294117645,4.235294117647059,3.4705882352941178,4.470588235294118,0.0,4.141176470588235,
china_shanghai_ruijin_hotel,ruijin hotel,http://www.tripadvisor.com/ShowUserReviews-g308272-d309509-r46528417-Ruijin_Hotel-Shanghai.html,118 ruijin er lu,shanghai,-1,China,200020,-1,-1,36,3.761904761904762,4.095238095238095,3.6666666666666665,4.571428571428571,3.857142857142857,0.0,3.9904761904761905,
china_shanghai_ketangjian_boutique_hotel_yongjia_road,ketangjian boutique hotel yongjia road,http://www.tripadvisor.com/ShowUserReviews-g308272-d1516815-r40622830-KeTangJian_Boutique_Hotel_Yongjia_Road-Shanghai.html,no.335 yongjia road,shanghai,-1,China,200031,-1,-1,2,5.0,5.0,5.0,4.5,4.0,0.0,4.7,
china_shanghai_four_points_by_sheraton_shanghai_daning,four points by sheraton shanghai daning,http://www.tripadvisor.com/ShowUserReviews-g308272-d639049-r49396851-Four_Points_by_Sheraton_Shanghai_Daning-Shanghai.html,no.1928 gonghexin road  zhabei district,shanghai,-1,China,200072,-1,-1,27,4.423076923076923,4.384615384615385,4.038461538461538,3.4615384615384617,3.8461538461538463,0.0,4.030769230769231,
china_shanghai_donghu_guest_house,donghu guest house,http://www.tripadvisor.com/ShowUserReviews-g308272-d634967-r49974658-Donghu_Guest_House-Shanghai.html,no.70 donghu road  xuhui district,shanghai,-1,China,200431,-1,-1,26,3.789473684210526,3.789473684210526,3.789473684210526,4.421052631578948,4.052631578947368,0.0,3.968421052631579,
china_shanghai_hotel_yun_s_paradise,hotel yun s paradise,http://www.tripadvisor.com/ShowUserReviews-g308272-d1019164-r50162487-Hotel_Yun_s_Paradise-Shanghai.html,no.789 fuxing east road  huangpu district,shanghai,-1,China,-1,-1,-1,10,4.2,4.1,3.7,4.0,4.3,0.0,4.0600000000000005,
china_shanghai_ramada_plaza_pudong,ramada plaza pudong,http://www.tripadvisor.com/ShowUserReviews-g308272-d307544-r50317278-Ramada_Plaza_Pudong-Shanghai.html,no.18 xinjinqiao road  jinqiao export processing zone  pudong,shanghai,-1,China,201206,-1,-1,17,4.3076923076923075,4.153846153846154,4.0,3.5384615384615383,4.0,0.0,4.0,
china_shanghai_shanghai_julu_garden_villa,shanghai julu garden villa,http://www.tripadvisor.com/ShowUserReviews-g308272-d1412288-r48549250-Shanghai_Julu_Garden_Villa-Shanghai.html,no.889 julu road  jing'an district,shanghai,-1,China,200040,-1,-1,2,5.0,4.5,4.5,4.0,4.0,0.0,4.4,
china_shanghai_sheraton_shanghai_hongqiao_hotel,sheraton shanghai hongqiao hotel,http://www.tripadvisor.com/ShowUserReviews-g308272-d301766-r39991871-Sheraton_Shanghai_Hongqiao_Hotel-Shanghai.html,no.5 zunyi south road  (formerly sheraton grand tai ping yang),shanghai,-1,China,200336,-1,-1,34,4.153846153846154,3.6923076923076925,3.730769230769231,3.230769230769231,3.5,0.0,3.6615384615384614,
china_shanghai_jinjiang_inn_shanghai_new_hongqiao,jinjiang inn shanghai new hongqiao,http://www.tripadvisor.com/ShowUserReviews-g308272-d1050808-r48798573-Jinjiang_Inn_Shanghai_New_Hongqiao-Shanghai.html,no.259 wuzhong road  xuhui district,shanghai,-1,China,201103,-1,-1,-1,0.0,0.0,0.0,0.0,0.0,0.0,-1.0,
china_shanghai_holiday_inn_pudong_hotel,holiday inn pudong hotel,http://www.tripadvisor.com/ShowUserReviews-g308272-d307423-r50248190-Holiday_Inn_Pudong_Hotel-Shanghai.html,no.899 dongfang road  pudong,shanghai,-1,China,200122,-1,-1,26,4.3478260869565215,4.173913043478261,4.0,3.4782608695652173,3.9130434782608696,0.0,3.9826086956521736,
china_shanghai_novotel_atlantis_shanghai,novotel atlantis shanghai,http://www.tripadvisor.com/ShowUserReviews-g308272-d299582-r49997252-Novotel_Atlantis_Shanghai-Shanghai.html,no.728 pudong avenue,shanghai,-1,China,200120,-1,-1,31,4.375,3.9166666666666665,3.875,3.0416666666666665,4.083333333333333,0.0,3.858333333333333,
china_shanghai_sky_fortune_boutique_hotel,sky fortune boutique hotel,http://www.tripadvisor.com/ShowUserReviews-g308272-d651239-r34917134-Sky_Fortune_Boutique_Hotel-Shanghai.html,no.358 hongxu road  minhang district,shanghai,-1,China,201103,-1,-1,3,3.3333333333333335,3.3333333333333335,3.3333333333333335,3.0,3.0,0.0,3.2,
china_shanghai_hong_qiao_state_guest_hotel,hong qiao state guest hotel,http://www.tripadvisor.com/ShowUserReviews-g308272-d307500-r49224328-Hong_Qiao_State_Guest_Hotel-Shanghai.html,no.1591 hongqiao road  changning district,shanghai,-1,China,200085,-1,-1,7,4.666666666666667,4.166666666666667,4.166666666666667,3.6666666666666665,4.5,0.0,4.233333333333334,
china_shanghai_motel_168_shanghai_pudong_airport,motel 168 shanghai pudong airport,http://www.tripadvisor.com/ShowUserReviews-g308272-d1409687-r46641427-Motel_168_Shanghai_Pudong_Airport-Shanghai.html,no.6001 yingbin avenue  pudong new area,shanghai,-1,China,201202,-1,-1,6,3.8333333333333335,3.6666666666666665,4.0,5.0,4.666666666666667,0.0,4.233333333333333,
china_shanghai_holiday_inn_express_shanghai_jinqiao,holiday inn express shanghai jinqiao,http://www.tripadvisor.com/ShowUserReviews-g308272-d1197127-r49856911-Holiday_Inn_Express_Shanghai_Jinqiao-Shanghai.html,no.279 jufeng road  pudong new district,shanghai,-1,China,200129,-1,-1,9,4.666666666666667,4.0,4.111111111111111,3.2222222222222223,4.555555555555555,0.0,4.111111111111112,
china_shanghai_crowne_plaza_century_park_shanghai,crowne plaza century park shanghai,http://www.tripadvisor.com/ShowUserReviews-g308272-d1119238-r49613647-Crowne_Plaza_Century_Park_Shanghai-Shanghai.html,no.1433 minsheng road  pudong new district,shanghai,-1,China,200135,-1,-1,12,4.666666666666667,4.083333333333333,4.333333333333333,3.5833333333333335,4.166666666666667,0.0,4.166666666666666,
china_shanghai_jin_jiang_tower_hotel,jin jiang tower hotel,http://www.tripadvisor.com/ShowUserReviews-g308272-d307505-r48162683-Jin_Jiang_Tower_Hotel-Shanghai.html,no.161 changle road  luwan district,shanghai,-1,China,200020,-1,-1,35,3.6296296296296298,3.6296296296296298,3.2962962962962963,4.0,3.4814814814814814,0.0,3.6074074074074076,
china_shanghai_renaissance_shanghai_zhongshan_park_hotel,renaissance shanghai zhongshan park hotel,http://www.tripadvisor.com/ShowUserReviews-g308272-d677593-r49517685-Renaissance_Shanghai_Zhongshan_Park_Hotel-Shanghai.html,no.1018 changning road,shanghai,-1,China,200042,-1,-1,14,4.714285714285714,4.357142857142857,3.7857142857142856,3.9285714285714284,3.9285714285714284,0.0,4.142857142857142,
china_shanghai_crowne_plaza_shanghai,crowne plaza shanghai,http://www.tripadvisor.com/ShowUserReviews-g308272-d307396-r48183528-Crowne_Plaza_Shanghai-Shanghai.html,no.400 panyu road  changning district,shanghai,-1,China,200052,-1,-1,25,4.2,3.85,3.9,3.3,3.6,0.0,3.7699999999999996,
china_shanghai_radisson_hotel_pudong_century_park,radisson hotel pudong century park,http://www.tripadvisor.com/ShowUserReviews-g308272-d604551-r48040494-Radisson_Hotel_Pudong_Century_Park-Shanghai.html,no.1199 ying chun rd  pudong,shanghai,-1,China,200135,-1,-1,17,4.352941176470588,4.352941176470588,4.235294117647059,3.823529411764706,4.176470588235294,0.0,4.188235294117647,
china_shanghai_courtyard_by_marriott_shanghai_pudong,courtyard by marriott shanghai pudong,http://www.tripadvisor.com/ShowUserReviews-g308272-d299746-r50191027-Courtyard_by_Marriott_Shanghai_Pudong-Shanghai.html,no.838 dongfang road,shanghai,-1,China,200122,-1,-1,28,4.318181818181818,3.8636363636363638,4.090909090909091,3.409090909090909,3.772727272727273,0.0,3.8909090909090907,
china_shanghai_purple_mountain_hotel,purple mountain hotel,http://www.tripadvisor.com/ShowUserReviews-g308272-d455551-r35517734-Purple_Mountain_Hotel-Shanghai.html,no.778 dongfang road  pudong new area,shanghai,-1,China,200122,-1,-1,18,4.4,4.2,3.9,4.1,3.9,0.0,4.1,
china_shanghai_jinjiang_inn_shanghai_wanping_south_road,jinjiang inn shanghai wanping south road,http://www.tripadvisor.com/ShowUserReviews-g308272-d1310733-r47542690-Jinjiang_Inn_Shanghai_Wanping_South_Road-Shanghai.html,no.404 wanping south road  xuhui district,shanghai,-1,China,200030,-1,-1,-1,0.0,0.0,0.0,0.0,0.0,0.0,-1.0,
china_shanghai_mayfair_hotel_shanghai,mayfair hotel shanghai,http://www.tripadvisor.com/ShowUserReviews-g308272-d307516-r38807828-Mayfair_Hotel_Shanghai-Shanghai.html,no.1555 dingxi road  changning district,shanghai,-1,China,200085,-1,-1,39,4.2727272727272725,3.909090909090909,3.8181818181818183,3.878787878787879,3.787878787878788,0.0,3.9333333333333336,
china_shanghai_hua_ting_hotel_towers,hua ting hotel towers,http://www.tripadvisor.com/ShowUserReviews-g308272-d304484-r49518501-Hua_Ting_Hotel_Towers-Shanghai.html,no.1200 caoxi north road   xuhui district,shanghai,-1,China,200030,-1,-1,33,3.9166666666666665,3.625,3.8333333333333335,3.375,3.625,0.0,3.675,
china_shanghai_jinjiang_inn_shanghai_hami_road,jinjiang inn shanghai hami road,http://www.tripadvisor.com/ShowUserReviews-g308272-d1459281-r34107573-Jinjiang_Inn_Shanghai_Hami_Road-Shanghai.html,no.1358 hami road  changning district,shanghai,-1,China,200335,-1,-1,-1,0.0,0.0,0.0,0.0,0.0,0.0,-1.0,
china_shanghai_grand_central_hotel_shanghai,grand central hotel shanghai,http://www.tripadvisor.com/ShowUserReviews-g308272-d1478708-r48878346-Grand_Central_Hotel_Shanghai-Shanghai.html,no.505 jiujiang road,shanghai,-1,China,200001,-1,-1,1,5.0,5.0,5.0,5.0,5.0,0.0,5.0,
china_shanghai_home_inn_shanghai_songjiang_fangzhou,home inn shanghai songjiang fangzhou,http://www.tripadvisor.com/ShowUserReviews-g308272-d615043-r46355217-Home_Inn_Shanghai_Songjiang_Fangzhou-Shanghai.html,no.282 lane 12  rongle middle roa  songjiang district,shanghai,-1,China,201600,-1,-1,-1,0.0,0.0,0.0,0.0,0.0,0.0,-1.0,
china_shanghai_ramada_pudong_airport_hotel,ramada pudong airport hotel,http://www.tripadvisor.com/ShowUserReviews-g308272-d1200026-r48336125-Ramada_Pudong_Airport_Hotel-Shanghai.html,no.1100 qihang road  pudong airport,shanghai,-1,China,201202,-1,-1,22,3.625,3.4375,3.125,4.0625,3.0,0.0,3.45,
china_shanghai_swissotel_grand_shanghai,swissotel grand shanghai,http://www.tripadvisor.com/ShowUserReviews-g308272-d1021906-r50248715-Swissotel_Grand_Shanghai-Shanghai.html,no.1 yuyuan road  jing'an district,shanghai,-1,China,200040,-1,-1,36,4.290322580645161,4.032258064516129,3.6129032258064515,4.290322580645161,3.870967741935484,0.0,4.019354838709677,
china_shanghai_renaissance_yangtze_hotel,renaissance yangtze hotel,http://www.tripadvisor.com/ShowUserReviews-g308272-d299749-r50249203-Renaissance_Yangtze_Hotel-Shanghai.html,no.2099 yan'an west road  changning district,shanghai,-1,China,200336,-1,-1,23,4.3125,4.1875,4.5625,3.75,3.625,0.0,4.0875,
china_shanghai_jinjiang_inn_shanghai_fengxian_nanqiao,jinjiang inn shanghai fengxian nanqiao,http://www.tripadvisor.com/ShowUserReviews-g308272-d1447129-r45908095-Jinjiang_Inn_Shanghai_Fengxian_Nanqiao-Shanghai.html,no.5499 hang'nan road  nanqiao town  fengxian district,shanghai,-1,China,201400,-1,-1,1,5.0,4.0,5.0,5.0,5.0,0.0,4.8,
china_shanghai_ruitai_jingan_hotel,ruitai jingan hotel,http://www.tripadvisor.com/ShowUserReviews-g308272-d307513-r34367710-Ruitai_Jingan_Hotel-Shanghai.html,no.178 taixing road  jing'an district,shanghai,-1,China,200041,-1,-1,19,3.823529411764706,3.5294117647058822,3.4705882352941178,4.352941176470588,3.9411764705882355,0.0,3.8235294117647056,
china_shanghai_jinjiang_inn_shanghai_the_bund,jinjiang inn shanghai the bund,http://www.tripadvisor.com/ShowUserReviews-g308272-d1050793-r39668898-Jinjiang_Inn_Shanghai_The_Bund-Shanghai.html,no.33 fujian south road  huangpu district,shanghai,-1,China,200002,-1,-1,2,5.0,4.5,3.0,5.0,5.0,0.0,4.5,
china_shanghai_the_bund_hotel,the bund hotel,http://www.tripadvisor.com/ShowUserReviews-g308272-d574442-r50317257-The_Bund_Hotel-Shanghai.html,no.525 guangdong road  huangpu district,shanghai,-1,China,200001,-1,-1,71,3.8421052631578947,3.789473684210526,3.3684210526315788,4.140350877192983,3.7719298245614037,0.0,3.7824561403508774,
china_shanghai_royalton_hotel_shanghai,royalton hotel shanghai,http://www.tripadvisor.com/ShowUserReviews-g308272-d307548-r42012465-Royalton_Hotel_Shanghai-Shanghai.html,no.789 wuyi road  changning district,shanghai,-1,China,200051,-1,-1,10,4.375,4.375,4.25,2.875,4.5,0.0,4.075,
china_shanghai_fraser_residence_shanghai,fraser residence shanghai,http://www.tripadvisor.com/ShowUserReviews-g308272-d1024406-r50170205-Fraser_Residence_Shanghai-Shanghai.html,no.98 shouning road  luwan district,shanghai,-1,China,200021,-1,-1,7,4.0,3.8333333333333335,4.333333333333333,4.666666666666667,3.8333333333333335,0.0,4.133333333333334,
china_shanghai_koala_garden_hostel,koala garden hostel,http://www.tripadvisor.com/ShowUserReviews-g308272-d1444272-r47010727-Koala_Garden_Hostel-Shanghai.html,no.240 duolun road  hongkou district,shanghai,-1,China,200081,-1,-1,1,3.0,3.0,4.0,4.0,4.0,0.0,3.6,
china_shanghai_home_inn_shanghai_chang_ning,home inn shanghai chang ning,http://www.tripadvisor.com/ShowUserReviews-g308272-d614775-r44861666-Home_Inn_Shanghai_Chang_Ning-Shanghai.html,no.11 wuyi road  changning district,shanghai,-1,China,200050,-1,-1,2,3.0,3.5,3.0,4.5,4.5,0.0,3.7,
china_shanghai_parkview_hotel,parkview hotel,http://www.tripadvisor.com/ShowUserReviews-g308272-d852070-r47327721-Parkview_Hotel-Shanghai.html,no.555 dingxiang road  pudong new area,shanghai,-1,China,200135,-1,-1,5,4.4,4.6,4.2,3.6,4.0,0.0,4.159999999999999,
china_shanghai_parkyard_hotel_shanghai,parkyard hotel shanghai,http://www.tripadvisor.com/ShowUserReviews-g308272-d651498-r46881186-Parkyard_Hotel_Shanghai-Shanghai.html,no.699 bibo road  zhangjiang hi-tech park,shanghai,-1,China,201203,-1,-1,6,4.333333333333333,4.5,4.166666666666667,3.5,4.333333333333333,0.0,4.166666666666666,
china_shanghai_ri_yue_island_holiday_resort,ri yue island holiday resort,http://www.tripadvisor.com/ShowUserReviews-g308272-d1204303-r39078404-Ri_Yue_Island_Holiday_Resort-Shanghai.html,intersection of qingpu and jinze,shanghai,-1,China,201718,-1,-1,-1,0.0,0.0,0.0,0.0,0.0,0.0,-1.0,
china_shanghai_howard_johnson_all_suites_hotel,howard johnson all suites hotel,http://www.tripadvisor.com/ShowUserReviews-g308272-d582862-r31749954-Howard_Johnson_All_Suites_Hotel-Shanghai.html,no.1155 yan'an west road,shanghai,-1,China,200050,-1,-1,19,4.25,4.25,3.75,3.1666666666666665,3.9166666666666665,0.0,3.8666666666666663,
china_shanghai_mansion_hotel,mansion hotel,http://www.tripadvisor.com/ShowUserReviews-g308272-d667457-r47183134-Mansion_Hotel-Shanghai.html,no.82 xinle road  xuhui district,shanghai,-1,China,200031,-1,-1,32,4.407407407407407,4.481481481481482,3.7037037037037037,4.407407407407407,4.037037037037037,0.0,4.207407407407407,
china_shanghai_majesty_plaza_shanghai,majesty plaza shanghai,http://www.tripadvisor.com/ShowUserReviews-g308272-d307545-r48477194-Majesty_Plaza_Shanghai-Shanghai.html,no.700 jiujiang road  huangpu district,shanghai,-1,China,200001,-1,-1,48,3.933333333333333,3.8,3.3,4.533333333333333,3.466666666666667,0.0,3.806666666666666,
china_shanghai_holiday_inn_downtown_shanghai,holiday inn downtown shanghai,http://www.tripadvisor.com/ShowUserReviews-g308272-d307413-r50471056-Holiday_Inn_Downtown_Shanghai-Shanghai.html,no.585 hengfeng road,shanghai,-1,China,200070,-1,-1,63,3.7906976744186047,3.558139534883721,3.744186046511628,3.86046511627907,3.604651162790698,0.0,3.7116279069767444,
china_shanghai_jianguo_hotel,jianguo hotel,http://www.tripadvisor.com/ShowUserReviews-g308272-d308019-r33323363-Jianguo_Hotel-Shanghai.html,no.439 caoxi north road  xuhui district,shanghai,-1,China,200030,-1,-1,18,4.0625,3.6875,4.0625,4.0,3.875,0.0,3.9375,
china_shanghai_home_inn_shanghai_baoshan_wusong,home inn shanghai baoshan wusong,http://www.tripadvisor.com/ShowUserReviews-g308272-d1239258-r46912902-Home_Inn_Shanghai_Baoshan_Wusong-Shanghai.html,no.183 tongtai north road  baoshan district,shanghai,-1,China,200940,-1,-1,-1,0.0,0.0,0.0,0.0,0.0,0.0,-1.0,
china_shanghai_shanghai_joyful_star_business_hotel,shanghai joyful star business hotel,http://www.tripadvisor.com/ShowUserReviews-g308272-d1368087-r41036984-Shanghai_Joyful_Star_Business_Hotel-Shanghai.html,no.472 ganghong road  jichang town  pudong new district,shanghai,-1,China,201202,-1,-1,-1,0.0,0.0,0.0,0.0,0.0,0.0,-1.0,
china_shanghai_rainbow_hotel_shanghai,rainbow hotel shanghai,http://www.tripadvisor.com/ShowUserReviews-g308272-d307542-r50247112-Rainbow_Hotel_Shanghai-Shanghai.html,no.2000 yan'an west road  changning district,shanghai,-1,China,200051,-1,-1,14,3.1818181818181817,3.3636363636363638,3.1818181818181817,3.272727272727273,3.090909090909091,0.0,3.2181818181818187,
china_shanghai_regal_international_east_asia_hotel,regal international east asia hotel,http://www.tripadvisor.com/ShowUserReviews-g308272-d302185-r48904322-Regal_International_East_Asia_Hotel-Shanghai.html,no.516 hengshan road,shanghai,-1,China,2000300,-1,-1,24,4.4,3.7333333333333334,4.0,3.6,3.7333333333333334,0.0,3.8933333333333335,
china_shanghai_baron_business_hotel,baron business hotel,http://www.tripadvisor.com/ShowUserReviews-g308272-d1449700-r49043545-Baron_Business_Hotel-Shanghai.html,no.105-1 fuzhou road  huangpu district,shanghai,-1,China,200002,-1,-1,4,4.25,4.75,3.0,3.5,4.25,0.0,3.95,
china_shanghai_broadway_mansions_hotel,broadway mansions hotel,http://www.tripadvisor.com/ShowUserReviews-g308272-d307372-r48096899-Broadway_Mansions_Hotel-Shanghai.html,no.20 north suzhou road  hongkou district,shanghai,-1,China,200080,-1,-1,31,3.35,3.4,3.35,3.65,3.25,0.0,3.4,
china_shanghai_rayfont_shanghai_celebrity_hotel_apartment,rayfont shanghai celebrity hotel apartment,http://www.tripadvisor.com/ShowUserReviews-g308272-d1150804-r48776555-Rayfont_Shanghai_Celebrity_Hotel_Apartment-Shanghai.html,no.1077 xietu road  xuhui district,shanghai,-1,China,200032,-1,-1,23,3.9,3.55,3.2,3.1,3.9,0.0,3.53,
china_shanghai_home_inn_shanghai_station,home inn shanghai station,http://www.tripadvisor.com/ShowUserReviews-g308272-d1412299-r39742193-Home_Inn_Shanghai_Station-Shanghai.html,no.452 gonghexin road  zhabei district,shanghai,-1,China,200070,-1,-1,-1,0.0,0.0,0.0,0.0,0.0,0.0,-1.0,
china_shanghai_home_inn_shanghai_lianhua_road,home inn shanghai lianhua road,http://www.tripadvisor.com/ShowUserReviews-g308272-d1239213-r46170617-Home_Inn_Shanghai_Lianhua_Road-Shanghai.html,no.1328 lianhua road  minhang district,shanghai,-1,China,210002,-1,-1,-1,0.0,0.0,0.0,0.0,0.0,0.0,-1.0,
china_shanghai_jing_an_hotel,jing an hotel,http://www.tripadvisor.com/ShowUserReviews-g308272-d307507-r38644515-Jing_An_Hotel-Shanghai.html,no.370 huashan road,shanghai,-1,China,200040,-1,-1,4,4.5,4.5,4.0,4.75,4.25,0.0,4.4,
china_shanghai_the_bund_riverside_hotel,the bund riverside hotel,http://www.tripadvisor.com/ShowUserReviews-g308272-d1195406-r50237890-The_Bund_Riverside_Hotel-Shanghai.html,no.398 beijing east road  huangpu district,shanghai,-1,China,200001,-1,-1,76,3.7413793103448274,3.5517241379310347,3.4482758620689653,3.913793103448276,3.706896551724138,0.0,3.6724137931034484,
china_shanghai_home_inn_shanghai_yan_an_west_road,home inn shanghai yan an west road,http://www.tripadvisor.com/ShowUserReviews-g308272-d1215608-r30925498-Home_Inn_Shanghai_Yan_an_West_Road-Shanghai.html,no.1303 yan'an west road  changning district,shanghai,-1,China,200050,-1,-1,-1,0.0,0.0,0.0,0.0,0.0,0.0,-1.0,
china_shanghai_sofitel_shanghai_jin_jiang_oriental_pudong,sofitel shanghai jin jiang oriental pudong,http://www.tripadvisor.com/ShowUserReviews-g308272-d299595-r37557030-Sofitel_Shanghai_Jin_Jiang_Oriental_Pudong-Shanghai.html,no.889 yanggao south road  pudongxin district,shanghai,-1,China,200127,-1,-1,48,4.181818181818182,3.9393939393939394,3.5757575757575757,3.212121212121212,3.8484848484848486,0.0,3.7515151515151515,
china_shanghai_crowne_plaza_shanghai_pudong,crowne plaza shanghai pudong,http://www.tripadvisor.com/ShowUserReviews-g308272-d565712-r47741142-Crowne_Plaza_Shanghai_Pudong-Shanghai.html,no.1000 yanggao north road  pudong new district,shanghai,-1,China,200137,-1,-1,13,4.545454545454546,4.363636363636363,4.454545454545454,2.1818181818181817,4.090909090909091,0.0,3.9272727272727272,
china_shanghai_urban_holiday_hotel_shanghai_dajiangnan,urban holiday hotel shanghai dajiangnan,http://www.tripadvisor.com/ShowUserReviews-g308272-d1519388-r48749402-Urban_Holiday_Hotel_Shanghai_Dajiangnan-Shanghai.html,no.410 fujian middle road  huangpu district,shanghai,-1,China,200001,-1,-1,1,5.0,5.0,3.0,3.0,2.0,0.0,3.6,
china_shanghai_home_inn_shanghai_zhenping,home inn shanghai zhenping,http://www.tripadvisor.com/ShowUserReviews-g308272-d1048842-r44649755-Home_Inn_Shanghai_Zhenping-Shanghai.html,no.2052 zhongshan north road  putuo district,shanghai,-1,China,200063,-1,-1,1,4.0,3.0,4.0,3.0,5.0,0.0,3.8,
china_shanghai_sun_island_golf_hotspring_resort,sun island golf hotspring resort,http://www.tripadvisor.com/ShowUserReviews-g308272-d601599-r50005670-Sun_Island_Golf_Hotspring_Resort-Shanghai.html,2588  shentai road  qingpu district,shanghai,-1,China,201714,-1,-1,4,4.5,3.75,4.5,3.0,4.25,0.0,4.0,
china_shanghai_dong_jiao_state_guest_hotel,dong jiao state guest hotel,http://www.tripadvisor.com/ShowUserReviews-g308272-d758163-r45974548-Dong_Jiao_State_Guest_Hotel-Shanghai.html,no.1800 jinke road  pudong new district,shanghai,-1,China,201203,-1,-1,2,4.5,4.5,4.5,3.5,3.0,0.0,4.0,
china_shanghai_yan_an_hotel,yan an hotel,http://www.tripadvisor.com/ShowUserReviews-g308272-d614591-r45516017-Yan_an_Hotel-Shanghai.html,no.1111 yanan zhong road,shanghai,-1,China,200040,-1,-1,3,3.3333333333333335,3.3333333333333335,2.6666666666666665,4.0,3.6666666666666665,0.0,3.4,
china_shanghai_ambassador_hotel,ambassador hotel,http://www.tripadvisor.com/ShowUserReviews-g308272-d1047760-r35525107-Ambassador_Hotel-Shanghai.html,no.818 wanhangdu road  jingan district,shanghai,-1,China,200042,-1,-1,2,4.5,4.0,4.0,3.0,4.5,0.0,4.0,
china_shanghai_manhattan_business_hotel,manhattan business hotel,http://www.tripadvisor.com/ShowUserReviews-g308272-d576893-r50315586-Manhattan_Business_Hotel-Shanghai.html,no.81-85 dianchi road  huangpu district,shanghai,-1,China,200002,-1,-1,25,4.090909090909091,3.272727272727273,3.8181818181818183,4.545454545454546,4.090909090909091,0.0,3.9636363636363634,
china_shanghai_hengsheng_peninsula_international_hotel,hengsheng peninsula international hotel,http://www.tripadvisor.com/ShowUserReviews-g308272-d307410-r48957842-Hengsheng_Peninsula_International_Hotel-Shanghai.html,no.205 wusong road  hongkou district,shanghai,-1,China,200000,-1,-1,39,3.303030303030303,3.242424242424242,2.787878787878788,2.8484848484848486,3.090909090909091,0.0,3.0545454545454542,
china_shanghai_hotel_ibis_shanghai_lianyang,hotel ibis shanghai lianyang,http://www.tripadvisor.com/ShowUserReviews-g308272-d1140493-r48955486-Hotel_Ibis_Shanghai_Lianyang-Shanghai.html,no.300 fang dian road  pudong district,shanghai,-1,China,200135,-1,-1,9,3.7777777777777777,3.4444444444444446,3.4444444444444446,3.5555555555555554,4.111111111111111,0.0,3.6666666666666665,
china_shanghai_forte_hotel_shanghai,forte hotel shanghai,http://www.tripadvisor.com/ShowUserReviews-g308272-d1048584-r28207213-Forte_Hotel_Shanghai-Shanghai.html,no.88 yili road  changning district,shanghai,-1,China,200051,-1,-1,2,4.5,4.0,4.5,4.5,4.0,0.0,4.3,
china_shanghai_xinhui_hotel,xinhui hotel,http://www.tripadvisor.com/ShowUserReviews-g308272-d635025-r49879031-Xinhui_Hotel-Shanghai.html,no.1001 tianyaoqiao road  xuhui district,shanghai,-1,China,200030,-1,-1,-1,0.0,0.0,0.0,0.0,0.0,0.0,-1.0,
china_shanghai_supreme_tower_hotel,supreme tower hotel,http://www.tripadvisor.com/ShowUserReviews-g308272-d488786-r46432001-Supreme_Tower_Hotel-Shanghai.html,no.600 laoshan road  pudong new district,shanghai,-1,China,200122,-1,-1,7,4.285714285714286,4.571428571428571,4.0,3.857142857142857,4.142857142857143,0.0,4.171428571428571,
china_shanghai_villas_1931_hotel_shanghai,villas 1931 hotel shanghai,http://www.tripadvisor.com/ShowUserReviews-g308272-d775710-r36649868-Villas_1931_Hotel_Shanghai-Shanghai.html,no.306 guangdong road  huangpu district,shanghai,-1,China,200001,-1,-1,5,4.2,3.8,3.8,4.4,4.2,0.0,4.08,
china_shanghai_mason_hotel_shanghai,mason hotel shanghai,http://www.tripadvisor.com/ShowUserReviews-g308272-d609940-r40784841-Mason_Hotel_Shanghai-Shanghai.html,no.935 huaihai road,shanghai,-1,China,200020,-1,-1,7,4.285714285714286,3.857142857142857,4.0,4.857142857142857,4.285714285714286,0.0,4.257142857142857,
china_shanghai_new_world_holiday_hotel,new world holiday hotel,http://www.tripadvisor.com/ShowUserReviews-g308272-d1494768-r49652097-New_World_Holiday_Hotel-Shanghai.html,no. 136 rushan road ,shanghai,-1,China,200120,-1,-1,-1,0.0,0.0,0.0,0.0,0.0,0.0,-1.0,
china_shanghai_songjiang_new_century_grand_hotel,songjiang new century grand hotel,http://www.tripadvisor.com/ShowUserReviews-g308272-d630959-r49817621-Songjiang_New_Century_Grand_Hotel-Shanghai.html,no.1799 north renmin road   songjiang district,shanghai,-1,China,200085,-1,-1,1,5.0,5.0,5.0,5.0,5.0,0.0,5.0,
china_shanghai_super_8_shanghai_fengye,super 8 shanghai fengye,http://www.tripadvisor.com/ShowUserReviews-g308272-d578232-r29553684-Super_8_Shanghai_Fengye-Shanghai.html,no.277 dalian road  hongkou district,shanghai,-1,China,200082,-1,-1,1,5.0,5.0,5.0,5.0,5.0,0.0,5.0,
china_shanghai_7_days_inn_shanghai_quyang_road,7 days inn shanghai quyang road,http://www.tripadvisor.com/ShowUserReviews-g308272-d1409625-r49627771-7_Days_Inn_Shanghai_Quyang_Road-Shanghai.html,no.1130 east tiyuhui road  hongkou district,shanghai,-1,China,200437,-1,-1,-1,0.0,0.0,0.0,0.0,0.0,0.0,-1.0,
china_shanghai_grand_mercure_hongqiao_shanghai,grand mercure hongqiao shanghai,http://www.tripadvisor.com/ShowUserReviews-g308272-d651560-r46543245-Grand_Mercure_Hongqiao_Shanghai-Shanghai.html,no.369 xianxia road,shanghai,-1,China,200336,-1,-1,19,4.222222222222222,4.277777777777778,3.5555555555555554,3.2222222222222223,3.8333333333333335,0.0,3.822222222222222,
china_shanghai_lansheng_hotel_shanghai,lansheng hotel shanghai,http://www.tripadvisor.com/ShowUserReviews-g308272-d303025-r40260675-Lansheng_Hotel_Shanghai-Shanghai.html,no.1000 quyang road  (formerly radisson sas lang sheng hotel),shanghai,-1,China,200437,-1,-1,14,4.1,4.0,3.6,2.4,3.3,0.0,3.4799999999999995,
china_shanghai_bailemen_hotel,bailemen hotel,http://www.tripadvisor.com/ShowUserReviews-g308272-d614773-r21362168-Bailemen_Hotel-Shanghai.html,no.1728 west nanjing rd  jingan district,shanghai,-1,China,200040,-1,-1,13,3.6363636363636362,3.4545454545454546,3.5454545454545454,4.363636363636363,3.727272727272727,0.0,3.745454545454545,
china_shanghai_home_inn_shanghai_changshou_road,home inn shanghai changshou road,http://www.tripadvisor.com/ShowUserReviews-g308272-d1412292-r44388812-Home_Inn_Shanghai_Changshou_Road-Shanghai.html,no.652 changshou road putuo area,shanghai,-1,China,200060,-1,-1,-1,0.0,0.0,0.0,0.0,0.0,0.0,-1.0,
china_shanghai_gran_melia_shanghai,gran melia shanghai,http://www.tripadvisor.com/ShowUserReviews-g308272-d1175491-r47619887-Gran_Melia_Shanghai-Shanghai.html,no.1288 lujiazui ring road  pudong new district,shanghai,-1,China,201206,-1,-1,-1,0.0,0.0,0.0,0.0,0.0,0.0,-1.0,
china_shanghai_jinjiang_inn_shanghai_zhenbei,jinjiang inn shanghai zhenbei,http://www.tripadvisor.com/ShowUserReviews-g308272-d1050794-r49961256-Jinjiang_Inn_Shanghai_Zhenbei-Shanghai.html,no.2051 zhenbei road  putuo district,shanghai,-1,China,200333,-1,-1,-1,0.0,0.0,0.0,0.0,0.0,0.0,-1.0,
china_shanghai_shanxi_business_hotel,shanxi business hotel,http://www.tripadvisor.com/ShowUserReviews-g308272-d589231-r47838109-Shanxi_Business_Hotel-Shanghai.html,no.658 yan'an middle road  jing_an district,shanghai,-1,China,200000,-1,-1,5,4.75,4.0,4.5,4.0,4.5,0.0,4.35,
china_shanghai_ramada_zhabei,ramada zhabei,http://www.tripadvisor.com/ShowUserReviews-g308272-d777333-r36167258-Ramada_Zhabei-Shanghai.html,no.666 gonghe xin road  zhabei district,shanghai,-1,China,200070,-1,-1,7,4.0,3.8333333333333335,3.8333333333333335,2.8333333333333335,4.0,0.0,3.7,
china_shanghai_hengshan_picardie_hotel,hengshan picardie hotel,http://www.tripadvisor.com/ShowUserReviews-g308272-d307407-r49339021-Hengshan_Picardie_Hotel-Shanghai.html,no.534 hengshan road  xu hui district,shanghai,-1,China,200030,-1,-1,17,4.0,3.6666666666666665,3.7777777777777777,4.0,3.6666666666666665,0.0,3.822222222222222,
china_shanghai_cavalier_village_hotel_1888,cavalier village hotel 1888,http://www.tripadvisor.com/ShowUserReviews-g308272-d1415255-r38615953-Cavalier_Village_Hotel_1888-Shanghai.html,no. 3329  hongmei road  qibao town  minhang district,shanghai,-1,China,210013,-1,-1,-1,0.0,0.0,0.0,0.0,0.0,0.0,-1.0,
china_shanghai_home_inn_shanghai_xu_jia_hui,home inn shanghai xu jia hui,http://www.tripadvisor.com/ShowUserReviews-g308272-d609960-r36212698-Home_Inn_Shanghai_Xu_Jia_Hui-Shanghai.html,no.400 tianyaoqiao road  xuhui district,shanghai,-1,China,200030,-1,-1,3,4.333333333333333,4.0,4.333333333333333,4.333333333333333,4.666666666666667,0.0,4.333333333333333,
china_shanghai_penta_hotel,penta hotel,http://www.tripadvisor.com/ShowUserReviews-g308272-d1200554-r34845895-Penta_Hotel-Shanghai.html,no.1525 ding xi road,shanghai,-1,China,200050,-1,-1,2,4.5,3.5,4.0,4.5,4.0,0.0,4.1,
china_shanghai_home_inn_shanghai_expo_south_waitan,home inn shanghai expo south waitan,http://www.tripadvisor.com/ShowUserReviews-g308272-d1491508-r40302319-Home_Inn_Shanghai_Expo_South_Waitan-Shanghai.html,no.943 zhongshan south road  huangpu district,shanghai,-1,China,200011,-1,-1,-1,0.0,0.0,0.0,0.0,0.0,0.0,-1.0,
china_shanghai_nanjing_hotel,nanjing hotel,http://www.tripadvisor.com/ShowUserReviews-g308272-d586566-r46513374-Nanjing_Hotel-Shanghai.html,no.200 shanxi road south,shanghai,-1,China,200001,-1,-1,39,3.129032258064516,3.161290322580645,3.0,4.580645161290323,3.6129032258064515,0.0,3.4967741935483874,
china_shanghai_gongkang_hotel,gongkang hotel,http://www.tripadvisor.com/ShowUserReviews-g308272-d1447198-r43038833-Gongkang_Hotel-Shanghai.html,no.555 gongkang road  baoshan district,shanghai,-1,China,201900,-1,-1,-1,0.0,0.0,0.0,0.0,0.0,0.0,-1.0,
china_shanghai_8_colors_hotel,8 colors hotel,http://www.tripadvisor.com/ShowUserReviews-g308272-d1422342-r50031045-8_Colors_Hotel-Shanghai.html,3f  no.479 changshou road  putuo district,shanghai,-1,China,200060,-1,-1,-1,0.0,0.0,0.0,0.0,0.0,0.0,-1.0,
china_shanghai_ramada_hotel_pudong_south,ramada hotel pudong south,http://www.tripadvisor.com/ShowUserReviews-g308272-d1511726-r46445428-Ramada_Hotel_Pudong_South-Shanghai.html,no.833 chengshan road pudong new area,shanghai,-1,China,200125,-1,-1,1,5.0,5.0,5.0,5.0,4.0,0.0,4.8,
china_shanghai_yafan_fashion_hotel,yafan fashion hotel,http://www.tripadvisor.com/ShowUserReviews-g308272-d1412286-r48478690-Yafan_Fashion_Hotel-Shanghai.html,no.1122 zhongxing road  zhabei district,shanghai,-1,China,200070,-1,-1,-1,0.0,0.0,0.0,0.0,0.0,0.0,-1.0,
china_shanghai_zige_business_hotel,zige business hotel,http://www.tripadvisor.com/ShowUserReviews-g308272-d1547567-r48165679-Zige_Business_Hotel-Shanghai.html,no.58 minde road  zhabei district,shanghai,-1,China,200071,-1,-1,-1,0.0,0.0,0.0,0.0,0.0,0.0,-1.0,
china_shanghai_central_view_suites,central view suites,http://www.tripadvisor.com/ShowUserReviews-g308272-d1048483-r49672673-Central_View_Suites-Shanghai.html,no.288 shanxi north road  jing'an district,shanghai,-1,China,200040,-1,-1,7,4.428571428571429,4.0,3.142857142857143,4.285714285714286,3.857142857142857,0.0,3.942857142857143,
china_shanghai_ivy_hotel_shanghai,ivy hotel shanghai,http://www.tripadvisor.com/ShowUserReviews-g308272-d816491-r37976904-Ivy_Hotel_Shanghai-Shanghai.html,no.709 jiaozhou road  jingan district,shanghai,-1,China,200040,-1,-1,2,4.5,4.5,4.5,4.0,4.5,0.0,4.4,
china_shanghai_7_days_inn_shanghai_xujiahui,7 days inn shanghai xujiahui,http://www.tripadvisor.com/ShowUserReviews-g308272-d1402334-r30923949-7_Days_Inn_Shanghai_Xujiahui-Shanghai.html,no.828 qinzhou road  xuhui district,shanghai,-1,China,200030,-1,-1,-1,0.0,0.0,0.0,0.0,0.0,0.0,-1.0,
china_shanghai_jinjiang_inn_shanghai_jinjiang_amusement_park,jinjiang inn shanghai jinjiang amusement park,http://www.tripadvisor.com/ShowUserReviews-g308272-d1051242-r38947566-Jinjiang_Inn_Shanghai_Jinjiang_Amusement_Park-Shanghai.html,no.227 hongmei road  minhang district,shanghai,-1,China,200233,-1,-1,-1,0.0,0.0,0.0,0.0,0.0,0.0,-1.0,
china_shanghai_home_inn_shanghai_dalian_road,home inn shanghai dalian road,http://www.tripadvisor.com/ShowUserReviews-g308272-d1491378-r44648558-Home_Inn_Shanghai_Dalian_Road-Shanghai.html,no.255 changyang road  hongkou district,shanghai,-1,China,200086,-1,-1,-1,0.0,0.0,0.0,0.0,0.0,0.0,-1.0,
china_shanghai_jinjiang_inn_shanghai_hongkou_football_stadium,jinjiang inn shanghai hongkou football stadium,http://www.tripadvisor.com/ShowUserReviews-g308272-d1050805-r46445551-Jinjiang_Inn_Shanghai_Hongkou_Football_Stadium-Shanghai.html,no.718 jiangwan west road  hongkou district,shanghai,-1,China,200083,-1,-1,-1,0.0,0.0,0.0,0.0,0.0,0.0,-1.0,
china_shanghai_shanghai_international_airport_hotel,shanghai international airport hotel,http://www.tripadvisor.com/ShowUserReviews-g308272-d307499-r45716096-Shanghai_International_Airport_Hotel-Shanghai.html,no.368 yingbinyi road  hongqiao district,shanghai,-1,China,200335,-1,-1,6,3.6666666666666665,3.0,3.6666666666666665,3.1666666666666665,3.6666666666666665,0.0,3.4333333333333327,
china_shanghai_sofitel_huanghe_sheshan_resort_shanghai,sofitel huanghe sheshan resort shanghai,http://www.tripadvisor.com/ShowUserReviews-g308272-d1119070-r35998702-Sofitel_Huanghe_Sheshan_Resort_Shanghai-Shanghai.html,no.3388 sichen road  sijing town  songjiang district,shanghai,-1,China,201601,-1,-1,1,3.0,5.0,1.0,1.0,1.0,0.0,2.2,
china_shanghai_green_tree_inn_shanghai_jiangchuan,green tree inn shanghai jiangchuan,http://www.tripadvisor.com/ShowUserReviews-g308272-d1407816-r46518779-Green_Tree_Inn_Shanghai_Jiangchuan-Shanghai.html,no.888 jiangchuan east road  minxing district,shanghai,-1,China,200240,-1,-1,-1,0.0,0.0,0.0,0.0,0.0,0.0,-1.0,
china_shanghai_motel_168_shanghai_liuzhou_road,motel 168 shanghai liuzhou road,http://www.tripadvisor.com/ShowUserReviews-g308272-d1050592-r44648713-Motel_168_Shanghai_Liuzhou_Road-Shanghai.html,no.427 liuzhou road  xuhui district,shanghai,-1,China,200233,-1,-1,-1,0.0,0.0,0.0,0.0,0.0,0.0,-1.0,
china_shanghai_vienna_hotel_shanghai_songjiang_river,vienna hotel shanghai songjiang river,http://www.tripadvisor.com/ShowUserReviews-g308272-d1407628-r45645394-Vienna_Hotel_Shanghai_Songjiang_River-Shanghai.html,no.1515 renmin north road  songjiang district,shanghai,-1,China,201666,-1,-1,-1,0.0,0.0,0.0,0.0,0.0,0.0,-1.0,
china_shanghai_home_inn_shanghai_wuzhong_road,home inn shanghai wuzhong road,http://www.tripadvisor.com/ShowUserReviews-g308272-d1239281-r44648462-Home_Inn_Shanghai_Wuzhong_Road-Shanghai.html,no.2708 wuzhong road  minhang district,shanghai,-1,China,201105,-1,-1,-1,0.0,0.0,0.0,0.0,0.0,0.0,-1.0,
china_shanghai_motel_168_shanghai_pudong_avenue,motel 168 shanghai pudong avenue,http://www.tripadvisor.com/ShowUserReviews-g308272-d1050523-r15905499-Motel_168_Shanghai_Pudong_Avenue-Shanghai.html,no.1 lane 3040  pudong avenue  pudong new area,shanghai,-1,China,200129,-1,-1,2,3.5,3.0,3.0,3.5,3.5,0.0,3.3,
china_shanghai_grand_mercure_baolong_shanghai,grand mercure baolong shanghai,http://www.tripadvisor.com/ShowUserReviews-g308272-d307550-r43276289-Grand_Mercure_Baolong_Shanghai-Shanghai.html,no.180 yixian road,shanghai,-1,China,200434,-1,-1,10,3.25,2.75,3.25,2.375,3.125,0.0,2.95,
china_shanghai_jinying_holiday_hotel,jinying holiday hotel,http://www.tripadvisor.com/ShowUserReviews-g308272-d1402413-r48812350-Jinying_Holiday_Hotel-Shanghai.html,no.1010 hutai road  putuo district,shanghai,-1,China,200063,-1,-1,-1,0.0,0.0,0.0,0.0,0.0,0.0,-1.0,
china_shanghai_shanghai_nan_ya_hotel,shanghai nan ya hotel,http://www.tripadvisor.com/ShowUserReviews-g308272-d603392-r39819795-Shanghai_Nan_Ya_Hotel-Shanghai.html,no.1280 zhongshan road,shanghai,-1,China,200011,-1,-1,-1,0.0,0.0,0.0,0.0,0.0,0.0,-1.0,
china_shanghai_jinjiang_inn_shanghai_sichuan_north_road,jinjiang inn shanghai sichuan north road,http://www.tripadvisor.com/ShowUserReviews-g308272-d1050804-r37123145-Jinjiang_Inn_Shanghai_Sichuan_North_Road-Shanghai.html,no.440 east baoxing road  zhabei district,shanghai,-1,China,200071,-1,-1,-1,0.0,0.0,0.0,0.0,0.0,0.0,-1.0,
china_shanghai_motel168_shanghai_dongfang_guomao,motel168 shanghai dongfang guomao,http://www.tripadvisor.com/ShowUserReviews-g308272-d1402293-r39742473-Motel168_Shanghai_Dongfang_Guomao-Shanghai.html,no.3777 hutai road  baoshan district,shanghai,-1,China,201900,-1,-1,-1,0.0,0.0,0.0,0.0,0.0,0.0,-1.0,
china_shanghai_home_inn_shanghai_zhongshan_north_road,home inn shanghai zhongshan north road,http://www.tripadvisor.com/ShowUserReviews-g308272-d1239270-r45380092-Home_Inn_Shanghai_Zhongshan_North_Road-Shanghai.html,no.38 lantian road  putuo district,shanghai,-1,China,200063,-1,-1,-1,0.0,0.0,0.0,0.0,0.0,0.0,-1.0,
china_shanghai_new_westlake_hotel,new westlake hotel,http://www.tripadvisor.com/ShowUserReviews-g308272-d1157279-r28023903-New_Westlake_Hotel-Shanghai.html,no.22 lane 133  mao ming south road,shanghai,-1,China,200085,-1,-1,5,4.8,4.0,4.4,5.0,4.0,0.0,4.4399999999999995,
china_shanghai_fabulous_speed_resort_anting_xin_zhen,fabulous speed resort anting xin zhen,http://www.tripadvisor.com/ShowUserReviews-g308272-d518422-r45717915-Fabulous_Speed_Resort_Anting_Xin_Zhen-Shanghai.html,no.1 3 5 nan'ande road  anting new town,shanghai,-1,China,201805,-1,-1,-1,0.0,0.0,0.0,0.0,0.0,0.0,-1.0,
china_shanghai_hanting_express_shanghai_jinqiao,hanting express shanghai jinqiao,http://www.tripadvisor.com/ShowUserReviews-g308272-d1407788-r38232557-Hanting_Express_Shanghai_Jinqiao-Shanghai.html,no.26 leyuan road  pudong new district,shanghai,-1,China,201206,-1,-1,-1,0.0,0.0,0.0,0.0,0.0,0.0,-1.0,
china_shanghai_jinjiang_inn_shanghai_wuning,jinjiang inn shanghai wuning,http://www.tripadvisor.com/ShowUserReviews-g308272-d1050796-r39554216-Jinjiang_Inn_Shanghai_Wuning-Shanghai.html,no.2701 zhongshan north road  putuo district,shanghai,-1,China,200063,-1,-1,-1,0.0,0.0,0.0,0.0,0.0,0.0,-1.0,
china_shanghai_ketangjian_boutique_hotel_wuyuan_road,ketangjian boutique hotel wuyuan road,http://www.tripadvisor.com/ShowUserReviews-g308272-d1456849-r39078411-KeTangJian_Boutique_Hotel_Wuyuan_Road-Shanghai.html,no.72 wuyuan road  xuhui district,shanghai,-1,China,200031,-1,-1,-1,0.0,0.0,0.0,0.0,0.0,0.0,-1.0,
china_shanghai_lucky_plaza_hote,lucky plaza hote,http://www.tripadvisor.com/ShowUserReviews-g308272-d1367998-r38133961-Lucky_Plaza_Hote-Shanghai.html,no. 2115 wuzhong road,shanghai,-1,China,201101,-1,-1,-1,0.0,0.0,0.0,0.0,0.0,0.0,-1.0,
china_shanghai_7_days_inn_shanghai_pudong_avenue,7 days inn shanghai pudong avenue,http://www.tripadvisor.com/ShowUserReviews-g308272-d1048715-r44648456-7_Days_Inn_Shanghai_Pudong_Avenue-Shanghai.html,no.2507 pudong avenue  pudong new district,shanghai,-1,China,200136,-1,-1,-1,0.0,0.0,0.0,0.0,0.0,0.0,-1.0,
china_shanghai_7_days_inn_shanghai_songjiang,7 days inn shanghai songjiang,http://www.tripadvisor.com/ShowUserReviews-g308272-d1231385-r44648689-7_Days_Inn_Shanghai_Songjiang-Shanghai.html,1-1 no.605 rongle east road  songjiang district,shanghai,-1,China,-1,-1,-1,-1,0.0,0.0,0.0,0.0,0.0,0.0,-1.0,
china_shanghai_shanghai_yi_shi_da_hotel,shanghai yi shi da hotel,http://www.tripadvisor.com/ShowUserReviews-g308272-d1051254-r39819783-Shanghai_Yi_Shi_Da_Hotel-Shanghai.html,9538 minhu road  xuhui district,shanghai,-1,China,200233,-1,-1,-1,0.0,0.0,0.0,0.0,0.0,0.0,-1.0,
china_shanghai_rendezvous_merry_hotel_shanghai,rendezvous merry hotel shanghai,http://www.tripadvisor.com/ShowUserReviews-g308272-d307522-r43679039-Rendezvous_Merry_Hotel_Shanghai-Shanghai.html,no 396 yan'an road west  jing'an district,shanghai,-1,China,200040,-1,-1,17,3.4444444444444446,3.0,3.3333333333333335,2.7777777777777777,3.2222222222222223,0.0,3.1555555555555554,
china_shanghai_yafan_longmen_hotel,yafan longmen hotel,http://www.tripadvisor.com/ShowUserReviews-g308272-d1422561-r50018382-Yafan_Longmen_Hotel-Shanghai.html,no.777 hengfeng road  zhabei district,shanghai,-1,China,200070,-1,-1,10,3.888888888888889,3.7777777777777777,3.2222222222222223,2.888888888888889,3.6666666666666665,0.0,3.4888888888888894,
china_shanghai_wu_gong_hotel,wu gong hotel,http://www.tripadvisor.com/ShowUserReviews-g308272-d535356-r47068754-Wu_Gong_Hotel-Shanghai.html,431 fushan rd  huangpu district,shanghai,-1,China,200001,-1,-1,3,3.3333333333333335,3.0,3.3333333333333335,5.0,4.333333333333333,0.0,3.8,
china_shanghai_24k_international_hotel_shanghai_xinhui_road,24k international hotel shanghai xinhui road,http://www.tripadvisor.com/ShowUserReviews-g308272-d1407659-r44648684-24K_International_Hotel_Shanghai_Xinhui_Road-Shanghai.html,no.139 xinhui road  putuo district,shanghai,-1,China,200060,-1,-1,-1,0.0,0.0,0.0,0.0,0.0,0.0,-1.0,
china_shanghai_hanting_express_fudan_university,hanting express fudan university,http://www.tripadvisor.com/ShowUserReviews-g308272-d618954-r5925328-Hanting_Express_Fudan_University-Shanghai.html,no.2628 songhuajiang road  hongkou district,shanghai,-1,China,200497,-1,-1,1,4.0,4.0,4.0,3.0,5.0,0.0,4.0,
china_shanghai_best_western_pudong_sunshine_hotel,best western pudong sunshine hotel,http://www.tripadvisor.com/ShowUserReviews-g308272-d634202-r8056956-Best_Western_Pudong_Sunshine_Hotel-Shanghai.html,no.99 jinxin road  pudong new district,shanghai,-1,China,201206,-1,-1,1,3.0,3.0,2.0,1.0,2.0,0.0,2.2,
china_shanghai_park_hotel_shanghai,park hotel shanghai,http://www.tripadvisor.com/ShowUserReviews-g308272-d307538-r48361372-Park_Hotel_Shanghai-Shanghai.html,no.170 nanjing west road  huangpu district,shanghai,-1,China,200003,-1,-1,33,3.0476190476190474,2.9523809523809526,2.857142857142857,4.476190476190476,3.4285714285714284,0.0,3.352380952380952,
china_shanghai_hanting_express_shanghai_hongkou_football_studio_second,hanting express shanghai hongkou football studio second,http://www.tripadvisor.com/ShowUserReviews-g308272-d1494764-r46445558-Hanting_Express_Shanghai_Hongkou_Football_Studio_Second-Shanghai.html,no. 420 xijiangwan road  hongkou district,shanghai,-1,China,200083,-1,-1,-1,0.0,0.0,0.0,0.0,0.0,0.0,-1.0,
china_shanghai_home_inn_shanghai_lujiabin_road,home inn shanghai lujiabin road,http://www.tripadvisor.com/ShowUserReviews-g308272-d1239275-r37642295-Home_Inn_Shanghai_LuJiabin_Road-Shanghai.html,no.265 dalin road  huangpu district,shanghai,-1,China,200011,-1,-1,-1,0.0,0.0,0.0,0.0,0.0,0.0,-1.0,
china_shanghai_luwan_caimao_guest_house,luwan caimao guest house,http://www.tripadvisor.com/ShowUserReviews-g308272-d1488221-r34879990-Luwan_Caimao_Guest_House-Shanghai.html,no.809 huaihai road  fuli tower,shanghai,-1,China,-1,-1,-1,-1,0.0,0.0,0.0,0.0,0.0,0.0,-1.0,
china_shanghai_ramada_plaza_hotel_sino_bay,ramada plaza hotel sino bay,http://www.tripadvisor.com/ShowUserReviews-g308272-d1050472-r38940660-Ramada_Plaza_Hotel_Sino_Bay-Shanghai.html,no.9 huanhua road  chemical industry park  fengxian district,shanghai,-1,China,201507,-1,-1,1,5.0,5.0,5.0,2.0,4.0,0.0,4.2,
china_shanghai_shanghai_literature_art_recreation_center,shanghai literature art recreation center,http://www.tripadvisor.com/ShowUserReviews-g308272-d1051258-r39742758-Shanghai_Literature_Art_Recreation_Center-Shanghai.html,no.200 yan'an west road  jing'an district,shanghai,-1,China,200040,-1,-1,-1,0.0,0.0,0.0,0.0,0.0,0.0,-1.0,
china_shanghai_fraser_suites_top_glory_shanghai,fraser suites top glory shanghai,http://www.tripadvisor.com/ShowUserReviews-g308272-d1147445-r35916653-Fraser_Suites_Top_Glory_Shanghai-Shanghai.html,no.1 lane 600  central yincheng road  lujiazui  pudong new district,shanghai,-1,China,200120,-1,-1,1,5.0,5.0,5.0,4.0,5.0,0.0,4.8,
china_shanghai_pacific_hotel,pacific hotel,http://www.tripadvisor.com/ShowUserReviews-g308272-d307553-r21411600-Pacific_Hotel-Shanghai.html,no.108 nanjing west road  huangpu district,shanghai,-1,China,200003,-1,-1,21,2.75,2.75,2.875,4.3125,3.0,0.0,3.1375,
china_shanghai_7_days_inn_shanghai_hongqiao,7 days inn shanghai hongqiao,http://www.tripadvisor.com/ShowUserReviews-g308272-d1215514-r49235515-7_Days_Inn_Shanghai_Hongqiao-Shanghai.html,no.1050 wu zhong road,shanghai,-1,China,-1,-1,-1,-1,0.0,0.0,0.0,0.0,0.0,0.0,-1.0,
china_shanghai_7_days_inn_shanghai_railway_station,7 days inn shanghai railway station,http://www.tripadvisor.com/ShowUserReviews-g308272-d1494751-r39742779-7_Days_Inn_Shanghai_Railway_Station-Shanghai.html,no. 999 zhonghuaxin road  zhabei district,shanghai,-1,China,200070,-1,-1,-1,0.0,0.0,0.0,0.0,0.0,0.0,-1.0,
china_shanghai_rayfont_shanghai_xuhui_hotel,rayfont shanghai xuhui hotel,http://www.tripadvisor.com/ShowUserReviews-g308272-d1049451-r47559676-Rayfont_Shanghai_Xuhui_Hotel-Shanghai.html,no.7 zhaojiabang road  xuhui district,shanghai,-1,China,200032,-1,-1,4,4.25,4.0,4.0,2.75,4.0,0.0,3.8,
china_shanghai_howard_johnson_caida_plaza_shanghai,howard johnson caida plaza shanghai,http://www.tripadvisor.com/ShowUserReviews-g308272-d866810-r32579629-Howard_Johnson_Caida_Plaza_Shanghai-Shanghai.html,no.188 wudong road  yangpu,shanghai,-1,China,200434,-1,-1,6,4.0,4.166666666666667,3.6666666666666665,2.6666666666666665,3.6666666666666665,0.0,3.633333333333333,
china_shanghai_7_days_inn_shanghai_zhizaoju_road,7 days inn shanghai zhizaoju road,http://www.tripadvisor.com/ShowUserReviews-g308272-d1402333-r50201671-7_Days_Inn_Shanghai_Zhizaoju_Road-Shanghai.html,no.287 zhizaoju road  huangpu district,shanghai,-1,China,200002,-1,-1,-1,0.0,0.0,0.0,0.0,0.0,0.0,-1.0,
china_shanghai_7_days_inn_shanghai_baoshan,7 days inn shanghai baoshan,http://www.tripadvisor.com/ShowUserReviews-g308272-d1491327-r43037294-7_Days_Inn_Shanghai_Baoshan-Shanghai.html,no.40 jiaotong road  zhabei district,shanghai,-1,China,200071,-1,-1,-1,0.0,0.0,0.0,0.0,0.0,0.0,-1.0,
china_shanghai_jinjiang_inn_shanghai_henglong_plaza,jinjiang inn shanghai henglong plaza,http://www.tripadvisor.com/ShowUserReviews-g308272-d1448464-r32372405-Jinjiang_Inn_Shanghai_Henglong_Plaza-Shanghai.html,no.400 xikang road  jing'an district,shanghai,-1,China,200042,-1,-1,-1,0.0,0.0,0.0,0.0,0.0,0.0,-1.0,
china_shanghai_jiu_yu_hotel,jiu yu hotel,http://www.tripadvisor.com/ShowUserReviews-g308272-d597826-r31558016-Jiu_Yu_Hotel-Shanghai.html,no.299 xin xi rd  xin zhuang town,shanghai,-1,China,201100,-1,-1,-1,0.0,0.0,0.0,0.0,0.0,0.0,-1.0,
china_shanghai_phoenix_hotel,phoenix hotel,http://www.tripadvisor.com/ShowUserReviews-g308272-d614332-r35030899-Phoenix_Hotel-Shanghai.html,no.1690 kongjiang road  yangpu district,shanghai,-1,China,200092,-1,-1,1,5.0,4.0,5.0,5.0,5.0,0.0,4.8,
china_shanghai_jinjiang_inn_shanghai_huamu,jinjiang inn shanghai huamu,http://www.tripadvisor.com/ShowUserReviews-g308272-d1050811-r44648889-Jinjiang_Inn_Shanghai_Huamu-Shanghai.html,no.1121 pujian road  pudong new district,shanghai,-1,China,201204,-1,-1,-1,0.0,0.0,0.0,0.0,0.0,0.0,-1.0,
china_shanghai_shanghai_hotel,shanghai hotel,http://www.tripadvisor.com/ShowUserReviews-g308272-d455557-r37570889-Shanghai_Hotel-Shanghai.html,no.505 wulumuqi north road  jing'an district,shanghai,-1,China,200040,-1,-1,28,3.3157894736842106,3.263157894736842,3.1578947368421053,3.210526315789474,3.4210526315789473,0.0,3.2736842105263166,
china_shanghai_crowne_plaza_shanghai_fudan,crowne plaza shanghai fudan,http://www.tripadvisor.com/ShowUserReviews-g308272-d619842-r43304117-Crowne_Plaza_Shanghai_Fudan-Shanghai.html,no.199 handan road  shanghai  china,shanghai,-1,China,200433,-1,-1,46,4.837837837837838,4.702702702702703,4.54054054054054,2.918918918918919,4.45945945945946,0.0,4.291891891891892,
china_shanghai_zhao_an_hotel,zhao an hotel,http://www.tripadvisor.com/ShowUserReviews-g308272-d447307-r47478038-Zhao_An_Hotel-Shanghai.html,no.195 hengtong road,shanghai,-1,China,200070,-1,-1,30,3.3333333333333335,3.2857142857142856,3.0952380952380953,4.095238095238095,3.761904761904762,0.0,3.514285714285714,
china_shanghai_green_tree_inn_shanghai_hongqiao_airport,green tree inn shanghai hongqiao airport,http://www.tripadvisor.com/ShowUserReviews-g308272-d1307973-r39129364-Green_Tree_Inn_Shanghai_Hongqiao_Airport-Shanghai.html,no.1721 hami road  changning district,shanghai,-1,China,200336,-1,-1,-1,0.0,0.0,0.0,0.0,0.0,0.0,-1.0,
china_shanghai_golden_jade_sunshine_hotel,golden jade sunshine hotel,http://www.tripadvisor.com/ShowUserReviews-g308272-d583072-r15241357-Golden_Jade_Sunshine_Hotel-Shanghai.html,1888 zhoujiazui road  yangpu district,shanghai,-1,China,200082,-1,-1,5,3.75,4.0,4.25,3.0,3.75,0.0,3.75,
china_shanghai_jingjiang_inn_shanghai_magnotel,jingjiang inn shanghai magnotel,http://www.tripadvisor.com/ShowUserReviews-g308272-d1221364-r46445621-Jingjiang_Inn_Shanghai_Magnotel-Shanghai.html,no.1251 siping road yangpu district,shanghai,-1,China,200092,-1,-1,-1,0.0,0.0,0.0,0.0,0.0,0.0,-1.0,
china_shanghai_holiday_inn_express_putuo_shanghai,holiday inn express putuo shanghai,http://www.tripadvisor.com/ShowUserReviews-g308272-d631822-r39901018-Holiday_Inn_Express_Putuo_Shanghai-Shanghai.html,no.843 guangfu west road  putuo district,shanghai,-1,China,200063,-1,-1,16,4.0,3.5454545454545454,3.1818181818181817,2.090909090909091,4.0,0.0,3.3636363636363633,
china_shanghai_pearl_hotel,pearl hotel,http://www.tripadvisor.com/ShowUserReviews-g308272-d472374-r7224505-Pearl_Hotel-Shanghai.html,no.212 zhaojiabang road,shanghai,-1,China,200020,-1,-1,3,4.0,4.333333333333333,4.0,3.6666666666666665,4.333333333333333,0.0,4.066666666666666,
china_shanghai_bao_steel_plaza_hotel,bao steel plaza hotel,http://www.tripadvisor.com/ShowUserReviews-g308272-d1422559-r29445513-Bao_Steel_Plaza_Hotel-Shanghai.html,no.370 pudian road  pudong new area,shanghai,-1,China,200122,-1,-1,1,5.0,5.0,5.0,5.0,5.0,0.0,5.0,
china_shanghai_jinjiang_inn_shanghai_luwan_liyuan,jinjiang inn shanghai luwan liyuan,http://www.tripadvisor.com/ShowUserReviews-g308272-d1050503-r30925894-Jinjiang_Inn_Shanghai_Luwan_Liyuan-Shanghai.html,no.118 mengzi road  luwan district,shanghai,-1,China,200023,-1,-1,-1,0.0,0.0,0.0,0.0,0.0,0.0,-1.0,
china_shanghai_jinjiang_inn_shanghai_xujing,jinjiang inn shanghai xujing,http://www.tripadvisor.com/ShowUserReviews-g308272-d1448465-r39554195-Jinjiang_Inn_Shanghai_Xujing-Shanghai.html,no.26 jinghua road  xujing town  qingpu district,shanghai,-1,China,201702,-1,-1,-1,0.0,0.0,0.0,0.0,0.0,0.0,-1.0,
china_shanghai_j_real_residence_suites,j real residence suites,http://www.tripadvisor.com/ShowUserReviews-g308272-d1216248-r31359825-J_Real_Residence_Suites-Shanghai.html,no.110 pudian road  pudong new district,shanghai,-1,China,200122,-1,-1,-1,0.0,0.0,0.0,0.0,0.0,0.0,-1.0,
china_shanghai_jinjiang_inn_shanghai_zhongshan_park,jinjiang inn shanghai zhongshan park,http://www.tripadvisor.com/ShowUserReviews-g308272-d1050786-r48041576-Jinjiang_Inn_Shanghai_Zhongshan_Park-Shanghai.html,no.546 changning road  changning district,shanghai,-1,China,200051,-1,-1,1,3.0,4.0,3.0,3.0,3.0,0.0,3.2,
china_shanghai_peace_hotel,peace hotel,http://www.tripadvisor.com/ShowUserReviews-g308272-d303020-r39544742-Peace_Hotel-Shanghai.html,no.20 nanjing east road,shanghai,-1,China,200002,-1,-1,43,2.5625,2.5,2.75,4.625,2.875,0.0,3.0625,
china_shanghai_jinjiang_inn_shanghai_zhangjiang,jinjiang inn shanghai zhangjiang,http://www.tripadvisor.com/ShowUserReviews-g308272-d1050777-r30924337-Jinjiang_Inn_Shanghai_Zhangjiang-Shanghai.html,no.91 zhangjiang road  pudong new district,shanghai,-1,China,201203,-1,-1,1,3.0,3.0,3.0,4.0,4.0,0.0,3.4,
china_shanghai_an_ting_villa_hotel_shanghai,an ting villa hotel shanghai,http://www.tripadvisor.com/ShowUserReviews-g308272-d601604-r29295173-An_Ting_Villa_Hotel_Shanghai-Shanghai.html,no.46 anting road   xuhui area,shanghai,-1,China,200031,-1,-1,2,5.0,4.0,4.0,5.0,5.0,0.0,4.6,
china_shanghai_7_days_inn_shanghai_kongjiang_road,7 days inn shanghai kongjiang road,http://www.tripadvisor.com/ShowUserReviews-g308272-d1409626-r48309756-7_Days_Inn_Shanghai_Kongjiang_Road-Shanghai.html,no.1100 kongjiang road  yangpu district,shanghai,-1,China,200092,-1,-1,-1,0.0,0.0,0.0,0.0,0.0,0.0,-1.0,
china_shanghai_home_inn_shanghai_pudong_airport_north_channel,home inn shanghai pudong airport north channel,http://www.tripadvisor.com/ShowUserReviews-g308272-d1239259-r47214603-Home_Inn_Shanghai_Pudong_Airport_North_Channel-Shanghai.html,no.2682 chuansha huaxia east road,shanghai,-1,China,201200,-1,-1,-1,0.0,0.0,0.0,0.0,0.0,0.0,-1.0,
china_shanghai_green_tree_inn_shanghai_dabai_tree,green tree inn shanghai dabai tree,http://www.tripadvisor.com/ShowUserReviews-g308272-d1407822-r30924135-Green_Tree_Inn_Shanghai_Dabai_Tree-Shanghai.html,no.35 yixian road  yangpu district,shanghai,-1,China,200437,-1,-1,-1,0.0,0.0,0.0,0.0,0.0,0.0,-1.0,
china_shanghai_shanghai_qing_pu_hotel,shanghai qing pu hotel,http://www.tripadvisor.com/ShowUserReviews-g308272-d597973-r28330093-Shanghai_Qing_Pu_Hotel-Shanghai.html,no.79 chengzhong road  qingpu district,shanghai,-1,China,201700,-1,-1,1,5.0,5.0,5.0,5.0,5.0,0.0,5.0,
china_shanghai_yihao_hotel,yihao hotel,http://www.tripadvisor.com/ShowUserReviews-g308272-d1402310-r30924116-Yihao_hotel-Shanghai.html,no.1085 huaying road  qingpu district,shanghai,-1,China,201700,-1,-1,-1,0.0,0.0,0.0,0.0,0.0,0.0,-1.0,
china_shanghai_plaza_royale_oriental_shanghai,plaza royale oriental shanghai,http://www.tripadvisor.com/ShowUserReviews-g308272-d1163658-r27884664-Plaza_Royale_Oriental_Shanghai-Shanghai.html,no.2288 pudong avenue  new pudong district,shanghai,-1,China,200136,-1,-1,2,5.0,5.0,3.5,2.0,4.0,0.0,3.9,
china_shanghai_jinjiang_inn_shanghai_pudong_airport,jinjiang inn shanghai pudong airport,http://www.tripadvisor.com/ShowUserReviews-g308272-d1050809-r39212663-Jinjiang_Inn_Shanghai_Pudong_Airport-Shanghai.html,no.8 qihang road  pudong international airport  pudong new district,shanghai,-1,China,201202,-1,-1,1,3.0,3.0,3.0,3.0,4.0,0.0,3.2,
china_shanghai_new_asia_hotel,new asia hotel,http://www.tripadvisor.com/ShowUserReviews-g308272-d303018-r44168076-New_Asia_Hotel-Shanghai.html,no.422 tiantong road  hongkou district,shanghai,-1,China,200085,-1,-1,36,3.1785714285714284,3.0714285714285716,2.607142857142857,3.5,3.142857142857143,0.0,3.1,
china_shanghai_home_inn_shanghai_ouyang,home inn shanghai ouyang,http://www.tripadvisor.com/ShowUserReviews-g308272-d1048721-r28989630-Home_Inn_Shanghai_Ouyang-Shanghai.html,no.69 jixiang road  hongkou district,shanghai,-1,China,200081,-1,-1,1,4.0,4.0,4.0,4.0,5.0,0.0,4.2,
china_shanghai_hanting_hotel_shanghai_yan_an_west_road,hanting hotel shanghai yan an west road,http://www.tripadvisor.com/ShowUserReviews-g308272-d1407785-r8234648-Hanting_Hotel_Shanghai_Yan_an_West_Road-Shanghai.html,no.1599 yan'an west road  changning district,shanghai,-1,China,200050,-1,-1,2,2.0,2.0,2.0,2.5,2.5,0.0,2.2,
china_shanghai_holiday_inn_express_meilong,holiday inn express meilong,http://www.tripadvisor.com/ShowUserReviews-g308272-d878427-r21690494-Holiday_Inn_Express_Meilong-Shanghai.html,no.2359 yindu road  minhang district,shanghai,-1,China,201108,-1,-1,2,5.0,4.5,4.5,4.5,4.5,0.0,4.6,
china_shanghai_barony_wanyuan_hotel,barony wanyuan hotel,http://www.tripadvisor.com/ShowUserReviews-g308272-d573010-r48802729-Barony_Wanyuan_Hotel-Shanghai.html,no.599 pudong avenue  pudong new district,shanghai,-1,China,200120,-1,-1,6,4.0,4.0,3.8333333333333335,3.6666666666666665,4.333333333333333,0.0,3.9666666666666663,
china_shanghai_hanting_express_shanghai_zhongshan_park,hanting express shanghai zhongshan park,http://www.tripadvisor.com/ShowUserReviews-g308272-d1234615-r23321901-Hanting_Express_Shanghai_Zhongshan_Park-Shanghai.html,no.155 wuyi road  changning district,shanghai,-1,China,200050,-1,-1,1,5.0,5.0,4.0,5.0,5.0,0.0,4.8,
china_shanghai_galaxy_hotel,galaxy hotel,http://www.tripadvisor.com/ShowUserReviews-g308272-d307402-r49636855-Galaxy_Hotel-Shanghai.html,no.888 zhongshan west road  changning district,shanghai,-1,China,200051,-1,-1,26,3.4761904761904763,3.4761904761904763,3.4285714285714284,3.1904761904761907,3.6666666666666665,0.0,3.4476190476190482,
china_shanghai_baolong_homelike_hotel_wusong,baolong homelike hotel wusong,http://www.tripadvisor.com/ShowUserReviews-g308272-d1048293-r42366081-Baolong_Homelike_Hotel_Wusong-Shanghai.html,55 yongqing road  baoshan district,shanghai,-1,China,200940,-1,-1,-1,0.0,0.0,0.0,0.0,0.0,0.0,-1.0,
china_shanghai_green_tree_inn_shanghai_zhoujiazui_road,green tree inn shanghai zhoujiazui road,http://www.tripadvisor.com/ShowUserReviews-g308272-d1407823-r30925521-Green_Tree_Inn_Shanghai_Zhoujiazui_Road-Shanghai.html,no.3036 zhoujiazui road  yangpu district,shanghai,-1,China,200090,-1,-1,-1,0.0,0.0,0.0,0.0,0.0,0.0,-1.0,
china_shanghai_guest_house_of_usst,guest house of usst,http://www.tripadvisor.com/ShowUserReviews-g308272-d1447202-r30925256-Guest_House_of_USST-Shanghai.html,no.400-20 fuxing road  yangpu district,shanghai,-1,China,200023,-1,-1,-1,0.0,0.0,0.0,0.0,0.0,0.0,-1.0,
china_shanghai_home_inn_shanghai_tangqiao_dongfang,home inn shanghai tangqiao dongfang,http://www.tripadvisor.com/ShowUserReviews-g308272-d1464577-r46445544-Home_Inn_Shanghai_Tangqiao_Dongfang-Shanghai.html,no.601 eshan road  pudong new district,shanghai,-1,China,200127,-1,-1,-1,0.0,0.0,0.0,0.0,0.0,0.0,-1.0,
china_shanghai_jinjiang_inn_shanghai_baoshan_shengqiao,jinjiang inn shanghai baoshan shengqiao,http://www.tripadvisor.com/ShowUserReviews-g308272-d1050877-r31307550-Jinjiang_Inn_Shanghai_Baoshan_Shengqiao-Shanghai.html,no.3 lane 5575  yunchuan road  baoshan district,shanghai,-1,China,200942,-1,-1,-1,0.0,0.0,0.0,0.0,0.0,0.0,-1.0,
china_shanghai_minya_hotel,minya hotel,http://www.tripadvisor.com/ShowUserReviews-g308272-d1464564-r50254222-Minya_Hotel-Shanghai.html,no.500 gushan road  pudong new district,shanghai,-1,China,200233,-1,-1,-1,0.0,0.0,0.0,0.0,0.0,0.0,-1.0,
china_shanghai_motel_168_shanghai_sinan_road,motel 168 shanghai sinan road,http://www.tripadvisor.com/ShowUserReviews-g308272-d1308444-r30925028-Motel_168_Shanghai_Sinan_Road-Shanghai.html,no.113 sinan road,shanghai,-1,China,200023,-1,-1,-1,0.0,0.0,0.0,0.0,0.0,0.0,-1.0,
china_shanghai_shanghai_dazhong_merrylin_hotel,shanghai dazhong merrylin hotel,http://www.tripadvisor.com/ShowUserReviews-g308272-d1409684-r30924771-Shanghai_Dazhong_Merrylin_Hotel-Shanghai.html,no.699 wuzhong road  minhang district,shanghai,-1,China,201101,-1,-1,-1,0.0,0.0,0.0,0.0,0.0,0.0,-1.0,
china_shanghai_motel_168_shanghai_siping_road,motel 168 shanghai siping road,http://www.tripadvisor.com/ShowUserReviews-g308272-d1050517-r46445596-Motel_168_Shanghai_Siping_Road-Shanghai.html,no.333 siping road  hongkou district,shanghai,-1,China,200081,-1,-1,-1,0.0,0.0,0.0,0.0,0.0,0.0,-1.0,
china_shanghai_celebrity_garden_hotel,celebrity garden hotel,http://www.tripadvisor.com/ShowUserReviews-g308272-d307374-r49549825-Celebrity_Garden_Hotel-Shanghai.html,no.2988 zhangyang road  pudong new district,shanghai,-1,China,200135,-1,-1,-1,0.0,0.0,0.0,0.0,0.0,0.0,-1.0,
china_shanghai_washington_business_hotel,washington business hotel,http://www.tripadvisor.com/ShowUserReviews-g308272-d1402360-r49934473-Washington_Business_Hotel-Shanghai.html,no.3246 zhoujiazui road  yangpu district,shanghai,-1,China,200082,-1,-1,-1,0.0,0.0,0.0,0.0,0.0,0.0,-1.0,
china_shanghai_joyfull_international_hotel,joyfull international hotel,http://www.tripadvisor.com/ShowUserReviews-g308272-d1405592-r45271287-Joyfull_International_Hotel-Shanghai.html,no.16 huayuan road  hongkou district,shanghai,-1,China,-1,-1,-1,1,3.0,3.0,4.0,3.0,4.0,0.0,3.4,
china_shanghai_ascott_pudong,ascott pudong,http://www.tripadvisor.com/ShowUserReviews-g308272-d574858-r31471189-Ascott_Pudong-Shanghai.html,no.3 pudong avenue  pudongxin district,shanghai,-1,China,200085,-1,-1,8,4.5,4.75,4.5,3.5,4.0,0.0,4.25,
china_shanghai_motel_yotel_qq_shanghai_yushan,motel yotel qq shanghai yushan,http://www.tripadvisor.com/ShowUserReviews-g308272-d1220209-r38738457-Motel_Yotel_QQ_Shanghai_Yushan-Shanghai.html,no.166 yushan road  pudong district,shanghai,-1,China,200135,-1,-1,1,5.0,4.0,3.0,3.0,5.0,0.0,4.0,
china_shanghai_astronautics_hotel,astronautics hotel,http://www.tripadvisor.com/ShowUserReviews-g308272-d307369-r30925573-Astronautics_Hotel-Shanghai.html,no.222 caoxi road   xu hui district,shanghai,-1,China,200233,-1,-1,-1,0.0,0.0,0.0,0.0,0.0,0.0,-1.0,
china_shanghai_green_tree_inn_shanghai_huadong,green tree inn shanghai huadong,http://www.tripadvisor.com/ShowUserReviews-g308272-d1407819-r30925092-Green_Tree_Inn_Shanghai_Huadong-Shanghai.html,no.80-251 zaoyang road  putuo district,shanghai,-1,China,200062,-1,-1,-1,0.0,0.0,0.0,0.0,0.0,0.0,-1.0,
china_shanghai_home_inn_shanghai_dabaishu,home inn shanghai dabaishu,http://www.tripadvisor.com/ShowUserReviews-g308272-d1048847-r30924868-Home_Inn_Shanghai_Dabaishu-Shanghai.html,no.848 xinshi south road  hongkou district,shanghai,-1,China,200434,-1,-1,-1,0.0,0.0,0.0,0.0,0.0,0.0,-1.0,
china_shanghai_home_inn_shanghai_zha_bei_park,home inn shanghai zha bei park,http://www.tripadvisor.com/ShowUserReviews-g308272-d611586-r30924889-Home_Inn_Shanghai_Zha_Bei_Park-Shanghai.html,no.518 liuying road  zhabei district,shanghai,-1,China,200700,-1,-1,-1,0.0,0.0,0.0,0.0,0.0,0.0,-1.0,
china_shanghai_liston_hotel,liston hotel,http://www.tripadvisor.com/ShowUserReviews-g308272-d1050898-r30924329-Liston_Hotel-Shanghai.html,no.610 lane 900  north sanxin road  songjiang district,shanghai,-1,China,201620,-1,-1,-1,0.0,0.0,0.0,0.0,0.0,0.0,-1.0,
china_shanghai_min_hang_hotel,min hang hotel,http://www.tripadvisor.com/ShowUserReviews-g308272-d630109-r30924530-Min_Hang_Hotel-Shanghai.html,202 lanping road  minhang district,shanghai,-1,China,200240,-1,-1,-1,0.0,0.0,0.0,0.0,0.0,0.0,-1.0,
china_shanghai_warner_inn_style,warner inn style,http://www.tripadvisor.com/ShowUserReviews-g308272-d1368278-r30915034-Warner_Inn_Style-Shanghai.html,no.1733 lianhua road,shanghai,-1,China,201103,-1,-1,-1,0.0,0.0,0.0,0.0,0.0,0.0,-1.0,
china_shanghai_shengtiandi_service_apartment,shengtiandi service apartment,http://www.tripadvisor.com/ShowUserReviews-g308272-d1447130-r30924593-Shengtiandi_Service_Apartment-Shanghai.html,no.1145 jiangning road  jing'an district,shanghai,-1,China,200040,-1,-1,-1,0.0,0.0,0.0,0.0,0.0,0.0,-1.0,
china_shanghai_highsure_hotel,highsure hotel,http://www.tripadvisor.com/ShowUserReviews-g308272-d652906-r22229891-Highsure_Hotel-Shanghai.html,no.368 hongxu road  minxing district,shanghai,-1,China,201103,-1,-1,2,4.5,4.5,4.5,3.5,5.0,0.0,4.4,
china_shanghai_home_inn_shanghai_wuning_road,home inn shanghai wuning road,http://www.tripadvisor.com/ShowUserReviews-g308272-d1412294-r49033526-Home_Inn_Shanghai_Wuning_Road-Shanghai.html,no.918 wuning road  putuo district,shanghai,-1,China,200063,-1,-1,-1,0.0,0.0,0.0,0.0,0.0,0.0,-1.0,
china_shanghai_bund_garden_hotel,bund garden hotel,http://www.tripadvisor.com/ShowUserReviews-g308272-d1070078-r34032532-Bund_Garden_Hotel-Shanghai.html,no.200 hankou road  huangpu district,shanghai,-1,China,200002,-1,-1,3,4.333333333333333,4.0,3.0,4.0,3.0,0.0,3.6666666666666665,
china_shanghai_bodi_boutique_hotel,bodi boutique hotel,http://www.tripadvisor.com/ShowUserReviews-g308272-d1440316-r39438971-Bodi_Boutique_Hotel-Shanghai.html,no.1255 longyang road  pudong new district,shanghai,-1,China,200127,-1,-1,-1,0.0,0.0,0.0,0.0,0.0,0.0,-1.0,
china_shanghai_garden_avenue_hotel,garden avenue hotel,http://www.tripadvisor.com/ShowUserReviews-g308272-d671505-r41037039-Garden_Avenue_Hotel-Shanghai.html,no.689 old humin road  xuhui district,shanghai,-1,China,200237,-1,-1,-1,0.0,0.0,0.0,0.0,0.0,0.0,-1.0,
china_shanghai_delight_pacific_suites_ladoll_shanghai,delight pacific suites ladoll shanghai,http://www.tripadvisor.com/ShowUserReviews-g308272-d628354-r27068826-Delight_Pacific_Suites_Ladoll_Shanghai-Shanghai.html,no.831 xinzha road  jingan district shanghai china,shanghai,-1,China,200041,-1,-1,1,5.0,4.0,3.0,3.0,5.0,0.0,4.0,
china_shanghai_four_points_by_sheraton_shanghai,four points by sheraton shanghai,http://www.tripadvisor.com/ShowUserReviews-g308272-d1400679-r50316929-Four_Points_by_Sheraton_Shanghai-Shanghai.html,no.2111 pudong south road,shanghai,-1,China,200127,-1,-1,17,4.25,3.9166666666666665,3.0833333333333335,2.4166666666666665,3.5,0.0,3.4333333333333327,
china_shanghai_days_hotel_shanghai,days hotel shanghai,http://www.tripadvisor.com/ShowUserReviews-g308272-d634411-r39299751-Days_Hotel_Shanghai-Shanghai.html,no.1558 zhongxing road,shanghai,-1,China,200070,-1,-1,11,4.0,3.5,3.75,2.25,3.25,0.0,3.35,
china_shanghai_utels_shanghai_wuning,utels shanghai wuning,http://www.tripadvisor.com/ShowUserReviews-g308272-d607464-r37545817-Utels_Shanghai_Wuning-Shanghai.html,no.50  lane 300  wuning road  putuo district,shanghai,-1,China,200235,-1,-1,8,3.857142857142857,3.7142857142857144,3.7142857142857144,2.4285714285714284,4.571428571428571,0.0,3.657142857142857,
china_shanghai_home_inn_shanghai_damuqiao,home inn shanghai damuqiao,http://www.tripadvisor.com/ShowUserReviews-g308272-d1048719-r48228071-Home_Inn_Shanghai_Damuqiao-Shanghai.html,no.65 qingzhen road  xuhui district,shanghai,-1,China,200032,-1,-1,-1,0.0,0.0,0.0,0.0,0.0,0.0,-1.0,
china_shanghai_hanting_express_shanghai_nandan_road,hanting express shanghai nandan road,http://www.tripadvisor.com/ShowUserReviews-g308272-d1051319-r47542683-Hanting_Express_Shanghai_Nandan_Road-Shanghai.html,no.111 nandan east road  xuhui district,shanghai,-1,China,200030,-1,-1,-1,0.0,0.0,0.0,0.0,0.0,0.0,-1.0,
china_shanghai_white_mansion_hotel,white mansion hotel,http://www.tripadvisor.com/ShowUserReviews-g308272-d1051906-r47964187-White_Mansion_Hotel-Shanghai.html,no.1755 sichuan north road  hongkou district,shanghai,-1,China,200081,-1,-1,2,2.5,2.0,3.0,2.5,2.0,0.0,2.4,
china_shanghai_7_days_inn_shanghai_east_china_normal_university,7 days inn shanghai east china normal university,http://www.tripadvisor.com/ShowUserReviews-g308272-d1402289-r37550297-7_Days_Inn_Shanghai_East_China_Normal_University-Shanghai.html,no.3636 zhongshan north road  putuo district,shanghai,-1,China,200063,-1,-1,-1,0.0,0.0,0.0,0.0,0.0,0.0,-1.0,
china_shanghai_hanting_express_shanghai_maoming_road,hanting express shanghai maoming road,http://www.tripadvisor.com/ShowUserReviews-g308272-d1052729-r30921968-Hanting_Express_Shanghai_Maoming_Road-Shanghai.html,no.8 maoming south road  luwan district,shanghai,-1,China,200020,-1,-1,-1,0.0,0.0,0.0,0.0,0.0,0.0,-1.0,
china_shanghai_rujin_hotel_taiyuan_villa,rujin hotel taiyuan villa,http://www.tripadvisor.com/ShowUserReviews-g308272-d1027829-r30914871-Rujin_Hotel_Taiyuan_Villa-Shanghai.html,no.160 taiyuan road,shanghai,-1,China,200000,-1,-1,-1,0.0,0.0,0.0,0.0,0.0,0.0,-1.0,
china_shanghai_tongji_reception_house,tongji reception house,http://www.tripadvisor.com/ShowUserReviews-g308272-d1048569-r37345136-Tongji_Reception_House-Shanghai.html,no.69 zhangwu road  yangpu district,shanghai,-1,China,200092,-1,-1,-1,0.0,0.0,0.0,0.0,0.0,0.0,-1.0,
china_shanghai_shanghai_olympic_club_hotel,shanghai olympic club hotel,http://www.tripadvisor.com/ShowUserReviews-g308272-d307552-r39451201-Shanghai_Olympic_Club_Hotel-Shanghai.html,no.1800 south second zhongshan road   xuhui district,shanghai,-1,China,200030,-1,-1,3,4.0,4.0,3.3333333333333335,4.333333333333333,4.0,0.0,3.9333333333333336,
china_shanghai_beining_hotel,beining hotel,http://www.tripadvisor.com/ShowUserReviews-g308272-d1048466-r38947509-Beining_Hotel-Shanghai.html,1033 liuying road  zhabei district,shanghai,-1,China,200070,-1,-1,-1,0.0,0.0,0.0,0.0,0.0,0.0,-1.0,
china_shanghai_radisson_hotel_shanghai_hong_quan,radisson hotel shanghai hong quan,http://www.tripadvisor.com/ShowUserReviews-g308272-d1162782-r47160338-Radisson_Hotel_Shanghai_Hong_Quan-Shanghai.html,no.210 taopu road  putuo district,shanghai,-1,China,200333,-1,-1,2,5.0,5.0,4.5,3.0,3.0,0.0,4.1,
china_shanghai_best_western_shanghai_ruite_hotel,best western shanghai ruite hotel,http://www.tripadvisor.com/ShowUserReviews-g308272-d581952-r47518970-Best_Western_Shanghai_Ruite_Hotel-Shanghai.html,no.1888 yishan road  minhang district,shanghai,-1,China,201103,-1,-1,3,4.0,3.0,3.5,2.5,4.0,0.0,3.4,
china_shanghai_ramada_shanghai_wujiaochang,ramada shanghai wujiaochang,http://www.tripadvisor.com/ShowUserReviews-g308272-d1235846-r48965256-Ramada_Shanghai_Wujiaochang-Shanghai.html,no.1888 huangxing road  yangpu district,shanghai,-1,China,200433,-1,-1,2,4.5,4.0,3.0,3.5,4.0,0.0,3.8,
china_shanghai_a8_hotel_shanghai_qibao,a8 hotel shanghai qibao,http://www.tripadvisor.com/ShowUserReviews-g308272-d1407648-r39819780-A8_Hotel_Shanghai_Qibao-Shanghai.html,no.7 wubao road  minxing district,shanghai,-1,China,201103,-1,-1,-1,0.0,0.0,0.0,0.0,0.0,0.0,-1.0,
china_shanghai_home_inn_shanghai_fudan,home inn shanghai fudan,http://www.tripadvisor.com/ShowUserReviews-g308272-d1239257-r45784751-Home_Inn_Shanghai_Fudan-Shanghai.html,no.100 handan road  yangpu district,shanghai,-1,China,200433,-1,-1,-1,0.0,0.0,0.0,0.0,0.0,0.0,-1.0,
china_shanghai_jinjiang_inn_shanghai_jujin_road,jinjiang inn shanghai jujin road,http://www.tripadvisor.com/ShowUserReviews-g308272-d1402357-r44649006-Jinjiang_Inn_Shanghai_Jujin_Road-Shanghai.html,no.389 jujin road  pudong new area,shanghai,-1,China,200120,-1,-1,-1,0.0,0.0,0.0,0.0,0.0,0.0,-1.0,
china_shanghai_lexington_plaza_mingde_shanghai,lexington plaza mingde shanghai,http://www.tripadvisor.com/ShowUserReviews-g308272-d1147605-r43770243-Lexington_Plaza_Mingde_Shanghai-Shanghai.html,no.558 xizang north road,shanghai,-1,China,200071,-1,-1,4,4.5,4.5,3.25,4.0,4.25,0.0,4.1,
china_shanghai_house_inn_shanghai_caobao_road,house inn shanghai caobao road,http://www.tripadvisor.com/ShowUserReviews-g308272-d583096-r14724372-House_Inn_Shanghai_Caobao_Road-Shanghai.html,no.275 guiping road  xuhui district,shanghai,-1,China,200233,-1,-1,11,4.75,4.0,4.25,4.5,4.25,0.0,4.35,
china_shanghai_jinjiang_inn_shanghai_pudong_airport_second,jinjiang inn shanghai pudong airport second,http://www.tripadvisor.com/ShowUserReviews-g308272-d1050605-r50477920-Jinjiang_Inn_Shanghai_Pudong_Airport_Second-Shanghai.html,no.850 airport avenue  pudong international airport  pudong new district,shanghai,-1,China,201202,-1,-1,-1,0.0,0.0,0.0,0.0,0.0,0.0,-1.0,
